id_municipio,municipio,sigla_uf,regiao,populacao,area_km2,pib_mil_reais,vab_agropecuaria,vab_industria,vab_servicos,vab_adm_publica
1100015,Alta Floresta D'Oeste,RO,Norte,22516,7067.127,734467,311469,27845,172435,173122
1100023,Ariquemes,RO,Norte,111148,4426.571,3211294,293001,407675,1307977,782306
1100031,Cabixi,RO,Norte,5067,1314.352,238414,136659,8117,35866,46579
1100049,Cacoal,RO,Norte,86416,3793.0,2792506,341315,236801,1200654,629109
1100056,Cerejeiras,RO,Norte,16088,2783.3,743062,151690,27433,308668,123365
1100064,Colorado do Oeste,RO,Norte,15213,1451.06,424846,123524,28827,124601,114881
1100072,Corumbiara,RO,Norte,7052,3060.321,396740,260728,14014,45392,60535
1100080,Costa Marques,RO,Norte,19255,4987.177,316672,116783,6683,53392,128057
1100098,Espigão D'Oeste,RO,Norte,33009,4518.038,773372,202434,54682,221162,217511
1100106,Guajará-Mirim,RO,Norte,46930,24856.877,1054255,77442,40538,436344,319235
1100114,Jaru,RO,Norte,51469,2944.128,1764718,280711,177623,688455,379860
1100122,Ji-Paraná,RO,Norte,131026,6896.649,4230355,206345,502238,1926052,876139
1100130,Machadinho D'Oeste,RO,Norte,41724,8509.27,890319,352193,34663,174794,275753
1100148,Nova Brasilândia D'Oeste,RO,Norte,20504,1703.008,549853,228451,25505,114551,142582
1100155,Ouro Preto do Oeste,RO,Norte,35445,1969.85,986046,216209,71311,352572,249016
1100189,Pimenta Bueno,RO,Norte,37098,6241.016,1642621,297492,207693,550816,280779
1100205,Porto Velho,RO,Norte,548952,34090.952,20056138,1041285,4625035,7555290,3983359
1100254,Presidente Médici,RO,Norte,18165,1758.465,560210,183438,50710,140128,134437
1100262,Rio Crespo,RO,Norte,3843,1717.64,184428,115354,7564,18756,36557
1100288,Rolim de Moura,RO,Norte,55748,1457.811,1565241,194673,171674,606268,411623
1100296,Santa Luzia D'Oeste,RO,Norte,5942,1197.796,213590,106980,13083,33188,51633
1100304,Vilhena,RO,Norte,104517,11699.15,4215442,674880,369206,1712252,777252
1100320,São Miguel do Guaporé,RO,Norte,23147,7460.117,905341,381639,82318,199588,176034
1100338,Nova Mamoré,RO,Norte,32184,10070.49,742686,344263,21481,129299,214672
1100346,Alvorada D'Oeste,RO,Norte,13807,3029.189,352630,147689,11553,72543,104853
1100379,Alto Alegre dos Parecis,RO,Norte,13268,3958.273,483672,277664,18507,63694,103294
1100403,Alto Paraíso,RO,Norte,22258,2651.822,510740,185477,24384,119576,148951
1100452,Buritis,RO,Norte,41043,3265.809,966556,336953,35156,248229,272916
1100502,Novo Horizonte do Oeste,RO,Norte,8125,843.446,231501,106736,12106,40100,61438
1100601,Cacaulândia,RO,Norte,6307,1961.778,275338,194610,3288,22239,47544
1100700,Campo Novo de Rondônia,RO,Norte,14391,3442.005,369127,204767,15949,32157,105266
1100809,Candeias do Jamari,RO,Norte,28068,6843.868,655569,141452,133643,138507,204882
1100908,Castanheiras,RO,Norte,2923,892.841,99627,56909,2351,8867,28281
1100924,Chupinguaia,RO,Norte,11755,5126.723,468793,224569,44525,70952,102007
1100940,Cujubim,RO,Norte,27131,3863.946,487756,153670,44087,84329,179118
1101005,Governador Jorge Teixeira,RO,Norte,7130,5067.384,239331,146346,5056,22483,57878
1101104,Itapuã do Oeste,RO,Norte,10819,4081.58,209927,65085,14563,39827,79560
1101203,Ministro Andreazza,RO,Norte,9461,798.083,297876,132934,14076,59932,69320
1101302,Mirante da Serra,RO,Norte,10691,1191.875,262627,85084,14248,71351,75075
1101401,Monte Negro,RO,Norte,16158,1931.378,389781,153360,23162,76036,116303
1101435,Nova União,RO,Norte,6822,807.125,157321,82596,3240,16675,48987
1101450,Parecis,RO,Norte,6319,2548.683,155430,85286,3441,13907,47707
1101468,Pimenteiras do Oeste,RO,Norte,2127,6014.733,246209,178073,8909,24663,26359
1101476,Primavera de Rondônia,RO,Norte,2697,605.692,107030,62242,2158,10663,28333
1101484,São Felipe D'Oeste,RO,Norte,4962,541.647,130675,62311,3163,18618,40952
1101492,São Francisco do Guaporé,RO,Norte,21088,10948.593,488141,203490,17335,95719,142430
1101500,Seringueiras,RO,Norte,11846,3773.505,332986,147309,11108,61163,89980
1101559,Teixeirópolis,RO,Norte,4160,459.978,121304,62959,3839,15260,34222
1101609,Theobroma,RO,Norte,10348,2197.413,257436,140069,5760,23489,79582
1101708,Urupá,RO,Norte,11081,831.857,273505,110938,9244,54174,85571
1101757,Vale do Anari,RO,Norte,11545,3135.106,220948,93455,6693,27970,84100
1101807,Vale do Paraíso,RO,Norte,6490,965.676,185648,100039,4130,20871,53871
1200013,Acrelândia,AC,Norte,15721,1811.613,398725,157858,13439,91389,114911
1200054,Assis Brasil,AC,Norte,7649,4979.073,133916,44810,3944,20601,61986
1200104,Brasiléia,AC,Norte,27123,3928.174,685636,185724,45440,171335,203112
1200138,Bujari,AC,Norte,10572,3034.869,300830,168856,8391,36998,81806
1200179,Capixaba,AC,Norte,12280,1705.824,512353,342298,13142,52997,94528
1200203,Cruzeiro do Sul,AC,Norte,89760,8783.47,2058630,100357,167725,900140,696402
1200252,Epitaciolândia,AC,Norte,18979,1652.674,644542,160895,22540,246925,143215
1200302,Feijó,AC,Norte,34986,27976.874,567040,172858,24431,103190,248872
1200328,Jordão,AC,Norte,8628,5357.227,113975,21977,2460,14031,73684
1200336,Mâncio Lima,AC,Norte,19643,5451.617,269205,53381,13659,48626,147682
1200344,Manoel Urbano,AC,Norte,9701,10630.6,184904,55704,11432,33663,74979
1200351,Marechal Thaumaturgo,AC,Norte,19727,8190.953,256865,56419,5964,29458,161583
1200385,Plácido de Castro,AC,Norte,20147,1952.555,601471,309366,17444,98405,149486
1200393,Porto Walter,AC,Norte,12497,6446.385,160535,25573,4314,22836,104988
1200401,Rio Branco,AC,Norte,419452,8835.154,10955675,464933,880534,5153657,2949436
1200427,Rodrigues Alves,AC,Norte,19767,3076.342,255649,55116,7342,31896,158224
1200435,Santa Rosa do Purus,AC,Norte,6893,6155.858,108545,25745,2260,14094,64913
1200450,Senador Guiomard,AC,Norte,23446,2320.169,779672,391220,30582,150418,175830
1200500,Sena Madureira,AC,Norte,47168,23759.512,748094,209649,36344,153428,322724
1200609,Tarauacá,AC,Norte,43730,20169.485,711884,176339,23416,158432,322737
1200708,Xapuri,AC,Norte,19866,5350.586,454981,199221,23433,69331,142223
1200807,Porto Acre,AC,Norte,19141,2604.417,471315,259571,13578,50907,139960
1300029,Alvarães,AM,Norte,16396,5923.461,217333,66407,10232,32276,104372
1300060,Amaturá,AM,Norte,11934,4754.109,118872,13548,5177,19564,77746
1300086,Anamã,AM,Norte,14292,2446.121,138599,36624,6641,20014,72410
1300102,Anori,AM,Norte,21937,6036.38,248435,83155,10307,33233,115607
1300144,Apuí,AM,Norte,22739,54240.545,297810,84456,24728,59992,113589
1300201,Atalaia do Norte,AM,Norte,20868,76507.617,184947,26576,5316,25013,123689
1300300,Autazes,AM,Norte,41005,7652.852,506341,118724,31985,95443,238317
1300409,Barcelos,AM,Norte,27772,122461.086,245622,31862,19069,41809,146400
1300508,Barreirinha,AM,Norte,32919,5751.765,344890,52171,16600,57523,208090
1300607,Benjamin Constant,AM,Norte,44873,8705.441,388781,36799,24291,64580,251028
1300631,Beruri,AM,Norte,20503,17472.779,211871,26467,10112,38303,129777
1300680,Boa Vista do Ramos,AM,Norte,20040,2589.407,182412,25810,9165,30379,112933
1300706,Boca do Acre,AM,Norte,34958,21938.583,512796,121255,53417,115369,189778
1300805,Borba,AM,Norte,42328,44236.184,402131,52628,19865,74601,240084
1300839,Caapiranga,AM,Norte,13482,9455.539,177894,52504,8137,26900,86565
1300904,Canutama,AM,Norte,15981,33642.732,154316,23312,6976,26297,93398
1301001,Carauari,AM,Norte,28719,25778.658,370663,98427,23989,80012,151406
1301100,Careiro,AM,Norte,38820,6096.212,395194,60821,35814,70459,212448
1301159,Careiro da Várzea,AM,Norte,31459,2627.474,413374,193978,15110,35050,163698
1301209,Coari,AM,Norte,86713,57970.768,3380325,113910,2000961,615253,536328
1301308,Codajás,AM,Norte,29691,18700.713,531995,299133,18840,49138,155828
1301407,Eirunepé,AM,Norte,36121,14966.242,568036,248976,20731,77825,204939
1301506,Envira,AM,Norte,20748,7505.794,215527,45372,9556,38934,114651
1301605,Fonte Boa,AM,Norte,16409,12155.427,222773,28885,14195,44172,127121
1301654,Guajará,AM,Norte,17193,7583.534,177320,31779,7128,29220,105025
1301704,Humaitá,AM,Norte,57195,33111.129,860168,183793,77643,254811,283061
1301803,Ipixuna,AM,Norte,31172,12109.779,216519,16713,7758,32395,153569
1301852,Iranduba,AM,Norte,49718,2216.817,1001862,303362,123196,211279,305723
1301902,Itacoatiara,AM,Norte,104046,8891.906,2350463,465661,182494,926007,576311
1301951,Itamarati,AM,Norte,7777,25260.429,135620,42944,6481,23317,59016
1302009,Itapiranga,AM,Norte,9312,4335.075,152509,40382,9291,31591,64054
1302108,Japurá,AM,Norte,1755,55827.203,85809,16663,6036,21850,37323
1302207,Juruá,AM,Norte,15495,19442.548,138074,21456,6747,20685,85089
1302306,Jutaí,AM,Norte,13462,69457.415,266377,77531,14842,52066,114027
1302405,Lábrea,AM,Norte,47685,68262.68,625198,234934,25787,106796,233508
1302504,Manacapuru,AM,Norte,99613,7336.579,1544675,409121,142289,368854,552761
1302553,Manaquiri,AM,Norte,33981,3973.258,311335,93213,14926,33242,162980
1302603,Manaus,AM,Norte,2255903,11401.092,103281400,201067,37697008,33086569,11279398
1302702,Manicoré,AM,Norte,57405,48315.038,686279,184244,41056,128373,303518
1302801,Maraã,AM,Norte,18298,16830.827,176217,18701,7817,25730,119439
1302900,Maués,AM,Norte,66159,39991.066,595826,67607,36746,119688,344043
1303007,Nhamundá,AM,Norte,21710,14107.04,207005,27468,9860,41754,119447
1303106,Nova Olinda do Norte,AM,Norte,38665,5578.132,341652,39757,20971,57933,207200
1303205,Novo Airão,AM,Norte,20395,37776.77,186533,8945,12583,40621,117357
1303304,Novo Aripuanã,AM,Norte,26443,41179.656,252422,56186,15549,39474,133342
1303403,Parintins,AM,Norte,116439,5956.047,1426972,290479,92451,358496,594533
1303502,Pauini,AM,Norte,19616,41624.664,199541,37032,7531,32920,116553
1303536,Presidente Figueiredo,AM,Norte,38095,25459.099,1031905,95259,433687,193115,266748
1303569,Rio Preto da Eva,AM,Norte,34856,5815.622,407146,87222,40821,77029,175770
1303601,Santa Isabel do Rio Negro,AM,Norte,26566,62800.078,185817,17853,6116,25474,131235
1303700,Santo Antônio do Içá,AM,Norte,20889,12366.214,237314,26918,12934,46551,139600
1303809,São Gabriel da Cachoeira,AM,Norte,47031,109192.562,423055,25902,25536,92872,258741
1303908,São Paulo de Olivença,AM,Norte,40837,19658.502,334131,36480,13703,50083,225717
1303957,São Sebastião do Uatumã,AM,Norte,14678,10647.463,136609,20958,6871,24321,80211
1304005,Silves,AM,Norte,9289,3723.382,175042,58572,20700,23226,64096
1304062,Tabatinga,AM,Norte,68502,3260.103,758035,20271,50521,227285,396660
1304104,Tapauá,AM,Norte,16876,84946.035,239944,59592,11911,40964,119939
1304203,Tefé,AM,Norte,59250,23692.223,1098392,191608,227130,249041,383685
1304237,Tonantins,AM,Norte,19038,6446.894,185410,13062,7589,33007,125811
1304260,Uarini,AM,Norte,13839,10274.677,229209,81996,10923,39394,88152
1304302,Urucará,AM,Norte,16007,27901.962,205656,51040,10449,37696,99414
1304401,Urucurituba,AM,Norte,24098,2886.494,232661,34164,12699,43384,134010
1400027,Amajari,RR,Norte,13561,28473.45,240826,62983,10213,21938,142661
1400050,Alto Alegre,RR,Norte,15249,25454.297,385507,146585,14739,49570,167566
1400100,Boa Vista,RR,Norte,436591,5687.037,13493364,190928,1306705,5625759,4791543
1400159,Bonfim,RR,Norte,12701,8079.914,522405,274520,22091,70215,147193
1400175,Cantá,RR,Norte,19257,7664.831,353071,58180,19723,38823,205700
1400209,Caracaraí,RR,Norte,22635,47379.903,453298,68071,22712,89620,253062
1400233,Caroebe,RR,Norte,10595,12065.896,236788,73570,6607,33952,116439
1400282,Iracema,RR,Norte,12637,14011.695,208477,38618,5929,24505,135327
1400308,Mucajaí,RR,Norte,18482,12337.851,393852,70846,19885,81159,199048
1400407,Normandia,RR,Norte,11772,6959.868,202859,39996,6997,21175,131585
1400456,Pacaraima,RR,Norte,20108,8025.045,329092,10378,12128,60785,222588
1400472,Rorainópolis,RR,Norte,31387,33579.739,732356,104178,42449,161711,352449
1400506,São João da Baliza,RR,Norte,8492,4284.505,327768,43138,36302,51109,95076
1400605,São Luiz do Anauá,RR,Norte,8232,1526.898,178972,43740,7046,25916,92071
1400704,Uiramutã,RR,Norte,11014,8113.598,143945,8657,2202,12598,118438
1500107,Abaetetuba,PA,Norte,160439,1610.654,1947974,272103,73614,754091,669460
1500131,Abel Figueiredo,PA,Norte,7536,614.131,105404,27211,9394,24584,36359
1500206,Acará,PA,Norte,55744,4344.384,1432521,904959,58472,130251,312427
1500305,Afuá,PA,Norte,39910,8338.438,443759,174162,20307,46161,191039
1500347,Água Azul do Norte,PA,Norte,27797,7113.955,642853,239536,123807,63707,123699
1500404,Alenquer,PA,Norte,57390,23645.452,744811,302185,24521,135246,258088
1500503,Almeirim,PA,Norte,34044,72954.798,687773,88297,217294,118064,197239
1500602,Altamira,PA,Norte,117320,159533.306,3118777,429744,443280,1337527,569189
1500701,Anajás,PA,Norte,30091,6913.64,258574,38552,7907,37951,159539
1500800,Ananindeua,PA,Norte,540410,190.581,8937579,13285,1035308,4679395,1832303
1500859,Anapu,PA,Norte,29312,11895.27,587647,235104,22728,140246,146742
1500909,Augusto Corrêa,PA,Norte,46937,1099.619,363265,67396,12548,56528,214921
1500958,Aurora do Pará,PA,Norte,32200,1811.84,308260,88250,9606,47400,152011
1501006,Aveiro,PA,Norte,16421,17074.053,151776,49842,8055,12919,78064
1501105,Bagre,PA,Norte,31967,4397.321,250290,85696,6399,23118,130826
1501204,Baião,PA,Norte,49454,3759.834,561719,265131,15613,63199,207563
1501253,Bannach,PA,Norte,3239,2956.649,128925,90753,1598,10288,23317
1501303,Barcarena,PA,Norte,129333,1310.338,9242378,181646,4694445,1468235,621746
1501402,Belém,PA,Norte,1506420,1059.466,33567695,99129,3549132,17773251,5803063
1501451,Belterra,PA,Norte,17944,4398.418,236958,86223,10156,40823,90301
1501501,Benevides,PA,Norte,64780,187.826,1986152,12266,438114,793918,274896
1501576,Bom Jesus do Tocantins,PA,Norte,17254,2816.604,243654,90328,7004,48030,86732
1501600,Bonito,PA,Norte,16769,586.976,206570,27274,53344,25631,64369
1501709,Bragança,PA,Norte,130122,2124.734,1388411,185795,72589,465163,552596
1501725,Brasil Novo,PA,Norte,14883,6362.575,379575,161865,16464,90037,82057
1501758,Brejo Grande do Araguaia,PA,Norte,7357,1288.477,114974,44232,3057,22069,40018
1501782,Breu Branco,PA,Norte,68597,3941.904,793768,127550,159443,149724,278493
1501808,Breves,PA,Norte,104280,9566.572,892630,59887,32532,230633,509798
1501907,Bujaru,PA,Norte,29717,994.691,536456,325587,21013,52242,127889
1501956,Cachoeira do Piriá,PA,Norte,35307,2419.6,227354,43547,6326,28275,143594
1502004,Cachoeira do Arari,PA,Norte,24355,3100.261,255901,94533,7759,36136,108167
1502103,Cametá,PA,Norte,140814,3081.367,1392449,428678,40086,271023,595046
1502152,Canaã dos Carajás,PA,Norte,39103,3146.821,34987915,111001,30877677,3066193,407859
1502202,Capanema,PA,Norte,69828,621.483,1426639,144331,131410,669788,275295
1502301,Capitão Poço,PA,Norte,54545,2901.026,615256,131840,35337,169179,236972
1502400,Castanhal,PA,Norte,205667,1029.3,4707381,140846,642750,2195153,890523
1502509,Chaves,PA,Norte,24175,12534.995,247974,111397,3192,14002,117089
1502608,Colares,PA,Norte,12175,384.068,100826,20699,2830,16834,57902
1502707,Conceição do Araguaia,PA,Norte,48115,5829.482,662415,143289,30239,232425,200828
1502756,Concórdia do Pará,PA,Norte,34236,700.59,419795,110682,17552,93544,169625
1502764,Cumaru do Norte,PA,Norte,14044,17085.001,406772,267034,7679,52184,64964
1502772,Curionópolis,PA,Norte,17764,2369.096,3666991,108750,3061776,337557,109867
1502806,Curralinho,PA,Norte,35530,3617.252,282042,56014,6512,34762,178403
1502855,Curuá,PA,Norte,14776,1431.134,149514,45805,3542,20905,75569
1502905,Curuçá,PA,Norte,41093,676.322,369391,103441,13672,60166,177839
1502939,Dom Eliseu,PA,Norte,61206,5268.809,940080,233612,49642,303029,257278
1502954,Eldorado do Carajás,PA,Norte,34069,2956.691,555637,156254,48330,139636,162776
1503002,Faro,PA,Norte,6949,11771.669,76574,6823,2838,17181,46330
1503044,Floresta do Araguaia,PA,Norte,20742,3444.285,602377,260687,116719,95058,98986
1503077,Garrafão do Norte,PA,Norte,26155,1608.014,275694,75425,9978,48968,129879
1503093,Goianésia do Pará,PA,Norte,41678,7023.948,506230,168149,16647,107030,183382
1503101,Gurupá,PA,Norte,34127,8570.286,333716,79023,8405,45255,192766
1503200,Igarapé-Açu,PA,Norte,39234,785.983,415581,82651,30194,108470,159986
1503309,Igarapé-Miri,PA,Norte,63367,1996.79,690510,188507,38015,126132,297346
1503408,Inhangapi,PA,Norte,12009,472.605,174530,76519,19357,16976,49420
1503457,Ipixuna do Pará,PA,Norte,67170,5215.555,624646,83540,139039,89441,279301
1503507,Irituia,PA,Norte,32639,1385.209,277699,60721,11017,53670,141310
1503606,Itaituba,PA,Norte,101541,62042.472,3077344,166186,753355,1316450,486239
1503705,Itupiranga,PA,Norte,53439,7880.109,841410,396489,27757,143780,239283
1503754,Jacareacanga,PA,Norte,6952,53304.563,625353,63184,290782,71691,182688
1503804,Jacundá,PA,Norte,60517,2008.315,615189,68475,29715,211259,250799
1503903,Juruti,PA,Norte,59961,8305.454,1450846,290459,467180,303248,322027
1504000,Limoeiro do Ajuru,PA,Norte,29623,1490.186,502725,331383,5522,24231,136829
1504059,Mãe do Rio,PA,Norte,30389,469.341,339947,31862,13165,121765,145553
1504109,Magalhães Barata,PA,Norte,8598,323.984,98319,36893,2912,13279,42987
1504208,Marabá,PA,Norte,287664,15128.058,13519525,608869,6619708,3400318,1410550
1504307,Maracanã,PA,Norte,29559,807.628,289582,74589,9660,44451,152739
1504406,Marapanim,PA,Norte,28563,804.625,263294,52541,8453,53617,140619
1504422,Marituba,PA,Norte,135812,103.214,2577121,2145,218126,1286743,614045
1504455,Medicilândia,PA,Norte,32347,8272.629,1023645,626710,40563,165138,144100
1504505,Melgaço,PA,Norte,28121,6774.065,216421,31533,6069,22252,152233
1504604,Mocajuba,PA,Norte,31917,871.171,451566,184798,15067,61166,177074
1504703,Moju,PA,Norte,84251,9094.139,1333107,501317,104621,246898,375852
1504752,Mojuí dos Campos,PA,Norte,16282,4988.236,288393,123924,16984,47684,88076
1504802,Monte Alegre,PA,Norte,58289,18152.559,806682,295334,33791,167509,272285
1504901,Muaná,PA,Norte,41454,3763.337,338390,102947,9198,41319,176776
1504950,Nova Esperança do Piriá,PA,Norte,21519,2808.195,350593,179895,11847,47003,101532
1504976,Nova Ipixuna,PA,Norte,17027,1564.184,192412,59161,7790,35548,79842
1505007,Nova Timboteua,PA,Norte,15646,489.853,147341,28335,5203,36213,68323
1505031,Novo Progresso,PA,Norte,25769,38162.002,971105,232428,92440,367073,146115
1505064,Novo Repartimento,PA,Norte,78488,15398.723,1116164,399142,26021,253529,363628
1505106,Óbidos,PA,Norte,52473,28011.041,965319,426321,106432,147932,248445
1505205,Oeiras do Pará,PA,Norte,33182,3852.291,418634,192353,9147,42088,167186
1505304,Oriximiná,PA,Norte,74921,107613.838,2277390,312023,949627,477328,410994
1505403,Ourém,PA,Norte,18079,561.71,200487,59918,16476,40546,73282
1505437,Ourilândia do Norte,PA,Norte,33831,14410.567,1301994,95172,574409,230528,167637
1505486,Pacajá,PA,Norte,49110,11832.323,867036,413225,28136,149663,232065
1505494,Palestina do Pará,PA,Norte,7575,984.362,98673,40875,2327,14835,37194
1505502,Paragominas,PA,Norte,115838,19342.565,4279105,433733,1596083,1267405,558209
1505536,Parauapebas,PA,Norte,218787,6885.794,49756255,238183,40659414,5655263,1797124
1505551,Pau D'Arco,PA,Norte,5339,1671.419,114746,56578,3671,14923,36286
1505601,Peixe-Boi,PA,Norte,8084,450.224,72240,19300,2301,11424,36957
1505635,Piçarra,PA,Norte,12976,3312.708,292566,166605,12299,33512,68162
1505650,Placas,PA,Norte,32325,7173.194,322977,111623,9833,50875,136672
1505700,Ponta de Pedras,PA,Norte,32007,3363.749,274903,69027,6204,46385,143335
1505809,Portel,PA,Norte,63831,25384.96,944900,466733,34380,102529,318300
1505908,Porto de Moz,PA,Norte,42456,17423.017,404115,104945,10775,61332,213070
1506005,Prainha,PA,Norte,29827,14786.953,437647,219178,13824,46957,148809
1506104,Primavera,PA,Norte,10889,258.6,321570,5222,162580,33606,56793
1506112,Quatipuru,PA,Norte,13794,302.939,120746,37132,3061,16674,60869
1506138,Redenção,PA,Norte,86326,3823.809,2551566,200284,302558,1238252,392242
1506161,Rio Maria,PA,Norte,18208,4114.627,601635,163335,122405,134988,90738
1506187,Rondon do Pará,PA,Norte,53242,8246.394,733550,176745,41598,221451,230486
1506195,Rurópolis,PA,Norte,52473,7021.321,496483,90008,65987,105318,202229
1506203,Salinópolis,PA,Norte,41164,226.12,641473,21408,58821,301368,185625
1506302,Salvaterra,PA,Norte,24392,918.563,210115,36073,9144,46006,110528
1506351,Santa Bárbara do Pará,PA,Norte,21811,278.154,240288,12848,55638,44663,100139
1506401,Santa Cruz do Arari,PA,Norte,10496,1076.652,95936,37430,1676,8696,46821
1506500,Santa Izabel do Pará,PA,Norte,72856,717.662,934543,117822,69304,328897,297740
1506559,Santa Luzia do Pará,PA,Norte,19839,1346.502,195899,41040,5768,39811,100727
1506583,Santa Maria das Barreiras,PA,Norte,22244,10330.214,1071990,337616,442876,147339,104469
1506609,Santa Maria do Pará,PA,Norte,25127,457.724,371437,105235,27645,106107,103188
1506708,Santana do Araguaia,PA,Norte,75995,11591.441,1381466,379315,141634,390570,291705
1506807,Santarém,PA,Norte,308339,17898.389,6387634,442113,563797,3180015,1334783
1506906,Santarém Novo,PA,Norte,6796,229.51,59961,11705,1983,8026,36770
1507003,Santo Antônio do Tauá,PA,Norte,32346,537.618,475226,160572,54988,75761,147106
1507102,São Caetano de Odivelas,PA,Norte,18207,464.166,182987,58503,5432,28931,84785
1507151,São Domingos do Araguaia,PA,Norte,25945,1392.464,358711,107269,13806,90907,124248
1507201,São Domingos do Capim,PA,Norte,32285,1686.765,438000,204221,14409,50689,159059
1507300,São Félix do Xingu,PA,Norte,135732,84212.903,2008369,879584,186679,327860,493874
1507409,São Francisco do Pará,PA,Norte,15978,479.441,264186,108779,11976,52627,75953
1507458,São Geraldo do Araguaia,PA,Norte,24566,3168.384,710322,175716,155043,146043,130010
1507466,São João da Ponta,PA,Norte,6294,195.918,57326,16516,1728,6159,31280
1507474,São João de Pirabas,PA,Norte,23440,668.434,181939,31753,6661,33030,103011
1507508,São João do Araguaia,PA,Norte,14105,1279.889,186695,70258,10502,24511,72371
1507607,São Miguel do Guamá,PA,Norte,60268,1094.564,792510,248069,47186,173800,272181
1507706,São Sebastião da Boa Vista,PA,Norte,27302,1632.251,244688,66736,5511,32686,133171
1507755,Sapucaia,PA,Norte,6088,1298.19,141045,56541,6978,27620,39683
1507805,Senador José Porfírio,PA,Norte,11305,14419.916,246022,105173,9716,45566,76525
1507904,Soure,PA,Norte,25752,2857.349,241545,53588,7350,55108,114485
1507953,Tailândia,PA,Norte,111554,4430.477,1291017,154774,178234,366147,421539
1507961,Terra Alta,PA,Norte,11971,204.97,82919,8621,2694,14729,54485
1507979,Terra Santa,PA,Norte,19063,1895.883,519258,25488,303389,76015,101170
1508001,Tomé-Açu,PA,Norte,64604,5145.361,1039721,224587,109036,265511,334983
1508035,Tracuateua,PA,Norte,31549,868.025,285004,82240,18493,35286,142051
1508050,Trairão,PA,Norte,19344,11991.085,327330,96835,12833,100065,85763
1508084,Tucumã,PA,Norte,40661,2512.594,984036,177158,129965,355166,176936
1508100,Tucuruí,PA,Norte,116605,2084.289,5612935,73737,4178576,617647,589488
1508126,Ulianópolis,PA,Norte,62286,5088.468,1995463,1376072,142721,181220,240157
1508159,Uruará,PA,Norte,45395,10791.406,774004,281380,35194,191297,214444
1508209,Vigia,PA,Norte,54650,401.589,476447,97151,15383,127882,205473
1508308,Viseu,PA,Norte,62093,4972.897,617944,225759,19876,79170,276354
1508357,Vitória do Xingu,PA,Norte,15421,3089.537,4230225,107918,3865919,84291,140076
1508407,Xinguara,PA,Norte,45416,3779.348,1604337,184086,316853,560780,242665
1600055,Serra do Navio,AP,Norte,5577,7713.046,92139,3926,4403,15663,64933
1600105,Amapá,AP,Norte,9265,8454.847,159528,28583,4595,26863,95507
1600154,Pedra Branca do Amapari,AP,Norte,17625,9622.29,453333,7111,142228,55804,192839
1600204,Calçoene,AP,Norte,11493,14117.297,186852,16007,10559,38439,113901
1600212,Cutias,AP,Norte,6217,2179.114,94992,22729,1951,8394,60377
1600238,Ferreira Gomes,AP,Norte,8151,4973.855,578737,3229,439810,28152,101350
1600253,Itaubal,AP,Norte,5730,1622.867,87878,11716,2495,9177,62282
1600279,Laranjal do Jari,AP,Norte,52302,30782.998,1134544,13271,366792,196684,525104
1600303,Macapá,AP,Norte,522357,6563.849,12938091,71440,1069060,5643503,4962328
1600402,Mazagão,AP,Norte,22468,13294.778,374987,27651,33320,57294,235718
1600501,Oiapoque,AP,Norte,28534,23034.392,529043,18065,28098,150976,299224
1600535,Porto Grande,AP,Norte,22927,4428.013,374265,33768,21401,68978,234787
1600550,Pracuúba,AP,Norte,5370,4948.508,84579,18978,1758,6832,55658
1600600,Santana,AP,Norte,124808,1541.224,2512916,19031,217637,847610,1223474
1600709,Tartarugalzinho,AP,Norte,18217,6684.705,261070,44487,5536,27326,179019
1600808,Vitória do Jari,AP,Norte,16572,2508.979,236897,6369,15954,33394,171894
1700251,Abreulândia,TO,Norte,2609,1906.295,112135,74730,2743,9665,23145
1700301,Aguiarnópolis,TO,Norte,7049,236.792,165480,17292,21956,45844,51231
1700350,Aliança do Tocantins,TO,Norte,5303,1580.999,616571,472909,6296,72123,43473
1700400,Almas,TO,Norte,6905,4007.152,273741,183498,6912,24691,51963
1700707,Alvorada,TO,Norte,8381,1207.201,474111,152194,42885,146123,65048
1701002,Ananás,TO,Norte,9435,1581.058,159769,42527,4488,34258,69558
1701051,Angico,TO,Norte,3475,447.549,48276,10234,1661,6296,28758
1701101,Aparecida do Rio Negro,TO,Norte,4901,1159.034,255912,161633,6608,38178,41229
1701309,Aragominas,TO,Norte,5705,1168.213,98441,43334,1784,8618,42908
1701903,Araguacema,TO,Norte,7223,2774.505,240246,148350,6923,24595,54963
1702000,Araguaçu,TO,Norte,8418,5155.223,349050,200286,8542,63020,64899
1702109,Araguaína,TO,Norte,186245,4004.646,5239050,112274,521090,2540744,1341819
1702158,Araguanã,TO,Norte,5856,834.834,101858,39949,3245,10891,45417
1702208,Araguatins,TO,Norte,36573,2633.278,529290,97870,19065,137431,244204
1702307,Arapoema,TO,Norte,6590,1558.138,324523,60824,170127,37392,48895
1702406,Arraias,TO,Norte,10502,5803.085,223310,82975,8818,44556,76999
1702554,Augustinópolis,TO,Norte,18870,388.81,305118,27450,18659,103437,130909
1702703,Aurora do Tocantins,TO,Norte,3809,696.194,58806,19176,1855,7364,28400
1702901,Axixá do Tocantins,TO,Norte,9817,153.539,141092,21290,3740,28201,81195
1703008,Babaçulândia,TO,Norte,10668,1790.297,158741,57534,5336,16247,75749
1703057,Bandeirantes do Tocantins,TO,Norte,3631,1540.541,178654,52114,70648,19091,31291
1703073,Barra do Ouro,TO,Norte,4673,1105.84,113260,60887,2691,11367,35876
1703107,Barrolândia,TO,Norte,5669,697.759,122016,32502,5680,29420,44299
1703206,Bernardo Sayão,TO,Norte,4439,924.045,102684,42800,3135,14185,36491
1703305,Bom Jesus do Tocantins,TO,Norte,5120,1326.947,139410,83369,3909,11814,38199
1703602,Brasilândia do Tocantins,TO,Norte,2221,645.908,75634,13936,1408,28037,21095
1703701,Brejinho de Nazaré,TO,Norte,5540,1722.59,272945,195158,5251,21840,44226
1703800,Buriti do Tocantins,TO,Norte,11644,252.73,161641,44530,5812,22966,82370
1703826,Cachoeirinha,TO,Norte,2293,351.535,58547,28901,1339,5963,21138
1703842,Campos Lindos,TO,Norte,10505,3234.445,1004931,706472,22035,161822,80671
1703867,Cariri do Tocantins,TO,Norte,4499,1126.291,517715,102971,84143,169031,43630
1703883,Carmolândia,TO,Norte,2627,339.366,69222,30368,1516,8688,26754
1703891,Carrasco Bonito,TO,Norte,4165,190.352,50561,9490,1682,5849,32513
1703909,Caseara,TO,Norte,5514,1680.014,389493,284574,8940,41881,44418
1704105,Centenário,TO,Norte,2966,1953.134,64557,30023,1230,6878,24714
1704600,Chapada de Areia,TO,Norte,1415,658.564,39824,19794,1208,3830,14173
1705102,Chapada da Natividade,TO,Norte,3330,1640.833,148973,83513,18831,14542,28409
1705508,Colinas do Tocantins,TO,Norte,36271,842.488,862139,92361,78660,333011,261775
1705557,Combinado,TO,Norte,4870,208.791,76524,11156,3497,19784,35698
1705607,Conceição do Tocantins,TO,Norte,4070,2530.647,67829,15023,1523,13974,32968
1706001,Couto Magalhães,TO,Norte,5690,1584.196,203473,87040,8371,46207,45298
1706100,Cristalândia,TO,Norte,7268,1850.75,177294,80891,8647,26305,54015
1706258,Crixás do Tocantins,TO,Norte,1749,983.766,78645,47272,1744,8560,18737
1706506,Darcinópolis,TO,Norte,6250,1641.77,241932,126582,6075,44822,46817
1707009,Dianópolis,TO,Norte,22704,3318.094,644829,237538,42751,167648,158081
1707108,Divinópolis do Tocantins,TO,Norte,6986,2358.282,249235,134264,10506,37340,55830
1707207,Dois Irmãos do Tocantins,TO,Norte,7173,3747.645,216149,95410,21870,26718,49571
1707306,Dueré,TO,Norte,4686,3420.657,204765,130341,6427,22135,38690
1707405,Esperantina,TO,Norte,11280,506.175,118724,18028,4790,14135,79000
1707553,Fátima,TO,Norte,3824,380.373,89100,24583,3427,23418,29414
1707652,Figueirópolis,TO,Norte,5222,1935.709,256752,123292,6809,68444,39021
1707702,Filadélfia,TO,Norte,8892,1991.258,129323,41004,4383,19269,61559
1708205,Formoso do Araguaia,TO,Norte,18358,13431.861,1414038,1071674,41146,126615,138498
1708254,Tabocão,TO,Norte,2615,624.463,232898,54094,5847,101553,29675
1708304,Goianorte,TO,Norte,5136,1797.229,193502,90653,33541,24057,39185
1709005,Goiatins,TO,Norte,13169,6414.846,230924,95969,6681,26494,95336
1709302,Guaraí,TO,Norte,26403,2106.753,880403,146991,38560,410569,188012
1709500,Gurupi,TO,Norte,88428,1844.164,2648420,135884,207473,1239004,707307
1709807,Ipueiras,TO,Norte,2088,821.152,47772,20271,1536,4796,20278
1710508,Itacajá,TO,Norte,7471,3047.204,186260,91064,3966,26480,57114
1710706,Itaguatins,TO,Norte,5801,730.163,82611,22952,2905,9790,45036
1710904,Itapiratins,TO,Norte,3814,1246.349,171522,117489,3829,15556,31230
1711100,Itaporã do Tocantins,TO,Norte,2412,969.794,69980,37274,1269,6744,21693
1711506,Jaú do Tocantins,TO,Norte,3906,2167.201,97865,46737,2379,11778,32832
1711803,Juarina,TO,Norte,2174,483.452,44395,15719,1026,6187,20047
1711902,Lagoa da Confusão,TO,Norte,13989,10563.181,998445,507608,48546,259865,105985
1711951,Lagoa do Tocantins,TO,Norte,4470,917.632,89429,42219,1450,8511,35171
1712009,Lajeado,TO,Norte,3199,318.292,64405,4020,5146,14247,37291
1712157,Lavandeira,TO,Norte,1984,468.006,37870,14773,1063,3722,17536
1712405,Lizarda,TO,Norte,3727,5716.641,66332,29042,1793,6447,27660
1712454,Luzinópolis,TO,Norte,3200,281.543,71180,26177,1327,12742,26608
1712504,Marianópolis do Tocantins,TO,Norte,5332,2089.575,252331,159191,8165,32868,42585
1712702,Mateiros,TO,Norte,2773,9589.273,252360,192768,6237,23043,26142
1712801,Maurilândia do Tocantins,TO,Norte,3470,736.303,55911,14513,1106,7221,31513
1713205,Miracema do Tocantins,TO,Norte,17628,2663.745,642003,189527,194581,100675,130377
1713304,Miranorte,TO,Norte,13551,1033.301,390325,111836,18110,123760,96735
1713601,Monte do Carmo,TO,Norte,8182,3601.205,296288,205037,7489,21059,56172
1713700,Monte Santo do Tocantins,TO,Norte,2311,1072.92,75004,43077,1550,7016,21556
1713809,Palmeiras do Tocantins,TO,Norte,6830,743.407,95357,27401,5989,10083,48891
1713957,Muricilândia,TO,Norte,3623,1194.368,69465,28175,1324,6555,32013
1714203,Natividade,TO,Norte,9256,3241.672,247340,50943,57012,53498,67661
1714302,Nazaré,TO,Norte,3772,395.997,58139,12437,2917,9373,30855
1714880,Nova Olinda,TO,Norte,12014,1567.834,320311,33226,28270,112779,87617
1715002,Nova Rosalândia,TO,Norte,4348,514.791,100915,49602,2734,12705,32803
1715101,Novo Acordo,TO,Norte,4450,2678.262,84723,27014,2521,15340,35317
1715150,Novo Alegre,TO,Norte,2332,200.412,35521,9297,1257,4639,19226
1715259,Novo Jardim,TO,Norte,2768,1213.893,42672,9617,2723,5483,23061
1715507,Oliveira de Fátima,TO,Norte,1124,209.292,29469,10866,755,3944,13086
1715705,Palmeirante,TO,Norte,6234,2638.465,185349,85088,5025,35342,51724
1715754,Palmeirópolis,TO,Norte,7694,1708.981,170118,54230,9342,39000,57857
1716109,Paraíso do Tocantins,TO,Norte,52521,1292.267,1513693,66861,202139,647925,368211
1716208,Paranã,TO,Norte,10426,11217.373,315397,57932,139680,29270,79494
1716307,Pau D'Arco,TO,Norte,4885,1375.551,91169,36196,1970,11713,37686
1716505,Pedro Afonso,TO,Norte,13964,2019.556,848671,420746,135393,130680,106587
1716604,Peixe,TO,Norte,11996,5303.612,733929,295280,287006,45271,95257
1716653,Pequizeiro,TO,Norte,5546,1206.118,107606,41252,3260,14167,44519
1716703,Colméia,TO,Norte,8078,1161.03,182796,41567,8275,60684,60267
1717008,Pindorama do Tocantins,TO,Norte,4414,1560.551,85006,33421,2672,10967,35021
1717206,Piraquê,TO,Norte,3038,1363.412,89940,54669,1430,6323,26219
1717503,Pium,TO,Norte,7830,10003.549,361915,253143,10438,28827,61852
1717800,Ponte Alta do Bom Jesus,TO,Norte,4586,1718.791,66158,16379,2742,9907,33880
1717909,Ponte Alta do Tocantins,TO,Norte,8192,6542.838,121170,30046,4452,19758,60805
1718006,Porto Alegre do Tocantins,TO,Norte,3200,506.717,47043,11067,1993,6966,25251
1718204,Porto Nacional,TO,Norte,53618,4434.68,3649421,504037,594708,1268067,455230
1718303,Praia Norte,TO,Norte,8563,300.999,93139,13436,3670,10982,63120
1718402,Presidente Kennedy,TO,Norte,3668,771.716,65165,18096,2447,11578,29451
1718451,Pugmil,TO,Norte,2746,401.174,82663,25069,7808,18569,24447
1718501,Recursolândia,TO,Norte,4389,2215.669,91480,45604,1700,8462,34102
1718550,Riachinho,TO,Norte,4723,512.156,68536,19681,1685,7723,38098
1718659,Rio da Conceição,TO,Norte,2211,845.823,29142,1582,1303,4383,21266
1718709,Rio dos Bois,TO,Norte,2879,847.255,85928,49060,1876,8525,24479
1718758,Rio Sono,TO,Norte,6498,6346.279,111443,44816,3729,12207,47725
1718808,Sampaio,TO,Norte,4876,222.435,145863,89575,3455,12570,38256
1718840,Sandolândia,TO,Norte,3371,3535.135,116736,69974,2224,12802,27968
1718865,Santa Fé do Araguaia,TO,Norte,7678,1671.239,175927,78913,4574,27046,56953
1718881,Santa Maria do Tocantins,TO,Norte,3537,1412.318,139630,94479,3384,11795,27606
1718899,Santa Rita do Tocantins,TO,Norte,2407,3281.219,180273,114174,3708,30223,21673
1718907,Santa Rosa do Tocantins,TO,Norte,4864,1804.687,307685,177193,7930,65327,41786
1719004,Santa Tereza do Tocantins,TO,Norte,2928,539.511,48098,12489,2017,6807,25104
1720002,Santa Terezinha do Tocantins,TO,Norte,2530,274.104,41931,13774,1015,4757,21266
1720101,São Bento do Tocantins,TO,Norte,5457,1099.58,73590,16584,1700,11641,40519
1720150,São Félix do Tocantins,TO,Norte,1610,1913.11,36541,11872,1042,6035,16617
1720200,São Miguel do Tocantins,TO,Norte,12445,406.957,255814,127108,5606,27538,90078
1720259,São Salvador do Tocantins,TO,Norte,3106,1424.753,49467,13227,1306,7023,26404
1720309,São Sebastião do Tocantins,TO,Norte,4898,289.597,61804,12540,3517,7889,36475
1720499,São Valério,TO,Norte,3848,2520.465,156734,87585,4580,24105,32885
1720655,Silvanópolis,TO,Norte,5452,1258.771,240329,116883,11768,56858,41042
1720804,Sítio Novo do Tocantins,TO,Norte,8965,307.095,132862,28314,5546,21917,72119
1720853,Sucupira,TO,Norte,2007,1018.222,532374,494498,2556,12620,19212
1720903,Taguatinga,TO,Norte,16966,2341.919,318253,81241,32126,68222,121002
1720937,Taipas do Tocantins,TO,Norte,2183,1105.303,35246,9909,872,4183,19373
1720978,Talismã,TO,Norte,2831,2155.503,146708,93130,3816,17592,27479
1721000,Palmas,TO,Norte,313349,2227.329,10333419,262385,1102005,5101297,2518201
1721109,Tocantínia,TO,Norte,7688,2609.775,191373,104743,5179,17663,60040
1721208,Tocantinópolis,TO,Norte,22820,1083.6,372642,21117,38015,111188,161191
1721257,Tupirama,TO,Norte,1952,706.883,118839,62585,2490,28900,18663
1721307,Tupiratins,TO,Norte,2785,889.126,38619,8507,931,4545,23685
1722081,Wanderlândia,TO,Norte,11783,1365.431,183424,45034,20030,28649,78203
1722107,Xambioá,TO,Norte,11500,1190.489,471020,39626,230239,68701,85680
2100055,Açailândia,MA,Nordeste,113783,5805.159,3828533,492701,1393399,971135,515224
2100105,Afonso Cunha,MA,Nordeste,6631,371.338,85052,34865,2622,14426,31081
2100154,Água Doce do Maranhão,MA,Nordeste,12731,442.292,101642,7597,5454,24560,59928
2100204,Alcântara,MA,Nordeste,22126,1167.964,148763,16395,6573,34493,84714
2100303,Aldeias Altas,MA,Nordeste,26979,1942.121,249396,69463,8150,45152,117051
2100402,Altamira do Maranhão,MA,Nordeste,8250,524.374,71512,21461,1829,12870,32742
2100436,Alto Alegre do Maranhão,MA,Nordeste,28066,392.75,303118,12131,11962,142255,100717
2100477,Alto Alegre do Pindaré,MA,Nordeste,31967,1875.901,251719,32376,8297,56443,141109
2100501,Alto Parnaíba,MA,Nordeste,11233,11127.384,578961,362238,34198,105140,57460
2100550,Amapá do Maranhão,MA,Nordeste,7047,502.402,70198,13420,2679,17850,32292
2100600,Amarante do Maranhão,MA,Nordeste,42017,7439.615,388636,126800,9023,85798,150331
2100709,Anajatuba,MA,Nordeste,27170,940.489,207606,47951,5316,46529,97708
2100808,Anapurus,MA,Nordeste,16054,608.903,149102,26456,5526,41088,68490
2100832,Apicum-Açu,MA,Nordeste,17582,341.12,133946,17379,4424,31609,74025
2100873,Araguanã,MA,Nordeste,15675,805.194,101728,13738,2436,19659,61671
2100907,Araioses,MA,Nordeste,47095,1789.73,282769,39404,7667,67087,157315
2100956,Arame,MA,Nordeste,32825,2976.039,290315,80030,7960,65936,121072
2101004,Arari,MA,Nordeste,30014,1100.275,313251,66124,9554,94397,121538
2101103,Axixá,MA,Nordeste,12234,160.462,97422,12953,4087,25531,49669
2101202,Bacabal,MA,Nordeste,105094,1656.736,1514560,80708,98681,765023,386164
2101251,Bacabeira,MA,Nordeste,17446,542.962,599285,15906,349714,115232,78052
2101301,Bacuri,MA,Nordeste,18726,850.491,122872,10524,3716,27414,76764
2101350,Bacurituba,MA,Nordeste,5696,413.651,39590,5230,1107,7820,24108
2101400,Balsas,MA,Nordeste,96951,13141.162,6307425,1893662,251286,2906399,408992
2101509,Barão de Grajaú,MA,Nordeste,19026,2209.414,268538,14667,11433,133785,70189
2101608,Barra do Corda,MA,Nordeste,88895,5187.673,889190,72029,38105,363469,337000
2101707,Barreirinhas,MA,Nordeste,63891,3046.308,635711,40861,37517,272266,227520
2101731,Belágua,MA,Nordeste,7586,569.606,60711,3650,1781,12039,41436
2101772,Bela Vista do Maranhão,MA,Nordeste,11347,147.954,107543,9902,5433,27406,59954
2101806,Benedito Leite,MA,Nordeste,5643,1784.64,73150,31274,2948,12270,24890
2101905,Bequimão,MA,Nordeste,21317,790.222,138114,14503,4145,38044,73034
2101939,Bernardo do Mearim,MA,Nordeste,6102,247.186,105114,13947,41813,16378,26677
2101970,Boa Vista do Gurupi,MA,Nordeste,8494,400.35,67540,6232,1877,21191,33219
2102002,Bom Jardim,MA,Nordeste,42010,6588.38,411352,119422,12709,87879,174371
2102036,Bom Jesus das Selvas,MA,Nordeste,35095,2676.98,375665,97617,12999,88872,152781
2102077,Bom Lugar,MA,Nordeste,16578,445.171,117960,27724,2821,23560,59497
2102101,Brejo,MA,Nordeste,36900,1073.258,328633,55276,10623,95250,149089
2102150,Brejo de Areia,MA,Nordeste,8841,986.036,71065,14415,1824,14910,36963
2102200,Buriti,MA,Nordeste,28916,1475.779,277919,47174,9390,64887,146162
2102309,Buriti Bravo,MA,Nordeste,23993,1582.552,238673,65192,13037,58060,91134
2102325,Buriticupu,MA,Nordeste,73595,2544.857,748028,168367,26162,233204,269061
2102358,Buritirana,MA,Nordeste,15503,820.968,122474,34610,2955,22250,58250
2102374,Cachoeira Grande,MA,Nordeste,9524,707.236,60974,7274,1578,10891,39872
2102408,Cajapió,MA,Nordeste,11255,545.244,70653,8164,2094,12652,45648
2102507,Cajari,MA,Nordeste,19521,662.066,128078,24326,2789,20713,77141
2102556,Campestre do Maranhão,MA,Nordeste,14530,613.529,214011,74812,6280,53300,61577
2102606,Cândido Mendes,MA,Nordeste,20376,1634.861,146788,16027,7212,37004,79259
2102705,Cantanhede,MA,Nordeste,22236,773.01,153398,8272,6846,41934,88915
2102754,Capinzal do Norte,MA,Nordeste,10937,590.267,283976,16155,143555,54422,63051
2102804,Carolina,MA,Nordeste,24151,6267.675,525893,244756,16536,135358,103158
2102903,Carutapera,MA,Nordeste,24095,1260.977,201999,25672,7577,60286,96128
2103000,Caxias,MA,Nordeste,166159,5201.927,2112638,86629,189677,925842,685522
2103109,Cedral,MA,Nordeste,10711,285.211,78583,14621,2245,15512,43640
2103125,Central do Maranhão,MA,Nordeste,8806,319.538,58347,4534,1737,12233,36894
2103158,Centro do Guilherme,MA,Nordeste,13876,1167.848,103737,16947,2424,23142,56078
2103174,Centro Novo do Maranhão,MA,Nordeste,22056,8401.003,200757,43306,4556,44127,99431
2103208,Chapadinha,MA,Nordeste,80705,3247.385,894366,37813,37517,405331,328042
2103257,Cidelândia,MA,Nordeste,14855,1462.809,183560,67041,6531,38376,61624
2103307,Codó,MA,Nordeste,123368,4361.606,1648585,78366,499445,459468,480938
2103406,Coelho Neto,MA,Nordeste,49804,977.079,465859,64532,22161,140107,210051
2103505,Colinas,MA,Nordeste,41443,1978.695,553171,74295,36696,222275,178777
2103554,Conceição do Lago-Açu,MA,Nordeste,16559,725.664,147189,30247,3816,26244,82926
2103604,Coroatá,MA,Nordeste,65788,2263.692,533579,39685,30128,187466,237174
2103703,Cururupu,MA,Nordeste,32559,1257.608,264536,37782,7184,81212,125558
2103752,Davinópolis,MA,Nordeste,12923,332.249,190193,14112,27285,62203,69840
2103802,Dom Pedro,MA,Nordeste,23393,358.493,262555,18836,22401,112858,82892
2103901,Duque Bacelar,MA,Nordeste,11451,317.494,86904,11939,2987,19928,48247
2104008,Esperantinópolis,MA,Nordeste,16971,452.411,158978,16415,8142,54294,69313
2104057,Estreito,MA,Nordeste,43097,2720.266,1134821,78195,618688,225956,158687
2104073,Feira Nova do Maranhão,MA,Nordeste,8506,1625.822,118004,52147,2546,22594,35183
2104081,Fernando Falcão,MA,Nordeste,10559,5086.589,100418,40675,2897,15105,39086
2104099,Formosa da Serra Negra,MA,Nordeste,19425,3690.61,202149,62397,4326,47937,76763
2104107,Fortaleza dos Nogueiras,MA,Nordeste,12662,1853.406,346695,186549,12341,79205,54262
2104206,Fortuna,MA,Nordeste,17812,834.83,143297,29988,5755,36555,63524
2104305,Godofredo Viana,MA,Nordeste,12104,720.129,2658688,10339,2171527,377204,54345
2104404,Gonçalves Dias,MA,Nordeste,17953,883.588,150061,21607,13370,39727,67199
2104503,Governador Archer,MA,Nordeste,10931,445.856,91904,16152,3256,22223,46139
2104552,Governador Edison Lobão,MA,Nordeste,18740,615.957,374988,19779,121492,98743,87062
2104602,Governador Eugênio Barros,MA,Nordeste,14703,647.989,118426,27073,3296,26969,55470
2104628,Governador Luiz Rocha,MA,Nordeste,7878,401.587,71080,16163,2456,16658,32724
2104651,Governador Newton Bello,MA,Nordeste,10121,1144.146,84172,23343,2317,13819,42352
2104677,Governador Nunes Freire,MA,Nordeste,25502,1037.13,257972,28836,20640,86525,102715
2104701,Graça Aranha,MA,Nordeste,6261,271.445,54153,8968,2262,13328,26844
2104800,Grajaú,MA,Nordeste,70692,8861.717,1149733,187243,214463,393235,263259
2104909,Guimarães,MA,Nordeste,11966,478.857,93393,17898,3674,19554,48772
2105005,Humberto de Campos,MA,Nordeste,29143,1714.625,184363,14571,4604,42322,114065
2105104,Icatu,MA,Nordeste,27423,1124.445,178923,16641,5153,37633,113071
2105153,Igarapé do Meio,MA,Nordeste,14470,368.685,370653,26477,157668,67764,74501
2105203,Igarapé Grande,MA,Nordeste,11453,346.218,117728,14200,7720,35380,53207
2105302,Imperatriz,MA,Nordeste,259980,1369.039,7692904,55440,1213067,4091455,1226480
2105351,Itaipava do Grajaú,MA,Nordeste,16158,1244.398,107285,16934,2627,21801,61840
2105401,Itapecuru Mirim,MA,Nordeste,69233,1480.641,772830,27885,100510,292795,266374
2105427,Itinga do Maranhão,MA,Nordeste,26134,3583.423,489226,220744,17199,119613,103549
2105450,Jatobá,MA,Nordeste,10464,591.616,75689,17338,2270,12496,41165
2105476,Jenipapo dos Vieiras,MA,Nordeste,17123,1962.362,125733,33491,2736,18155,68510
2105500,João Lisboa,MA,Nordeste,23677,1137.104,270611,44486,24707,77196,109507
2105609,Joselândia,MA,Nordeste,16228,703.081,116543,13137,11359,29452,56981
2105658,Junco do Maranhão,MA,Nordeste,4334,568.499,61701,19991,1365,13849,23709
2105708,Lago da Pedra,MA,Nordeste,50959,1240.444,550404,74293,31692,213761,186778
2105807,Lago do Junco,MA,Nordeste,10900,328.525,86638,9916,4353,18818,50549
2105906,Lago Verde,MA,Nordeste,16369,631.455,135733,28547,3641,28600,70049
2105922,Lagoa do Mato,MA,Nordeste,11280,1512.985,97006,24543,2797,20836,44870
2105948,Lago dos Rodrigues,MA,Nordeste,8841,220.776,83983,14332,4200,25895,34897
2105963,Lagoa Grande do Maranhão,MA,Nordeste,11534,744.199,102432,20493,2792,25498,48635
2105989,Lajeado Novo,MA,Nordeste,7653,1063.619,101467,31153,2667,25636,35947
2106003,Lima Campos,MA,Nordeste,11943,321.932,274539,8084,131761,60967,64133
2106102,Loreto,MA,Nordeste,12271,3597.231,413263,273396,12932,65268,51705
2106201,Luís Domingues,MA,Nordeste,7016,472.296,57337,7881,1965,14779,30062
2106300,Magalhães de Almeida,MA,Nordeste,20228,434.433,140962,24589,5144,32864,72228
2106326,Maracaçumé,MA,Nordeste,21773,635.758,208574,28033,18365,69895,75626
2106359,Marajá do Sena,MA,Nordeste,7757,1402.593,90804,34659,1909,13841,38159
2106375,Maranhãozinho,MA,Nordeste,16754,760.947,120910,27163,3810,23614,60585
2106409,Mata Roma,MA,Nordeste,17122,548.548,179196,24299,18689,43643,84456
2106508,Matinha,MA,Nordeste,23591,410.632,196744,31640,9232,51190,94564
2106607,Matões,MA,Nordeste,34099,2108.671,256347,45275,7908,56385,135976
2106631,Matões do Norte,MA,Nordeste,17316,794.454,99315,12827,2972,14372,67334
2106672,Milagres do Maranhão,MA,Nordeste,8502,634.818,64341,17651,1677,10176,33233
2106706,Mirador,MA,Nordeste,21045,8522.351,277811,122467,8025,59779,77964
2106755,Miranda do Norte,MA,Nordeste,29121,341.107,788580,15486,508599,79801,120835
2106805,Mirinzal,MA,Nordeste,15059,686.942,112050,6055,4025,38595,56449
2106904,Monção,MA,Nordeste,33888,1245.548,257635,57502,8048,47673,135223
2107001,Montes Altos,MA,Nordeste,9064,1488.513,86487,27937,3356,17208,34724
2107100,Morros,MA,Nordeste,19708,1712.121,149899,6624,5157,46537,82239
2107209,Nina Rodrigues,MA,Nordeste,14826,570.938,88513,4938,3814,16683,60229
2107258,Nova Colinas,MA,Nordeste,5469,743.085,86427,40763,2532,13907,26719
2107308,Nova Iorque,MA,Nordeste,4682,978.34,50966,14167,1712,10516,22671
2107357,Nova Olinda do Maranhão,MA,Nordeste,21228,2452.615,183142,41480,4444,37193,92730
2107407,Olho d'Água das Cunhãs,MA,Nordeste,19616,695.333,188363,34631,5317,49643,88710
2107456,Olinda Nova do Maranhão,MA,Nordeste,14968,199.879,107282,12071,2986,27447,58916
2107506,Paço do Lumiar,MA,Nordeste,125265,127.193,1240349,23652,136977,509019,457657
2107605,Palmeirândia,MA,Nordeste,19840,532.161,139099,19362,4488,29433,80914
2107704,Paraibano,MA,Nordeste,21571,530.517,183353,29922,7571,55328,78288
2107803,Parnarama,MA,Nordeste,35108,3245.525,322943,85304,14276,68766,140703
2107902,Passagem Franca,MA,Nordeste,19253,1358.327,200088,52083,6472,55922,75846
2108009,Pastos Bons,MA,Nordeste,19693,1635.181,309499,77685,51738,70365,93042
2108058,Paulino Neves,MA,Nordeste,16295,979.482,118326,8246,3415,28035,72197
2108108,Paulo Ramos,MA,Nordeste,21092,1168.609,194140,30695,6196,56080,90247
2108207,Pedreiras,MA,Nordeste,39153,262.066,787660,20048,189373,357600,149522
2108256,Pedro do Rosário,MA,Nordeste,25560,1753.867,157863,17744,3977,30897,99453
2108306,Penalva,MA,Nordeste,38987,800.916,253736,28957,12351,58626,141896
2108405,Peri Mirim,MA,Nordeste,14371,397.994,95936,9926,2887,22651,56234
2108454,Peritoró,MA,Nordeste,23530,824.725,230427,17017,7136,86200,98553
2108504,Pindaré-Mirim,MA,Nordeste,33186,268.285,296184,23686,19493,92222,139671
2108603,Pinheiro,MA,Nordeste,84160,1512.969,1039933,61755,67497,484875,309531
2108702,Pio XII,MA,Nordeste,21274,545.14,191327,22774,9139,57198,90274
2108801,Pirapemas,MA,Nordeste,18814,688.761,130764,11327,4389,29722,80204
2108900,Poção de Pedras,MA,Nordeste,17321,990.415,163076,30666,4368,46813,73918
2109007,Porto Franco,MA,Nordeste,24294,1420.51,1026076,57602,403829,307426,109300
2109056,Porto Rico do Maranhão,MA,Nordeste,5936,244.979,45856,8348,1650,9028,25065
2109106,Presidente Dutra,MA,Nordeste,48264,771.574,755699,36345,33511,405614,176243
2109205,Presidente Juscelino,MA,Nordeste,12939,355.568,84479,17924,2359,13179,49141
2109239,Presidente Médici,MA,Nordeste,7124,437.687,60682,15295,1600,12508,28860
2109270,Presidente Sarney,MA,Nordeste,19217,726.172,164968,34967,4936,28533,92900
2109304,Presidente Vargas,MA,Nordeste,11328,460.004,76166,5041,2032,14779,51452
2109403,Primeira Cruz,MA,Nordeste,15545,1337.161,89083,10859,2985,13732,59870
2109452,Raposa,MA,Nordeste,31586,79.213,286153,20140,37207,90763,117241
2109502,Riachão,MA,Nordeste,20288,6402.83,673197,415922,21628,119833,91099
2109551,Ribamar Fiquene,MA,Nordeste,7859,733.458,124192,47433,15805,22554,33954
2109601,Rosário,MA,Nordeste,43243,647.998,443176,11962,52741,174362,161179
2109700,Sambaíba,MA,Nordeste,5686,2476.132,474703,344739,14033,74527,26593
2109759,Santa Filomena do Maranhão,MA,Nordeste,7878,623.213,60203,11988,1797,12529,31515
2109809,Santa Helena,MA,Nordeste,42829,2191.168,357951,37595,9879,108527,180476
2109908,Santa Inês,MA,Nordeste,89927,786.689,1465933,36783,67375,801337,362192
2110005,Santa Luzia,MA,Nordeste,73105,4837.169,743420,179715,21298,201543,300709
2110039,Santa Luzia do Paruá,MA,Nordeste,25487,1010.483,253332,49972,8066,86660,89827
2110104,Santa Quitéria do Maranhão,MA,Nordeste,25884,1430.33,218445,22557,7923,63977,111219
2110203,Santa Rita,MA,Nordeste,38732,756.797,354631,13126,29883,127691,143581
2110237,Santana do Maranhão,MA,Nordeste,13704,932.03,74090,5895,3068,15495,46438
2110278,Santo Amaro do Maranhão,MA,Nordeste,16219,1582.806,95932,9667,2450,20303,60285
2110302,Santo Antônio dos Lopes,MA,Nordeste,14516,770.923,3055535,16896,2749057,85935,94999
2110401,São Benedito do Rio Preto,MA,Nordeste,18769,931.485,143437,7465,5768,37676,85842
2110500,São Bento,MA,Nordeste,45989,456.997,312160,13872,12099,97421,171711
2110609,São Bernardo,MA,Nordeste,28825,1005.824,281177,42639,13992,84780,120253
2110658,São Domingos do Azeitão,MA,Nordeste,7448,961.249,320522,147739,8445,101824,34309
2110708,São Domingos do Maranhão,MA,Nordeste,34391,1151.978,355916,50277,16253,132605,130211
2110807,São Félix de Balsas,MA,Nordeste,4540,2032.599,86158,45018,3139,13130,22100
2110856,São Francisco do Brejão,MA,Nordeste,12082,745.357,121253,37260,5646,23810,49292
2110906,São Francisco do Maranhão,MA,Nordeste,12226,2284.217,98973,20307,3572,19828,52251
2111003,São João Batista,MA,Nordeste,20736,649.956,135595,18438,3547,32344,76283
2111029,São João do Carú,MA,Nordeste,15768,910.065,123006,22003,2757,24300,69932
2111052,São João do Paraíso,MA,Nordeste,11207,2052.328,151458,57102,3606,35779,46746
2111078,São João do Soter,MA,Nordeste,18746,1438.067,156360,32776,4584,27575,87468
2111102,São João dos Patos,MA,Nordeste,26063,1483.255,340970,52576,22324,137173,100711
2111201,São José de Ribamar,MA,Nordeste,180345,180.363,2293735,25861,226020,1151100,630495
2111250,São José dos Basílios,MA,Nordeste,7639,353.72,61940,11361,2206,15346,30012
2111300,São Luís,MA,Nordeste,1115932,583.063,36533730,25578,7326897,17693692,3978761
2111409,São Luís Gonzaga do Maranhão,MA,Nordeste,18600,909.164,170048,44453,4629,34031,80744
2111508,São Mateus do Maranhão,MA,Nordeste,41750,800.045,429232,91478,16993,141037,152027
2111532,São Pedro da Água Branca,MA,Nordeste,12779,720.461,127603,21584,4946,31284,61252
2111573,São Pedro dos Crentes,MA,Nordeste,4700,979.915,83541,36720,1991,17914,22771
2111607,São Raimundo das Mangabeiras,MA,Nordeste,19090,3524.501,739621,416216,26706,154099,84887
2111631,São Raimundo do Doca Bezerra,MA,Nordeste,5028,419.55,43955,5986,1325,9729,25314
2111672,São Roberto,MA,Nordeste,6856,226.811,45766,5888,1175,8583,28933
2111706,São Vicente Ferrer,MA,Nordeste,22452,393.928,145752,21869,4668,33499,79076
2111722,Satubinha,MA,Nordeste,14274,441.811,93076,14338,2257,16549,57100
2111748,Senador Alexandre Costa,MA,Nordeste,11285,426.437,101830,18957,2765,26586,47284
2111763,Senador La Rocque,MA,Nordeste,13981,738.187,187130,48776,7334,49209,72602
2111789,Serrano do Maranhão,MA,Nordeste,10343,1165.318,72441,7780,1879,13379,47384
2111805,Sítio Novo,MA,Nordeste,18237,3114.683,221499,77186,5065,46364,82996
2111904,Sucupira do Norte,MA,Nordeste,10631,1074.435,126217,46666,4014,26469,44272
2111953,Sucupira do Riachão,MA,Nordeste,5692,862.226,47999,10131,1986,10086,23828
2112001,Tasso Fragoso,MA,Nordeste,8642,4369.159,2351422,1863066,67992,314486,51299
2112100,Timbiras,MA,Nordeste,29241,1486.584,196337,12638,7812,51993,114396
2112209,Timon,MA,Nordeste,171317,1763.22,2320671,26448,284087,1054876,659926
2112233,Trizidela do Vale,MA,Nordeste,22223,291.61,525500,14646,273241,116561,104050
2112274,Tufilândia,MA,Nordeste,5868,270.934,60049,9384,1584,10969,36553
2112308,Tuntum,MA,Nordeste,42242,3369.121,365192,77065,13314,95760,160480
2112407,Turiaçu,MA,Nordeste,35811,2622.281,295916,94772,7602,53330,131327
2112456,Turilândia,MA,Nordeste,26112,1507.622,223067,67425,5469,37829,106698
2112506,Tutóia,MA,Nordeste,59927,1566.08,546155,33874,29107,192784,250113
2112605,Urbano Santos,MA,Nordeste,33791,1707.621,247485,12061,8504,78477,132637
2112704,Vargem Grande,MA,Nordeste,57813,1958.702,433473,21240,16633,131851,235546
2112803,Viana,MA,Nordeste,52852,1166.745,501710,79948,15816,176381,193255
2112852,Vila Nova dos Martírios,MA,Nordeste,13800,1190.008,156914,60514,4685,29054,56351
2112902,Vitória do Mearim,MA,Nordeste,32956,716.719,318163,42126,12979,104515,136609
2113009,Vitorino Freire,MA,Nordeste,31520,1193.385,325509,53985,9410,109801,130013
2114007,Zé Doca,MA,Nordeste,52190,2140.109,567070,66242,24073,211273,216054
2200053,Acauã,PI,Nordeste,7119,1280.838,73623,16419,2482,14359,36877
2200103,Agricolândia,PI,Nordeste,5123,112.392,47283,7406,3186,9091,25409
2200202,Água Branca,PI,Nordeste,17525,96.843,244027,5365,18155,106538,95314
2200251,Alagoinha do Piauí,PI,Nordeste,7678,535.89,65442,12194,2632,11886,36415
2200277,Alegrete do Piauí,PI,Nordeste,4921,243.732,48184,7212,1890,11232,25567
2200301,Alto Longá,PI,Nordeste,14371,1743.331,130958,20280,5070,27747,71900
2200400,Altos,PI,Nordeste,40681,957.232,538140,14421,56926,201071,217849
2200459,Alvorada do Gurguéia,PI,Nordeste,5469,2131.506,82125,22668,3198,20091,30328
2200509,Amarante,PI,Nordeste,17609,1152.127,192594,18989,18116,53065,89829
2200608,Angical do Piauí,PI,Nordeste,6779,222.008,66749,6252,3423,21198,31248
2200707,Anísio de Abreu,PI,Nordeste,9994,337.877,98552,10792,5008,26246,50573
2200806,Antônio Almeida,PI,Nordeste,3175,644.8,140157,51789,40426,21058,19569
2200905,Aroazes,PI,Nordeste,5819,821.212,57305,7352,2746,13324,30980
2200954,Aroeiras do Itaim,PI,Nordeste,2551,316.235,24630,3728,963,3819,15294
2201002,Arraial,PI,Nordeste,4713,682.727,48922,4354,2198,11474,28619
2201051,Assunção do Piauí,PI,Nordeste,7879,1690.703,64266,8898,2049,10635,40419
2201101,Avelino Lopes,PI,Nordeste,11361,1220.371,97602,12298,4496,19931,56736
2201150,Baixa Grande do Ribeiro,PI,Nordeste,11751,7808.915,1768705,1245821,76752,239643,84835
2201176,Barra D'Alcântara,PI,Nordeste,3953,263.943,38963,2444,1817,9266,23570
2201200,Barras,PI,Nordeste,47298,1722.507,497742,39525,28128,154536,247442
2201309,Barreiras do Piauí,PI,Nordeste,3356,2168.713,163172,110123,6479,17916,20370
2201408,Barro Duro,PI,Nordeste,7022,159.436,90192,17836,9870,20265,36844
2201507,Batalha,PI,Nordeste,26951,1589.01,250807,27418,15695,57697,139174
2201556,Bela Vista do Piauí,PI,Nordeste,4044,499.092,46876,10240,1591,9602,23167
2201572,Belém do Piauí,PI,Nordeste,3607,243.234,41264,6895,3602,7536,21572
2201606,Beneditinos,PI,Nordeste,10479,937.098,91898,8520,4736,20808,53562
2201705,Bertolínia,PI,Nordeste,5512,1216.116,72471,6676,9660,17375,30087
2201739,Betânia do Piauí,PI,Nordeste,6214,579.576,62570,3945,1951,14491,38070
2201770,Boa Hora,PI,Nordeste,6848,336.954,62507,10227,2000,10971,36876
2201804,Bocaina,PI,Nordeste,4509,261.651,47772,8242,2305,9980,25210
2201903,Bom Jesus,PI,Nordeste,25584,5471.024,1411005,469056,90381,548818,141838
2201919,Bom Princípio do Piauí,PI,Nordeste,5670,523.142,70166,18270,2757,11806,34493
2201929,Bonfim do Piauí,PI,Nordeste,5700,289.149,52945,5660,1836,11982,31094
2201945,Boqueirão do Piauí,PI,Nordeste,6443,269.786,51725,3455,1703,11385,32955
2201960,Brasileira,PI,Nordeste,8364,880.836,69325,6020,4959,13467,42073
2201988,Brejo do Piauí,PI,Nordeste,3824,2267.327,43979,6435,1970,9312,24232
2202000,Buriti dos Lopes,PI,Nordeste,19832,690.54,214793,35389,13690,51976,101152
2202026,Buriti dos Montes,PI,Nordeste,8282,2437.326,69690,10742,2745,11010,43100
2202059,Cabeceiras do Piauí,PI,Nordeste,10671,608.747,86140,8978,5104,16483,51839
2202075,Cajazeiras do Piauí,PI,Nordeste,3586,514.106,34182,3290,1154,6488,21892
2202083,Cajueiro da Praia,PI,Nordeste,7704,271.165,115379,19960,6154,39863,42020
2202091,Caldeirão Grande do Piauí,PI,Nordeste,5786,467.083,195079,21853,118332,9834,32763
2202109,Campinas do Piauí,PI,Nordeste,5628,783.842,57498,11367,2365,10675,30806
2202117,Campo Alegre do Fidalgo,PI,Nordeste,5093,657.796,51328,2883,6499,9908,30216
2202133,Campo Grande do Piauí,PI,Nordeste,5987,311.682,62139,8081,2483,16000,32121
2202174,Campo Largo do Piauí,PI,Nordeste,7342,478.078,56554,5220,1717,9428,38358
2202208,Campo Maior,PI,Nordeste,46950,1680.861,706324,36630,52859,297492,250817
2202251,Canavieira,PI,Nordeste,3938,2165.277,41948,7747,1691,6583,24739
2202307,Canto do Buriti,PI,Nordeste,21326,4325.643,271402,33457,15682,96947,105563
2202406,Capitão de Campos,PI,Nordeste,11471,571.658,106411,5261,4532,31960,58579
2202455,Capitão Gervásio Oliveira,PI,Nordeste,4127,1132.995,43672,4822,1314,8752,25518
2202505,Caracol,PI,Nordeste,11009,1610.959,97485,6576,3639,22298,59550
2202539,Caraúbas do Piauí,PI,Nordeste,5910,471.217,57437,8777,1751,11222,33052
2202554,Caridade do Piauí,PI,Nordeste,5102,498.793,50032,6958,3937,8919,27882
2202604,Castelo do Piauí,PI,Nordeste,19716,2378.847,202304,25097,12864,53882,98262
2202653,Caxingó,PI,Nordeste,5477,491.093,53144,6479,1990,10463,32046
2202703,Cocal,PI,Nordeste,27901,1294.133,272775,36996,12423,71273,137368
2202711,Cocal de Telha,PI,Nordeste,4908,310.291,46961,2861,1597,10841,29579
2202729,Cocal dos Alves,PI,Nordeste,6180,324.856,56962,6172,2135,12334,34054
2202737,Coivaras,PI,Nordeste,4044,484.46,37708,3875,1559,7103,23773
2202752,Colônia do Gurguéia,PI,Nordeste,6545,429.591,70560,4905,3113,23145,33876
2202778,Colônia do Piauí,PI,Nordeste,7665,950.193,68111,7579,2900,14827,39609
2202802,Conceição do Canindé,PI,Nordeste,4811,824.729,60446,17675,2592,11548,25717
2202851,Coronel José Dias,PI,Nordeste,4688,1926.103,40770,5188,1981,6863,24769
2202901,Corrente,PI,Nordeste,26771,3048.747,680737,165633,26752,286087,132400
2203008,Cristalândia do Piauí,PI,Nordeste,8350,1202.896,75069,17353,2116,11827,40633
2203107,Cristino Castro,PI,Nordeste,10464,1845.698,121468,6574,6898,42774,56162
2203206,Curimatá,PI,Nordeste,11461,2344.949,140861,18753,11244,42846,58905
2203230,Currais,PI,Nordeste,4982,3156.657,409013,299393,15652,40406,29924
2203255,Curralinhos,PI,Nordeste,4475,345.811,39660,6163,1274,7322,23393
2203271,Curral Novo do Piauí,PI,Nordeste,5390,755.251,78414,6068,19998,8396,32870
2203305,Demerval Lobão,PI,Nordeste,13862,216.807,215834,3406,48545,59175,77283
2203354,Dirceu Arcoverde,PI,Nordeste,7046,1005.571,67493,7114,2516,14299,39742
2203404,Dom Expedito Lopes,PI,Nordeste,6940,218.808,78053,5597,4203,26463,35687
2203420,Domingos Mourão,PI,Nordeste,4352,848.705,46532,6485,2217,10784,25076
2203453,Dom Inocêncio,PI,Nordeste,9574,3871.824,164347,10868,66548,22357,49875
2203503,Elesbão Veloso,PI,Nordeste,14550,1383.976,164745,19391,8558,54588,71600
2203602,Eliseu Martins,PI,Nordeste,4943,1097.79,55592,5439,3559,17268,25284
2203701,Esperantina,PI,Nordeste,39953,908.748,456615,16720,30154,175757,196406
2203750,Fartura do Piauí,PI,Nordeste,5330,713.046,46774,6161,1237,7508,29431
2203800,Flores do Piauí,PI,Nordeste,4461,946.719,48120,6156,3312,9986,26645
2203859,Floresta do Piauí,PI,Nordeste,2561,223.199,25258,3257,809,4970,15014
2203909,Floriano,PI,Nordeste,60111,3407.979,1375704,20910,96984,788407,290321
2204006,Francinópolis,PI,Nordeste,5345,268.704,44797,3905,2151,9347,27438
2204105,Francisco Ayres,PI,Nordeste,4300,656.475,46763,6809,2140,9761,26236
2204154,Francisco Macedo,PI,Nordeste,3216,179.245,30662,1914,1117,6801,19610
2204204,Francisco Santos,PI,Nordeste,9423,492.191,83053,7629,4972,21506,44387
2204303,Fronteiras,PI,Nordeste,11690,777.179,124838,9062,17072,36806,56154
2204352,Geminiano,PI,Nordeste,5477,440.606,59302,12506,5613,10665,27076
2204402,Gilbués,PI,Nordeste,10698,3495.692,416900,231032,16983,77348,62514
2204501,Guadalupe,PI,Nordeste,10496,1026.538,637210,197912,305815,55696,59483
2204550,Guaribas,PI,Nordeste,4573,3118.231,45099,5822,1825,6910,28425
2204600,Hugo Napoleão,PI,Nordeste,3880,224.573,34066,3220,1799,6890,20764
2204659,Ilha Grande,PI,Nordeste,9487,129.696,119727,13930,35685,15564,51143
2204709,Inhuma,PI,Nordeste,15330,978.222,163649,23814,10450,42969,76472
2204808,Ipiranga do Piauí,PI,Nordeste,9863,529.417,82428,7746,5069,19036,46293
2204907,Isaías Coelho,PI,Nordeste,8582,800.688,80798,10748,2882,18849,44091
2205003,Itainópolis,PI,Nordeste,11571,827.62,108203,22530,4817,21005,55045
2205102,Itaueira,PI,Nordeste,11037,2554.179,131859,18434,6790,37529,61787
2205151,Jacobina do Piauí,PI,Nordeste,5718,1333.796,69073,15363,3589,12888,34036
2205201,Jaicós,PI,Nordeste,19233,866.788,191773,29134,9324,51146,90951
2205250,Jardim do Mulato,PI,Nordeste,4522,510.226,39633,4127,1561,7058,25554
2205276,Jatobá do Piauí,PI,Nordeste,4885,650.393,58752,15841,2345,8504,29938
2205300,Jerumenha,PI,Nordeste,4443,1865.94,63533,17608,2831,13268,26578
2205359,João Costa,PI,Nordeste,3003,1800.23,69289,9399,32767,5575,19935
2205409,Joaquim Pires,PI,Nordeste,14396,740.561,118898,14644,5263,23284,70817
2205458,Joca Marques,PI,Nordeste,5488,169.005,46226,4519,1595,8234,30220
2205508,José de Freitas,PI,Nordeste,39457,1538.172,390737,37597,25209,116795,187019
2205516,Juazeiro do Piauí,PI,Nordeste,5491,935.404,55948,7253,3327,12440,30116
2205524,Júlio Borges,PI,Nordeste,5653,1283.916,78729,9293,21845,12950,32729
2205532,Jurema,PI,Nordeste,4790,1271.881,43566,4590,1879,7473,28109
2205540,Lagoinha do Piauí,PI,Nordeste,2870,67.649,40519,1451,1541,18008,15472
2205557,Lagoa Alegre,PI,Nordeste,8610,394.205,77320,5486,3454,17306,47244
2205565,Lagoa do Barro do Piauí,PI,Nordeste,4658,1331.025,537525,5300,368872,55565,31579
2205573,Lagoa de São Francisco,PI,Nordeste,6795,155.86,54980,4010,1891,9820,37610
2205581,Lagoa do Piauí,PI,Nordeste,4086,427.841,74653,4219,13408,25498,24403
2205599,Lagoa do Sítio,PI,Nordeste,5219,805.018,48595,10667,1728,7814,26605
2205607,Landri Sales,PI,Nordeste,5272,1088.583,109799,47288,7144,18779,30588
2205706,Luís Correia,PI,Nordeste,30558,1074.132,378632,36126,27732,129129,159147
2205805,Luzilândia,PI,Nordeste,25521,705.599,241246,18244,11912,71758,125677
2205854,Madeiro,PI,Nordeste,8372,178.842,75141,6476,2456,13554,50288
2205904,Manoel Emídio,PI,Nordeste,5352,1620.413,54807,6608,2940,14749,27214
2205953,Marcolândia,PI,Nordeste,8590,136.785,198363,10319,98923,32621,48198
2206001,Marcos Parente,PI,Nordeste,4546,677.416,54884,4575,3093,16184,27690
2206050,Massapê do Piauí,PI,Nordeste,6456,530.169,52130,5772,1786,9022,33915
2206100,Matias Olímpio,PI,Nordeste,10979,226.785,95557,5590,4308,23453,57762
2206209,Miguel Alves,PI,Nordeste,33901,1392.123,312836,36358,12965,65491,183240
2206308,Miguel Leão,PI,Nordeste,1239,93.412,23618,803,1682,6999,12333
2206357,Milton Brandão,PI,Nordeste,6603,1309.128,53563,7044,1647,9334,33685
2206407,Monsenhor Gil,PI,Nordeste,10563,567.86,127395,9561,8347,43059,55320
2206506,Monsenhor Hipólito,PI,Nordeste,7785,401.568,72882,12826,3208,15864,37657
2206605,Monte Alegre do Piauí,PI,Nordeste,10618,2417.382,298089,158445,11448,45416,64932
2206654,Morro Cabeça no Tempo,PI,Nordeste,4527,2207.658,39149,5844,1370,5247,25427
2206670,Morro do Chapéu do Piauí,PI,Nordeste,6825,328.408,62450,5283,2930,11942,40176
2206696,Murici dos Portelas,PI,Nordeste,9258,475.72,74909,9326,2501,12528,48260
2206704,Nazaré do Piauí,PI,Nordeste,7307,1315.841,67047,5335,3095,15634,39128
2206720,Nazária,PI,Nordeste,8632,362.376,94898,6559,10059,20469,49359
2206753,Nossa Senhora de Nazaré,PI,Nordeste,4911,356.872,47885,6256,1717,8383,29851
2206803,Nossa Senhora dos Remédios,PI,Nordeste,8751,357.896,78547,5514,2999,15441,52022
2206902,Novo Oriente do Piauí,PI,Nordeste,6548,525.906,58176,5641,2886,13742,32830
2206951,Novo Santo Antônio,PI,Nordeste,3014,443.872,31237,5401,1031,6044,17498
2207009,Oeiras,PI,Nordeste,37138,2703.138,584518,19861,42194,275005,186674
2207108,Olho D'Água do Piauí,PI,Nordeste,2477,183.603,28731,7484,1143,4205,15070
2207207,Padre Marcos,PI,Nordeste,6879,278.696,73919,7512,5150,18894,38322
2207306,Paes Landim,PI,Nordeste,4124,401.378,44250,5907,2264,11398,22036
2207355,Pajeú do Piauí,PI,Nordeste,3416,986.961,52581,18819,2375,8346,20666
2207405,Palmeira do Piauí,PI,Nordeste,5029,2024.02,141457,86651,5579,16527,24985
2207504,Palmeirais,PI,Nordeste,14633,1493.764,138834,20728,7380,26329,78117
2207553,Paquetá,PI,Nordeste,3931,432.572,44237,4648,1774,7397,29168
2207603,Parnaguá,PI,Nordeste,10846,3428.811,119216,31504,4674,21697,56272
2207702,Parnaíba,PI,Nordeste,153863,436.907,2973925,72985,359553,1467451,724867
2207751,Passagem Franca do Piauí,PI,Nordeste,4331,643.226,48758,10787,1926,8820,25355
2207777,Patos do Piauí,PI,Nordeste,6420,801.403,64630,14714,3167,11210,32693
2207793,Pau D'Arco do Piauí,PI,Nordeste,4084,430.023,33613,4136,1385,5339,21704
2207801,Paulistana,PI,Nordeste,20583,1941.111,267774,16831,18828,103376,107932
2207850,Pavussu,PI,Nordeste,3662,1090.697,37693,5802,1757,8562,19697
2207900,Pedro II,PI,Nordeste,38812,1544.413,386328,14605,21068,131973,194712
2207934,Pedro Laurentino,PI,Nordeste,2551,870.614,31322,4826,1699,6622,16694
2207959,Nova Santa Rita,PI,Nordeste,4392,909.734,43931,5565,1803,8246,26705
2208007,Picos,PI,Nordeste,78627,577.284,1941759,53517,193301,1067111,390896
2208106,Pimenteiras,PI,Nordeste,12150,4562.58,106976,21997,4833,19524,56378
2208205,Pio IX,PI,Nordeste,18492,1948.142,202556,43737,9681,43615,95537
2208304,Piracuruca,PI,Nordeste,28952,2368.935,363519,30280,26808,133486,145918
2208403,Piripiri,PI,Nordeste,63829,1407.192,917296,22567,109790,381888,321042
2208502,Porto,PI,Nordeste,12646,253.113,118547,6585,16677,24853,65956
2208551,Porto Alegre do Piauí,PI,Nordeste,2728,1168.044,39212,11518,1411,6391,18254
2208601,Prata do Piauí,PI,Nordeste,3149,196.787,27584,1652,1413,6893,16339
2208650,Queimada Nova,PI,Nordeste,9041,1283.369,253314,7515,138513,47465,46210
2208700,Redenção do Gurguéia,PI,Nordeste,8814,2470.531,97930,18763,3567,22019,48516
2208809,Regeneração,PI,Nordeste,17979,1251.321,264517,99707,10812,55107,84451
2208858,Riacho Frio,PI,Nordeste,4306,2220.598,46279,10142,1704,6480,26121
2208874,Ribeira do Piauí,PI,Nordeste,4499,1012.479,217390,5937,173998,7051,28727
2208908,Ribeiro Gonçalves,PI,Nordeste,7408,3987.147,695855,513715,28632,70995,42655
2209005,Rio Grande do Piauí,PI,Nordeste,6434,635.953,61491,7839,3179,14416,33067
2209104,Santa Cruz do Piauí,PI,Nordeste,6254,582.658,61012,5483,2863,16627,32844
2209153,Santa Cruz dos Milagres,PI,Nordeste,4046,978.547,45473,9834,2250,8150,23416
2209203,Santa Filomena,PI,Nordeste,6256,5293.693,615148,412011,34662,85531,40607
2209302,Santa Luz,PI,Nordeste,5903,1185.398,62465,15112,3122,11432,29997
2209351,Santana do Piauí,PI,Nordeste,4650,112.189,40807,5840,1782,7544,24245
2209377,Santa Rosa do Piauí,PI,Nordeste,5254,338.336,50228,5111,4988,11454,26093
2209401,Santo Antônio de Lisboa,PI,Nordeste,6466,385.286,72021,6244,10773,15634,31463
2209450,Santo Antônio dos Milagres,PI,Nordeste,2172,33.64,18051,661,804,2713,13439
2209500,Santo Inácio do Piauí,PI,Nordeste,3809,852.106,40377,6730,1915,8054,22144
2209559,São Braz do Piauí,PI,Nordeste,4454,656.042,39471,6190,1451,6881,23670
2209609,São Félix do Piauí,PI,Nordeste,2923,627.033,32116,4306,1617,6721,17933
2209658,São Francisco de Assis do Piauí,PI,Nordeste,5801,1072.311,55545,6310,2128,12755,31596
2209708,São Francisco do Piauí,PI,Nordeste,6417,1341.451,58406,6834,2363,11540,35245
2209757,São Gonçalo do Gurguéia,PI,Nordeste,3071,1385.255,54607,9094,1616,10327,21722
2209807,São Gonçalo do Piauí,PI,Nordeste,5044,150.495,56735,15016,2843,10572,25700
2209856,São João da Canabrava,PI,Nordeste,4619,480.537,49321,7421,2167,10134,27317
2209872,São João da Fronteira,PI,Nordeste,6084,817.111,60925,4143,1927,16585,34750
2209906,São João da Serra,PI,Nordeste,6106,994.224,59723,8494,2628,13828,32324
2209955,São João da Varjota,PI,Nordeste,4856,394.456,36648,2344,1442,6375,25315
2209971,São João do Arraial,PI,Nordeste,8085,213.377,68235,3570,2328,14353,45456
2210003,São João do Piauí,PI,Nordeste,20720,1527.497,426952,10926,165720,117764,108299
2210052,São José do Divino,PI,Nordeste,5361,319.367,63754,17417,2457,12331,28610
2210102,São José do Peixe,PI,Nordeste,3737,1287.174,42837,6102,1882,8874,24014
2210201,São José do Piauí,PI,Nordeste,6696,373.347,68088,13042,3501,14111,34056
2210300,São Julião,PI,Nordeste,6379,291.089,59545,6018,4528,14130,31601
2210359,São Lourenço do Piauí,PI,Nordeste,4581,673.822,45314,5280,1797,7999,28703
2210375,São Luis do Piauí,PI,Nordeste,2648,217.924,25333,3134,1116,4464,15780
2210383,São Miguel da Baixa Grande,PI,Nordeste,2456,444.528,27272,2919,1002,5432,16923
2210391,São Miguel do Fidalgo,PI,Nordeste,3037,813.444,47464,3463,14791,6410,18456
2210409,São Miguel do Tapuio,PI,Nordeste,17617,4988.973,163378,20495,7176,32941,96151
2210508,São Pedro do Piauí,PI,Nordeste,14356,518.288,134836,12271,7061,35072,73954
2210607,São Raimundo Nonato,PI,Nordeste,35035,2415.287,566295,23320,44905,264147,176413
2210623,Sebastião Barros,PI,Nordeste,3434,893.488,46712,13082,1268,6400,24297
2210631,Sebastião Leal,PI,Nordeste,4311,3148.857,255418,162750,11011,35304,28800
2210656,Sigefredo Pacheco,PI,Nordeste,10074,1031.101,78161,7993,2720,15627,48934
2210706,Simões,PI,Nordeste,14664,1076.055,434505,23503,266067,41484,87877
2210805,Simplício Mendes,PI,Nordeste,12778,1360.028,182912,20292,10675,66536,70602
2210904,Socorro do Piauí,PI,Nordeste,4557,761.854,41067,4593,2010,8481,24230
2210938,Sussuapara,PI,Nordeste,6801,205.194,76908,18164,3664,16896,34084
2210953,Tamboril do Piauí,PI,Nordeste,2939,1587.296,30388,3227,1043,5972,19103
2210979,Tanque do Piauí,PI,Nordeste,2781,398.007,33181,7188,1256,5835,17518
2211001,Teresina,PI,Nordeste,871126,1391.293,23954511,55079,3540780,12461692,4558115
2211100,União,PI,Nordeste,44649,1170.742,420370,32606,28185,123253,208950
2211209,Uruçuí,PI,Nordeste,21746,8413.016,2829979,1130774,537026,642861,131806
2211308,Valença do Piauí,PI,Nordeste,20940,1333.722,289698,19147,21586,121869,101960
2211357,Várzea Branca,PI,Nordeste,4930,450.429,44541,6273,1507,7443,27923
2211407,Várzea Grande,PI,Nordeste,4382,236.453,40996,5267,2004,9119,22551
2211506,Vera Mendes,PI,Nordeste,3082,341.974,31078,4612,1129,6593,17243
2211605,Vila Nova do Piauí,PI,Nordeste,2935,221.627,37035,6398,1509,8684,18008
2211704,Wall Ferraz,PI,Nordeste,4479,270.427,38008,4571,1570,6930,23482
2300101,Abaiara,CE,Nordeste,11965,180.833,117971,23663,3053,29093,56904
2300150,Acarape,CE,Nordeste,15140,130.002,179994,9312,34204,57169,68079
2300200,Acaraú,CE,Nordeste,63556,842.471,1020201,133170,264942,289733,265682
2300309,Acopiara,CE,Nordeste,54687,2254.279,564520,145254,19614,171031,190733
2300408,Aiuaba,CE,Nordeste,17584,2438.563,151596,34133,3098,33933,75084
2300507,Alcântaras,CE,Nordeste,11846,135.76,98202,8402,4789,26247,54764
2300606,Altaneira,CE,Nordeste,7712,72.675,74654,9574,2561,19194,40753
2300705,Alto Santo,CE,Nordeste,16077,1147.208,232268,72845,10252,56941,81358
2300754,Amontada,CE,Nordeste,44195,1175.044,665472,54293,226018,147238,199442
2300804,Antonina do Norte,CE,Nordeste,7402,259.706,78953,5681,2950,25682,40074
2300903,Apuiarés,CE,Nordeste,14742,543.98,120978,11491,5448,35732,61699
2301000,Aquiraz,CE,Nordeste,81581,480.236,3854401,94738,974487,1347196,434603
2301109,Aracati,CE,Nordeste,75392,1227.197,1706227,130621,529562,598729,297681
2301208,Aracoiaba,CE,Nordeste,26600,643.988,266422,42995,10560,80019,117271
2301257,Ararendá,CE,Nordeste,10983,342.301,106784,13293,5563,27874,55233
2301307,Araripe,CE,Nordeste,21707,1097.339,207982,36361,8032,48531,107395
2301406,Aratuba,CE,Nordeste,11759,119.758,151645,51354,3980,32495,58320
2301505,Arneiroz,CE,Nordeste,7848,1068.437,70224,14423,1828,17066,33827
2301604,Assaré,CE,Nordeste,23537,1155.124,237259,44520,7706,75910,96689
2301703,Aurora,CE,Nordeste,24567,885.87,216792,31833,6992,65680,99768
2301802,Baixio,CE,Nordeste,6318,145.556,67541,14267,2166,14465,34708
2301851,Banabuiú,CE,Nordeste,18313,1080.986,260031,52282,40825,66669,85966
2301901,Barbalha,CE,Nordeste,61662,608.158,1345205,143307,199962,584349,289848
2301950,Barreira,CE,Nordeste,22715,260.003,240016,35044,13548,71941,106114
2302008,Barro,CE,Nordeste,22834,711.346,242027,44071,11318,77545,95433
2302057,Barroquinha,CE,Nordeste,15069,385.583,133335,13203,4479,36510,73082
2302107,Baturité,CE,Nordeste,36127,314.075,448272,36852,22651,208836,151595
2302206,Beberibe,CE,Nordeste,54315,1596.751,1059006,370244,168283,247368,228880
2302305,Bela Cruz,CE,Nordeste,32851,842.106,322244,65661,15483,85925,140282
2302404,Boa Viagem,CE,Nordeste,54680,2835.037,539218,61799,36881,189399,214382
2302503,Brejo Santo,CE,Nordeste,50195,654.658,817034,83140,117723,318299,228570
2302602,Camocim,CE,Nordeste,64147,1120.452,839500,96180,154076,280667,257794
2302701,Campos Sales,CE,Nordeste,27513,1082.582,292357,38765,10162,110385,115455
2302800,Canindé,CE,Nordeste,77484,3032.39,911356,60721,72822,370446,342393
2302909,Capistrano,CE,Nordeste,17830,226.549,176809,26508,5289,51841,83480
2303006,Caridade,CE,Nordeste,23011,926.271,186169,20721,7324,55813,88751
2303105,Cariré,CE,Nordeste,18470,755.597,193105,54357,8167,42335,79957
2303204,Caririaçu,CE,Nordeste,27008,634.179,253127,46161,8182,65384,122751
2303303,Cariús,CE,Nordeste,18700,1036.417,180984,51365,5192,41909,74755
2303402,Carnaubal,CE,Nordeste,17763,363.22,166772,17685,6906,48573,85051
2303501,Cascavel,CE,Nordeste,72706,838.115,1074377,127386,128475,411528,315633
2303600,Catarina,CE,Nordeste,21041,488.153,154108,24702,3744,35333,84679
2303659,Catunda,CE,Nordeste,10410,784.022,112081,16349,3338,29683,58554
2303709,Caucaia,CE,Nordeste,368918,1223.246,10422701,64801,3696044,3305418,1356908
2303808,Cedro,CE,Nordeste,25612,729.97,247325,40875,8038,79138,104589
2303907,Chaval,CE,Nordeste,13112,237.248,110318,5685,4771,34129,60249
2303931,Choró,CE,Nordeste,13608,815.268,178989,13500,7985,84820,60724
2303956,Chorozinho,CE,Nordeste,20286,296.431,260273,18176,23333,78132,88964
2304004,Coreaú,CE,Nordeste,23340,750.332,225090,25966,9537,70140,106463
2304103,Crateús,CE,Nordeste,75241,2981.459,952649,92298,50095,438111,307802
2304202,Crato,CE,Nordeste,133913,1138.15,1871587,66634,190332,913224,509428
2304236,Croatá,CE,Nordeste,18201,696.348,224437,75084,5636,53249,82445
2304251,Cruz,CE,Nordeste,25121,335.921,372681,26657,17685,166099,129314
2304269,Deputado Irapuan Pinheiro,CE,Nordeste,9698,471.134,100883,23492,2228,26363,44770
2304277,Ereré,CE,Nordeste,7254,362.906,80690,20726,2512,17845,36908
2304285,Eusébio,CE,Nordeste,55035,78.818,3577497,24767,928477,1503329,370720
2304301,Farias Brito,CE,Nordeste,19330,530.54,202248,46355,6239,49617,91025
2304350,Forquilha,CE,Nordeste,24680,568.778,304957,26869,52447,96570,103602
2304400,Fortaleza,CE,Nordeste,2703391,312.353,73437739,107143,8474214,41839224,10205847
2304459,Fortim,CE,Nordeste,16776,285.024,312460,26665,108281,84875,72704
2304509,Frecheirinha,CE,Nordeste,14195,210.284,275921,11323,87796,75995,71252
2304608,General Sampaio,CE,Nordeste,7767,230.371,86963,8641,2373,26864,42113
2304657,Graça,CE,Nordeste,14415,258.942,129711,13642,4534,32559,74061
2304707,Granja,CE,Nordeste,55170,2663.174,469407,64860,19260,140722,220770
2304806,Granjeiro,CE,Nordeste,4784,111.528,51337,10225,1717,10300,27444
2304905,Groaíras,CE,Nordeste,11219,155.681,110755,10043,5890,33769,53620
2304954,Guaiúba,CE,Nordeste,26508,256.053,231993,23415,15170,65325,116452
2305001,Guaraciaba do Norte,CE,Nordeste,40921,624.606,669209,252867,19745,181927,177601
2305100,Guaramiranga,CE,Nordeste,5073,90.817,80396,9979,3213,32717,30660
2305209,Hidrolândia,CE,Nordeste,20126,926.592,185025,32788,8759,53115,82322
2305233,Horizonte,CE,Nordeste,69688,160.557,2116782,103735,740785,609647,310614
2305266,Ibaretama,CE,Nordeste,13385,879.255,132265,21880,4728,33518,65914
2305308,Ibiapina,CE,Nordeste,25165,414.092,348540,94854,36953,83134,114962
2305332,Ibicuitinga,CE,Nordeste,12730,423.856,124951,19062,4144,32427,63774
2305357,Icapuí,CE,Nordeste,20183,421.44,411021,52514,118421,103076,106043
2305407,Icó,CE,Nordeste,68303,1865.862,737489,110148,42021,261107,275568
2305506,Iguatu,CE,Nordeste,103633,992.208,1904815,225091,147308,884619,438026
2305605,Independência,CE,Nordeste,26196,3222.381,306809,113623,12412,69067,99953
2305654,Ipaporanga,CE,Nordeste,11597,704.773,114127,26432,3157,27825,52051
2305704,Ipaumirim,CE,Nordeste,12507,276.508,143451,24282,7523,46333,55318
2305803,Ipu,CE,Nordeste,42148,626.049,519845,113185,19294,179310,175870
2305902,Ipueiras,CE,Nordeste,38064,1483.258,328115,34647,7743,102283,166790
2306009,Iracema,CE,Nordeste,14351,839.174,195282,45057,7351,56868,76388
2306108,Irauçuba,CE,Nordeste,24450,1466.412,220294,21074,14546,65103,105882
2306207,Itaiçaba,CE,Nordeste,7904,213.604,82855,9883,3875,23458,40423
2306256,Itaitinga,CE,Nordeste,38661,153.686,1258826,7208,183795,620820,191380
2306306,Itapajé,CE,Nordeste,53448,432.188,594581,62630,82239,199604,209087
2306405,Itapipoca,CE,Nordeste,131687,1600.358,1784007,99881,262471,724250,525386
2306504,Itapiúna,CE,Nordeste,20653,593.231,170314,19789,5360,44797,92535
2306553,Itarema,CE,Nordeste,42595,714.833,766786,77678,305283,157933,183032
2306603,Itatira,CE,Nordeste,22018,829.626,174029,19478,4314,45940,96437
2306702,Jaguaretama,CE,Nordeste,18133,1826.826,226644,70782,10078,56205,78258
2306801,Jaguaribara,CE,Nordeste,11580,622.963,154002,31063,6416,45304,62461
2306900,Jaguaribe,CE,Nordeste,34592,1877.062,561175,89542,52360,215448,155035
2307007,Jaguaruana,CE,Nordeste,33960,854.362,566961,86794,120924,141165,151554
2307106,Jardim,CE,Nordeste,27187,544.98,294154,67180,10125,75399,128953
2307205,Jati,CE,Nordeste,8150,368.359,129729,16466,3242,56137,39429
2307254,Jijoca de Jericoacoara,CE,Nordeste,20351,209.029,551638,9075,26430,347801,120726
2307304,Juazeiro do Norte,CE,Nordeste,278264,258.788,5114786,31925,423899,2988180,1048872
2307403,Jucás,CE,Nordeste,24949,940.336,319373,54654,31507,97526,114276
2307502,Lavras da Mangabeira,CE,Nordeste,31476,945.263,343304,89546,13624,95604,129650
2307601,Limoeiro do Norte,CE,Nordeste,60232,744.525,1423366,329454,150059,524692,250412
2307635,Madalena,CE,Nordeste,20031,997.781,174831,21177,5525,50606,88358
2307650,Maracanaú,CE,Nordeste,230986,105.071,12336717,19854,3664406,4907454,1084777
2307700,Maranguape,CE,Nordeste,131677,583.505,1649528,64265,295420,571469,480375
2307809,Marco,CE,Nordeste,27822,573.61,390969,25369,43229,145584,131626
2307908,Martinópole,CE,Nordeste,11407,303.445,96327,7437,3354,27561,53938
2308005,Massapê,CE,Nordeste,39341,567.78,378718,27082,54004,115808,161237
2308104,Mauriti,CE,Nordeste,48370,1079.011,517496,128284,18641,134582,209165
2308203,Meruoca,CE,Nordeste,15309,151.651,129293,8694,7854,34959,72577
2308302,Milagres,CE,Nordeste,27413,579.097,287223,34876,32240,86872,114788
2308351,Milhã,CE,Nordeste,13129,502.137,195290,80564,3688,43137,60472
2308377,Miraíma,CE,Nordeste,13965,708.678,112599,14084,3268,25252,66207
2308401,Missão Velha,CE,Nordeste,35566,613.317,515937,198476,20554,112924,163691
2308500,Mombaça,CE,Nordeste,43917,2115.748,446847,74484,29987,139510,176331
2308609,Monsenhor Tabosa,CE,Nordeste,17264,892.538,160699,20111,4102,47068,80573
2308708,Morada Nova,CE,Nordeste,61590,2763.971,1276864,205851,312099,376388,261784
2308807,Moraújo,CE,Nordeste,8833,414.446,75575,13677,2159,18413,38739
2308906,Morrinhos,CE,Nordeste,22830,411.586,193204,14053,11036,61542,93911
2309003,Mucambo,CE,Nordeste,14561,192.19,131292,10837,4924,42409,65917
2309102,Mulungu,CE,Nordeste,11056,97.951,123801,31128,3842,29819,54771
2309201,Nova Olinda,CE,Nordeste,15798,282.584,163381,16968,13135,50242,73924
2309300,Nova Russas,CE,Nordeste,32487,736.911,336930,15980,10874,139866,141317
2309409,Novo Oriente,CE,Nordeste,28737,947.44,283185,44097,20264,79829,124882
2309458,Ocara,CE,Nordeste,25958,763.075,284836,48855,32721,74395,110770
2309508,Orós,CE,Nordeste,21342,577.526,218899,33614,7586,68849,97746
2309607,Pacajus,CE,Nordeste,74145,250.304,1360535,47299,427831,456707,283862
2309706,Pacatuba,CE,Nordeste,85647,133.236,1235176,27969,323978,420947,303701
2309805,Pacoti,CE,Nordeste,12313,112.433,148366,45198,5037,37160,54736
2309904,Pacujá,CE,Nordeste,6565,88.355,59940,4262,2640,17818,32469
2310001,Palhano,CE,Nordeste,9458,436.98,98773,17809,4412,26999,44103
2310100,Palmácia,CE,Nordeste,13553,128.896,115124,28075,2963,22983,57422
2310209,Paracuru,CE,Nordeste,35526,304.734,555931,49258,95384,203579,169458
2310258,Paraipaba,CE,Nordeste,33232,289.231,535129,126270,81922,142824,143423
2310308,Parambu,CE,Nordeste,31391,2313.868,288689,47932,8133,87813,128656
2310407,Paramoti,CE,Nordeste,12276,539.238,110908,18704,3869,27935,56110
2310506,Pedra Branca,CE,Nordeste,43359,1302.081,389914,40783,9630,123938,195399
2310605,Penaforte,CE,Nordeste,9207,150.536,122162,13898,5295,43357,48972
2310704,Pentecoste,CE,Nordeste,38045,1379.836,484760,59071,73375,139880,179643
2310803,Pereiro,CE,Nordeste,16356,435.868,560571,34847,13827,358702,74775
2310852,Pindoretama,CE,Nordeste,20964,74.033,274852,26560,15563,103708,107772
2310902,Piquet Carneiro,CE,Nordeste,17210,589.601,162092,28524,4316,44220,76893
2310951,Pires Ferreira,CE,Nordeste,11052,244.464,84230,17675,2794,17209,43382
2311009,Poranga,CE,Nordeste,12358,1310.771,109402,10439,3790,32583,57397
2311108,Porteiras,CE,Nordeste,14920,224.86,186375,50607,8198,44200,74879
2311207,Potengi,CE,Nordeste,11165,343.264,110570,20472,4819,31212,49672
2311231,Potiretama,CE,Nordeste,6455,409.137,96816,29676,4355,21161,37897
2311264,Quiterianópolis,CE,Nordeste,21246,1041.832,184720,27760,5411,51976,89826
2311306,Quixadá,CE,Nordeste,88899,2020.586,1109869,104794,66048,489828,361528
2311355,Quixelô,CE,Nordeste,16116,605.345,198820,67571,4256,45199,72389
2311405,Quixeramobim,CE,Nordeste,82455,3324.987,1402461,149436,290142,520662,320101
2311504,Quixeré,CE,Nordeste,22432,613.099,637015,108210,235182,133180,105545
2311603,Redenção,CE,Nordeste,29238,247.989,409867,95815,30414,127843,131891
2311702,Reriutaba,CE,Nordeste,18279,372.949,190710,22122,14054,62340,80539
2311801,Russas,CE,Nordeste,79550,1611.091,1158523,120601,152377,432063,332272
2311900,Saboeiro,CE,Nordeste,15757,1381.274,169856,53256,4014,34207,72951
2311959,Salitre,CE,Nordeste,16714,806.253,159284,25194,3856,37686,87086
2312007,Santana do Acaraú,CE,Nordeste,32851,972.573,280072,49538,10897,72123,135882
2312106,Santana do Cariri,CE,Nordeste,17726,855.165,159277,28383,5157,36529,83710
2312205,Santa Quitéria,CE,Nordeste,43719,4262.293,633710,97193,108317,188009,197237
2312304,São Benedito,CE,Nordeste,48354,350.847,627180,154035,31074,206784,195862
2312403,São Gonçalo do Amarante,CE,Nordeste,49306,842.635,8624987,47518,5238850,1454218,312348
2312502,São João do Jaguaribe,CE,Nordeste,7557,279.451,107898,46655,2531,19676,35208
2312601,São Luís do Curu,CE,Nordeste,13086,122.865,133109,15048,14153,36820,57523
2312700,Senador Pompeu,CE,Nordeste,25418,956.882,352272,45086,54320,119903,106017
2312809,Senador Sá,CE,Nordeste,7758,424.642,62766,7651,1876,16709,34287
2312908,Sobral,CE,Nordeste,212437,2068.474,5395130,51617,1228331,2596111,965637
2313005,Solonópole,CE,Nordeste,18389,1535.855,303284,63627,57521,77541,86356
2313104,Tabuleiro do Norte,CE,Nordeste,32079,1047.637,450593,54072,54133,176995,126963
2313203,Tamboril,CE,Nordeste,26199,2014.543,282247,70097,8718,75382,117292
2313252,Tarrafas,CE,Nordeste,8555,412.719,85682,19124,3296,18272,42203
2313302,Tauá,CE,Nordeste,59259,4010.618,711836,99459,39185,294449,224021
2313351,Tejuçuoca,CE,Nordeste,19551,758.707,136988,12026,4304,32854,82178
2313401,Tianguá,CE,Nordeste,77111,909.853,1732690,344455,177027,678008,326956
2313500,Trairi,CE,Nordeste,56653,928.725,1115144,72027,491503,224615,250907
2313559,Tururu,CE,Nordeste,16588,201.27,138079,17268,5184,33971,76714
2313609,Ubajara,CE,Nordeste,35295,423.673,642046,169107,116158,162615,151549
2313708,Umari,CE,Nordeste,7740,263.183,69441,15164,2032,14875,35204
2313757,Umirim,CE,Nordeste,19976,315.648,172797,33360,7327,38466,81745
2313807,Uruburetama,CE,Nordeste,22223,99.4,299474,56494,55522,71909,100173
2313906,Uruoca,CE,Nordeste,13988,697.683,298207,25219,124894,69188,65409
2313955,Varjota,CE,Nordeste,18520,179.239,375819,153292,18081,97380,89137
2314003,Várzea Alegre,CE,Nordeste,41078,829.976,468101,64327,31745,168249,169262
2314102,Viçosa do Ceará,CE,Nordeste,61916,1310.91,603321,127798,34449,145587,245596
2400109,Acari,RN,Nordeste,11106,608.466,141992,17169,8762,41690,63154
2400208,Assú,RN,Nordeste,58743,1303.442,1467562,35044,483176,518977,330939
2400307,Afonso Bezerra,RN,Nordeste,11024,576.179,138262,8878,21455,28612,73059
2400406,Água Nova,RN,Nordeste,3293,50.684,34552,1135,1001,8887,22038
2400505,Alexandria,RN,Nordeste,13529,381.205,150789,6760,3027,58180,72752
2400604,Almino Afonso,RN,Nordeste,4685,128.038,50061,2673,2238,12956,29925
2400703,Alto do Rodrigues,RN,Nordeste,14923,191.334,616322,21237,304515,141516,109153
2400802,Angicos,RN,Nordeste,11695,741.582,180163,6314,6847,78364,71611
2400901,Antônio Martins,RN,Nordeste,7162,244.897,65525,3497,2870,15339,40751
2401008,Apodi,RN,Nordeste,35904,1602.477,709586,65975,168019,229538,191888
2401107,Areia Branca,RN,Nordeste,28156,342.749,935968,18116,388193,273953,176058
2401206,Arez,RN,Nordeste,14526,115.407,386631,92347,82343,74999,94452
2401305,Campo Grande,RN,Nordeste,9686,890.89,105354,10856,3784,30123,55108
2401404,Baía Formosa,RN,Nordeste,9373,247.484,325030,74901,97477,64390,56159
2401453,Baraúna,RN,Nordeste,29112,825.681,746395,73461,197064,189703,183388
2401503,Barcelona,RN,Nordeste,3989,152.626,45864,1593,1790,10446,30481
2401602,Bento Fernandes,RN,Nordeste,5552,301.069,88429,5428,31441,10398,38549
2401651,Bodó,RN,Nordeste,2171,253.519,286574,4083,246251,9465,24181
2401701,Bom Jesus,RN,Nordeste,10323,122.035,109336,5411,4441,33612,57970
2401800,Brejinho,RN,Nordeste,12873,61.559,139463,4170,5022,45048,74582
2401859,Caiçara do Norte,RN,Nordeste,6572,225.633,112176,15686,17591,25458,43210
2401909,Caiçara do Rio do Vento,RN,Nordeste,3745,261.194,60456,1983,13544,13343,28012
2402006,Caicó,RN,Nordeste,68726,1228.584,1394838,54394,80879,687110,392190
2402105,Campo Redondo,RN,Nordeste,11363,213.727,106965,2431,4589,22890,73375
2402204,Canguaretama,RN,Nordeste,34814,245.485,605673,194645,16405,146734,197510
2402303,Caraúbas,RN,Nordeste,20588,1095.803,373657,22127,89197,114031,125133
2402402,Carnaúba dos Dantas,RN,Nordeste,8297,246.308,118372,3912,12552,41702,49044
2402501,Carnaubais,RN,Nordeste,10972,517.737,210948,12107,74994,47258,69035
2402600,Ceará-Mirim,RN,Nordeste,74268,724.838,1002193,74458,45712,365315,419272
2402709,Cerro Corá,RN,Nordeste,11182,393.573,140410,22925,5741,31221,69139
2402808,Coronel Ezequiel,RN,Nordeste,5501,185.748,52506,3831,1596,10733,34364
2402907,Coronel João Pessoa,RN,Nordeste,4918,117.139,48166,2481,1156,9922,33140
2403004,Cruzeta,RN,Nordeste,7968,295.83,123141,19906,7914,36105,48024
2403103,Currais Novos,RN,Nordeste,45022,864.349,804224,19164,80321,364932,252593
2403202,Doutor Severiano,RN,Nordeste,7068,113.737,78555,5559,1492,19755,47602
2403251,Parnamirim,RN,Nordeste,272490,124.006,6845358,84031,577662,3470184,1550432
2403301,Encanto,RN,Nordeste,5697,125.749,62292,3253,2314,15739,38366
2403400,Equador,RN,Nordeste,6064,264.985,81976,1959,11891,21595,40623
2403509,Espírito Santo,RN,Nordeste,10463,135.838,97584,4803,3117,22482,61582
2403608,Extremoz,RN,Nordeste,29282,140.639,570418,14469,83820,221907,190176
2403707,Felipe Guerra,RN,Nordeste,6009,268.591,173825,5087,81301,40754,42662
2403756,Fernando Pedroza,RN,Nordeste,3081,322.628,39069,1308,1768,10633,23689
2403806,Florânia,RN,Nordeste,9772,507.892,120492,13214,10285,32503,56103
2403905,Francisco Dantas,RN,Nordeste,2801,181.558,32758,3207,1082,6640,20834
2404002,Frutuoso Gomes,RN,Nordeste,4015,63.279,44911,2009,2284,13145,24771
2404101,Galinhos,RN,Nordeste,2903,340.769,162616,28640,78754,19906,26292
2404200,Goianinha,RN,Nordeste,27004,192.279,546570,42508,75316,199599,176852
2404309,Governador Dix-Sept Rosado,RN,Nordeste,13115,1129.55,386259,33017,171946,80074,82795
2404408,Grossos,RN,Nordeste,10541,124.538,158308,3782,28640,45728,67523
2404507,Guamaré,RN,Nordeste,16261,258.307,2042133,41293,1471020,258287,190763
2404606,Ielmo Marinho,RN,Nordeste,14033,312.028,140718,16513,2968,28023,86470
2404705,Ipanguaçu,RN,Nordeste,15759,374.245,196498,48341,7935,40826,86022
2404804,Ipueira,RN,Nordeste,2264,127.348,34929,4817,1491,7640,19281
2404853,Itajá,RN,Nordeste,7641,203.624,99444,3287,10198,32214,44885
2404903,Itaú,RN,Nordeste,5916,133.031,73781,6546,2926,22671,36168
2405009,Jaçanã,RN,Nordeste,9341,54.561,86389,6103,3671,19724,52812
2405108,Jandaíra,RN,Nordeste,6907,442.754,101429,8303,3878,22218,48265
2405207,Janduís,RN,Nordeste,5228,303.448,84497,4414,24352,16287,36183
2405306,Januário Cicco,RN,Nordeste,10367,170.737,84899,3235,3843,17635,55623
2405405,Japi,RN,Nordeste,4935,188.99,51547,2327,1896,11357,34372
2405504,Jardim de Angicos,RN,Nordeste,2600,254.022,64391,5032,27698,6118,22687
2405603,Jardim de Piranhas,RN,Nordeste,15044,330.53,213313,20915,21275,65103,89061
2405702,Jardim do Seridó,RN,Nordeste,12397,367.645,207991,17299,30304,68528,71059
2405801,João Câmara,RN,Nordeste,35360,714.961,1269833,21379,712023,241850,222640
2405900,João Dias,RN,Nordeste,2653,88.173,27991,1587,560,5316,19827
2406007,José da Penha,RN,Nordeste,5941,117.635,67413,5960,2134,17592,38241
2406106,Jucurutu,RN,Nordeste,18335,933.73,315838,36871,54305,87739,104650
2406155,Jundiá,RN,Nordeste,3945,44.641,42147,3326,1185,7499,29090
2406205,Lagoa d'Anta,RN,Nordeste,6851,105.652,70837,2180,2514,19367,43222
2406304,Lagoa de Pedras,RN,Nordeste,7624,117.971,81381,9881,2793,17204,47813
2406403,Lagoa de Velhos,RN,Nordeste,2732,111.607,38240,1762,5959,7104,22391
2406502,Lagoa Nova,RN,Nordeste,15880,176.302,269032,15412,77170,47028,97120
2406601,Lagoa Salgada,RN,Nordeste,8348,79.128,94311,4297,3545,26199,55367
2406700,Lajes,RN,Nordeste,11410,676.625,165928,3765,10585,63549,66485
2406809,Lajes Pintadas,RN,Nordeste,4768,130.211,51593,1473,2244,11904,34222
2406908,Lucrécia,RN,Nordeste,4053,30.931,51509,2535,6960,13375,25618
2407005,Luís Gomes,RN,Nordeste,10175,166.638,87825,1866,2330,20589,59670
2407104,Macaíba,RN,Nordeste,82828,510.092,1828142,36133,485851,605895,433168
2407203,Macau,RN,Nordeste,32260,775.302,1111118,40768,546975,290912,186985
2407252,Major Sales,RN,Nordeste,4102,31.971,48003,2225,968,13168,29332
2407302,Marcelino Vieira,RN,Nordeste,8325,345.711,82889,9625,2720,19383,47215
2407401,Martins,RN,Nordeste,8790,169.464,108194,2108,4241,40504,52392
2407500,Maxaranguape,RN,Nordeste,12714,132.129,134892,15016,5242,32076,74779
2407609,Messias Targino,RN,Nordeste,4665,142.608,55529,3235,2024,16792,29496
2407708,Montanhas,RN,Nordeste,11166,82.214,130282,4784,4756,42404,67507
2407807,Monte Alegre,RN,Nordeste,22698,211.259,271451,14648,23674,78453,136183
2407906,Monte das Gameleiras,RN,Nordeste,2063,71.946,32366,1227,987,8061,21099
2408003,Mossoró,RN,Nordeste,303792,2099.334,8071719,184225,1285190,3766138,1662885
2408102,Natal,RN,Nordeste,896708,167.401,24186139,19998,2556518,13347894,4851091
2408201,Nísia Floresta,RN,Nordeste,28266,307.719,474716,123070,24345,119029,175294
2408300,Nova Cruz,RN,Nordeste,37554,277.658,560495,16591,28436,234694,212905
2408409,Olho d'Água do Borges,RN,Nordeste,4231,141.17,47532,3285,5355,10288,26708
2408508,Ouro Branco,RN,Nordeste,4813,253.21,61703,8753,3206,15374,30523
2408607,Paraná,RN,Nordeste,4298,81.39,43930,2526,829,9234,29928
2408706,Paraú,RN,Nordeste,3732,383.214,55256,10097,2012,12992,27172
2408805,Parazinho,RN,Nordeste,5307,231.007,606239,5512,528052,20688,40792
2408904,Parelhas,RN,Nordeste,21611,513.507,368924,12580,63401,137530,124957
2408953,Rio do Fogo,RN,Nordeste,10961,151.097,185590,32817,31176,35592,76527
2409100,Passa e Fica,RN,Nordeste,13667,42.137,152322,3065,7012,49064,82094
2409209,Passagem,RN,Nordeste,3114,41.215,46128,2108,1796,15810,24886
2409308,Patu,RN,Nordeste,12861,319.135,160912,5482,6372,64954,70134
2409332,Santa Maria,RN,Nordeste,5689,219.57,78031,3376,2107,29354,36402
2409407,Pau dos Ferros,RN,Nordeste,30802,259.959,709328,9012,38730,389068,175826
2409506,Pedra Grande,RN,Nordeste,3163,221.167,293283,7183,213403,18822,33888
2409605,Pedra Preta,RN,Nordeste,2419,294.985,36126,3507,808,6585,22804
2409704,Pedro Avelino,RN,Nordeste,6591,952.755,79994,4115,2807,17562,49395
2409803,Pedro Velho,RN,Nordeste,14881,192.708,173615,17036,6916,41799,99185
2409902,Pendências,RN,Nordeste,15411,419.137,757491,277388,223525,104514,98121
2410009,Pilões,RN,Nordeste,3900,82.69,41829,1846,1290,11231,25145
2410108,Poço Branco,RN,Nordeste,15646,230.401,131859,11691,5353,23998,85973
2410207,Portalegre,RN,Nordeste,7944,110.054,78933,2476,6033,21020,45523
2410256,Porto do Mangue,RN,Nordeste,6605,361.237,149471,7666,59725,31046,44488
2410306,Serra Caiada,RN,Nordeste,10646,217.539,109306,5397,7404,26790,62406
2410405,Pureza,RN,Nordeste,9825,504.294,169428,66327,4920,24359,63397
2410504,Rafael Fernandes,RN,Nordeste,5158,78.231,53271,5580,1871,16590,25663
2410603,Rafael Godeiro,RN,Nordeste,3214,100.073,43450,3293,3794,9584,25054
2410702,Riacho da Cruz,RN,Nordeste,3648,127.223,37507,1939,1679,7704,24804
2410801,Riacho de Santana,RN,Nordeste,4194,128.106,43512,2802,1136,9478,28696
2410900,Riachuelo,RN,Nordeste,8310,262.887,192156,2108,84834,39733,53625
2411007,Rodolfo Fernandes,RN,Nordeste,4457,154.84,59192,5548,2095,15464,33146
2411056,Tibau,RN,Nordeste,4173,169.365,115022,17060,6620,43278,36367
2411106,Ruy Barbosa,RN,Nordeste,3584,125.809,126772,2151,84829,8647,28489
2411205,Santa Cruz,RN,Nordeste,40295,624.356,619036,33781,31230,268281,224065
2411403,Santana do Matos,RN,Nordeste,11808,1422.268,147037,15114,5192,40083,75868
2411429,Santana do Seridó,RN,Nordeste,2699,188.403,36353,2836,3284,7772,20660
2411502,Santo Antônio,RN,Nordeste,24422,301.082,302533,9218,11342,113420,142440
2411601,São Bento do Norte,RN,Nordeste,2687,288.761,549241,10552,452181,19561,27247
2411700,São Bento do Trairí,RN,Nordeste,4541,190.818,45623,3432,1741,8121,30965
2411809,São Fernando,RN,Nordeste,3606,404.427,63596,13130,8497,11786,26599
2411908,São Francisco do Oeste,RN,Nordeste,4281,75.588,54447,2443,3572,14869,30777
2412005,São Gonçalo do Amarante,RN,Nordeste,104919,249.8,1905641,38448,169638,878071,589005
2412104,São João do Sabugi,RN,Nordeste,6221,277.011,84585,19648,3161,19201,36943
2412203,São José de Mipibu,RN,Nordeste,44566,289.987,1040956,58942,122526,435717,261506
2412302,São José do Campestre,RN,Nordeste,12901,341.115,125090,3717,5058,31292,79426
2412401,São José do Seridó,RN,Nordeste,4696,174.505,83854,12666,10076,22957,30956
2412500,São Miguel,RN,Nordeste,23789,166.233,319740,10348,8963,129482,137393
2412559,São Miguel do Gostoso,RN,Nordeste,10441,431.444,492637,12444,310242,64906,77780
2412609,São Paulo do Potengi,RN,Nordeste,17858,240.425,231552,6972,13377,86723,105894
2412708,São Pedro,RN,Nordeste,5889,195.237,55799,3588,2219,11932,36141
2412807,São Rafael,RN,Nordeste,8183,469.101,88674,13206,3755,20342,47204
2412906,São Tomé,RN,Nordeste,11051,862.585,111773,3311,4759,27294,69995
2413003,São Vicente,RN,Nordeste,6476,197.817,76920,6676,5155,18729,41504
2413102,Senador Elói de Souza,RN,Nordeste,6167,152.376,60475,2257,3011,13302,39694
2413201,Senador Georgino Avelino,RN,Nordeste,4527,26.1,116486,65429,1754,10249,31285
2413300,Serra de São Bento,RN,Nordeste,5739,96.628,57410,1617,2755,15823,34228
2413359,Serra do Mel,RN,Nordeste,12225,620.241,858721,45640,565336,80193,80731
2413409,Serra Negra do Norte,RN,Nordeste,8105,562.396,118874,16410,6653,41904,46063
2413508,Serrinha,RN,Nordeste,6128,193.351,71897,7661,2343,15200,43900
2413557,Serrinha dos Pintos,RN,Nordeste,4832,122.375,49786,2102,3051,12535,29640
2413607,Severiano Melo,RN,Nordeste,1743,157.85,63098,8293,4556,22768,21259
2413706,Sítio Novo,RN,Nordeste,5600,213.456,53783,3122,1613,11158,36020
2413805,Taboleiro Grande,RN,Nordeste,2606,124.093,32472,1470,1477,7701,20648
2413904,Taipu,RN,Nordeste,12314,352.818,155197,38026,8996,26351,71871
2414001,Tangará,RN,Nordeste,16008,339.484,201782,5256,18673,64277,94105
2414100,Tenente Ananias,RN,Nordeste,10923,223.671,113586,5346,4534,32517,65178
2414159,Tenente Laurentino Cruz,RN,Nordeste,6085,68.556,107284,8971,21190,26124,43470
2414209,Tibau do Sul,RN,Nordeste,14694,102.68,415829,19198,34868,228062,99757
2414308,Timbaúba dos Batistas,RN,Nordeste,2427,135.456,43617,10870,1281,8684,20312
2414407,Touros,RN,Nordeste,33716,753.961,814838,99515,286754,173527,207128
2414456,Triunfo Potiguar,RN,Nordeste,3195,268.725,45829,4594,1789,10043,27621
2414506,Umarizal,RN,Nordeste,10485,213.584,151205,8624,5764,61441,62538
2414605,Upanema,RN,Nordeste,14937,873.14,214152,13530,40968,55723,91275
2414704,Várzea,RN,Nordeste,5529,72.684,56555,2199,2190,14542,35561
2414753,Venha-Ver,RN,Nordeste,4232,71.621,43202,2096,1032,8432,30311
2414803,Vera Cruz,RN,Nordeste,12789,84.127,133469,8133,6328,34880,75508
2414902,Viçosa,RN,Nordeste,1731,37.905,23238,1075,879,5477,14892
2415008,Vila Flor,RN,Nordeste,3217,47.656,44403,5807,1976,9616,24950
2500106,Água Branca,PB,Nordeste,10375,241.662,92268,6074,3755,20935,57405
2500205,Aguiar,PB,Nordeste,5622,351.607,60256,5837,5974,12376,31700
2500304,Alagoa Grande,PB,Nordeste,28384,322.071,300766,29548,15614,86554,151078
2500403,Alagoa Nova,PB,Nordeste,20992,128.23,335568,106987,47694,61155,102036
2500502,Alagoinha,PB,Nordeste,14629,111.361,138844,12233,4814,34655,80676
2500536,Alcantil,PB,Nordeste,5527,309.896,55221,6316,1919,11031,34076
2500577,Algodão de Jandaíra,PB,Nordeste,2588,222.74,28688,1977,931,5452,19709
2500601,Alhandra,PB,Nordeste,19865,183.974,3391901,30131,181910,2232427,136909
2500700,São João do Rio do Peixe,PB,Nordeste,18020,476.238,226326,24076,11447,71169,98895
2500734,Amparo,PB,Nordeste,2264,122.094,29514,2456,1423,6616,17849
2500775,Aparecida,PB,Nordeste,8482,291.478,105562,8676,10588,31384,44699
2500809,Araçagi,PB,Nordeste,16857,232.177,186121,33101,9282,39230,97068
2500908,Arara,PB,Nordeste,13613,91.306,112505,5684,2979,29678,67610
2501005,Araruna,PB,Nordeste,20610,246.717,204618,13816,8888,55605,114393
2501104,Areia,PB,Nordeste,22493,269.13,258030,34024,19434,70906,113542
2501153,Areia de Baraúnas,PB,Nordeste,2105,114.078,26146,1341,1871,4367,16678
2501203,Areial,PB,Nordeste,7054,35.81,62686,2767,1790,15112,40232
2501302,Aroeiras,PB,Nordeste,19081,376.118,286086,10750,17815,136394,103968
2501351,Assunção,PB,Nordeste,4067,132.139,48605,2899,6198,11061,25940
2501401,Baía da Traição,PB,Nordeste,9197,102.756,108130,20787,3569,24693,54904
2501500,Bananeiras,PB,Nordeste,21220,255.641,279647,58599,17114,80356,110499
2501534,Baraúna,PB,Nordeste,5033,50.03,49872,1613,1444,13296,30986
2501575,Barra de Santana,PB,Nordeste,8338,375.177,90980,20245,2379,16154,49441
2501609,Barra de Santa Rosa,PB,Nordeste,15607,781.187,151140,14942,8422,37232,81743
2501708,Barra de São Miguel,PB,Nordeste,6095,609.697,85061,29865,2951,12300,37753
2501807,Bayeux,PB,Nordeste,97519,27.705,1367700,5475,113218,570475,487098
2501906,Belém,PB,Nordeste,17733,99.609,217642,9453,26487,65732,92072
2502003,Belém do Brejo do Cruz,PB,Nordeste,7356,601.549,78754,8248,3129,18178,43611
2502052,Bernardino Batista,PB,Nordeste,3571,57.453,40115,2406,2372,8279,25638
2502102,Boa Ventura,PB,Nordeste,5248,168.664,51771,5516,2484,11639,30274
2502151,Boa Vista,PB,Nordeste,7218,468.933,203601,15345,81833,38412,43936
2502201,Bom Jesus,PB,Nordeste,2588,47.367,32154,2552,1794,8236,17937
2502300,Bom Sucesso,PB,Nordeste,4937,186.059,54738,6920,4722,11122,29779
2502409,Bonito de Santa Fé,PB,Nordeste,12126,226.798,96760,7564,4276,20271,61026
2502508,Boqueirão,PB,Nordeste,17934,373.077,260287,51267,23098,62111,98366
2502607,Igaracy,PB,Nordeste,6092,197.058,60877,7635,3062,13525,34268
2502706,Borborema,PB,Nordeste,5311,26.107,69315,20521,3005,11415,32761
2502805,Brejo do Cruz,PB,Nordeste,14287,401.315,147569,7229,8681,45093,77951
2502904,Brejo dos Santos,PB,Nordeste,6479,93.857,64523,3312,3579,16740,38202
2503001,Caaporã,PB,Nordeste,22079,151.018,416707,21187,105499,113931,122797
2503100,Cabaceiras,PB,Nordeste,5710,469.171,116784,65120,3413,13031,31714
2503209,Cabedelo,PB,Nordeste,69773,29.873,3137677,4911,541835,1507458,432132
2503308,Cachoeira dos Índios,PB,Nordeste,10364,193.215,125141,7339,4674,46870,52427
2503407,Cacimba de Areia,PB,Nordeste,3708,213.018,39217,5836,2393,7391,22469
2503506,Cacimba de Dentro,PB,Nordeste,17169,165.072,154293,13291,5200,36418,92588
2503555,Cacimbas,PB,Nordeste,7225,124.068,67251,4920,2578,13795,43816
2503605,Caiçara,PB,Nordeste,7182,123.677,65797,5685,2951,15555,38918
2503704,Cajazeiras,PB,Nordeste,62576,562.703,1231837,19796,117305,604188,333275
2503753,Cajazeirinhas,PB,Nordeste,3217,282.693,42140,7219,2348,7273,24114
2503803,Caldas Brandão,PB,Nordeste,6077,55.963,74927,6366,6096,21820,35210
2503902,Camalaú,PB,Nordeste,6048,541.841,71860,6733,3661,20805,36371
2504009,Campina Grande,PB,Nordeste,413830,591.658,10349781,36425,1953756,4765996,2081468
2504033,Capim,PB,Nordeste,6715,79.876,75876,10683,3063,18180,40308
2504074,Caraúbas,PB,Nordeste,4206,486.622,42317,4099,1797,9243,25653
2504108,Carrapateira,PB,Nordeste,2714,59.07,31011,1848,1293,6400,20787
2504157,Casserengue,PB,Nordeste,7530,202.761,70122,5410,2817,14975,44105
2504207,Catingueira,PB,Nordeste,4938,527.424,53095,5472,3279,11457,30441
2504306,Catolé do Rocha,PB,Nordeste,30819,551.765,506809,14235,48008,228296,158142
2504355,Caturité,PB,Nordeste,4898,117.823,61814,11731,4457,12217,30537
2504405,Conceição,PB,Nordeste,19030,580.65,209556,16115,10610,66803,103229
2504504,Condado,PB,Nordeste,6662,265.473,90623,8296,25483,15983,37888
2504603,Conde,PB,Nordeste,25341,171.267,1274198,23858,241363,523257,164987
2504702,Congo,PB,Nordeste,4787,324.686,61917,10620,3930,15506,28767
2504801,Coremas,PB,Nordeste,15438,372.012,250138,23867,90110,49131,70304
2504850,Coxixola,PB,Nordeste,1948,173.942,24115,1830,1199,5342,14801
2504900,Cruz do Espírito Santo,PB,Nordeste,17599,192.512,191764,29332,13670,43195,96345
2505006,Cubati,PB,Nordeste,7866,163.57,76970,8562,3591,16407,45667
2505105,Cuité,PB,Nordeste,20331,733.818,220943,24375,7060,71532,101955
2505204,Cuitegi,PB,Nordeste,6748,42.091,66817,5236,3781,14852,40476
2505238,Cuité de Mamanguape,PB,Nordeste,6360,107.68,74254,9636,3042,16092,42302
2505279,Curral de Cima,PB,Nordeste,5209,86.428,55714,10084,2022,9545,32590
2505303,Curral Velho,PB,Nordeste,2508,217.624,26853,3786,866,4898,16559
2505352,Damião,PB,Nordeste,5409,186.198,50368,2372,1415,11009,33796
2505402,Desterro,PB,Nordeste,8332,182.018,72920,5256,3605,19240,41109
2505501,Vista Serrana,PB,Nordeste,3850,60.39,39511,1550,1841,10104,24251
2505600,Diamante,PB,Nordeste,6506,271.791,59527,5012,2977,14427,34421
2505709,Dona Inês,PB,Nordeste,10375,173.648,94022,8213,3412,19990,58715
2505808,Duas Estradas,PB,Nordeste,3569,27.012,45155,6334,1900,10703,24257
2505907,Emas,PB,Nordeste,3556,248.226,41741,7050,1906,7392,24135
2506004,Esperança,PB,Nordeste,33386,157.851,709828,25947,45648,372667,183586
2506103,Fagundes,PB,Nordeste,11180,185.061,105579,8837,4500,24757,62613
2506202,Frei Martinho,PB,Nordeste,2989,238.658,30352,1942,1147,7110,18879
2506251,Gado Bravo,PB,Nordeste,8292,192.42,76350,11060,1991,13237,48125
2506301,Guarabira,PB,Nordeste,59389,162.387,1778824,31115,214143,954120,286374
2506400,Gurinhém,PB,Nordeste,14125,340.408,151393,15751,10458,39414,77896
2506509,Gurjão,PB,Nordeste,3477,344.502,38417,3806,2314,7857,23174
2506608,Ibiara,PB,Nordeste,5877,240.357,58012,6199,3113,12846,33143
2506707,Imaculada,PB,Nordeste,11877,317.804,98470,7109,3199,22125,61465
2506806,Ingá,PB,Nordeste,18184,262.179,195442,7093,16161,55984,103681
2506905,Itabaiana,PB,Nordeste,24363,210.572,336826,22987,19308,137053,129119
2507002,Itaporanga,PB,Nordeste,24960,460.21,342219,14207,28756,136589,129928
2507101,Itapororoca,PB,Nordeste,18978,145.806,206834,30029,7467,56926,101322
2507200,Itatuba,PB,Nordeste,11069,251.749,154474,16870,33319,31576,59351
2507309,Jacaraú,PB,Nordeste,14467,256.845,165481,18410,8341,41610,89455
2507408,Jericó,PB,Nordeste,7751,177.356,76561,8598,3970,17935,42593
2507507,João Pessoa,PB,Nordeste,825796,210.044,21865637,43109,3251253,11135922,4288992
2507606,Juarez Távora,PB,Nordeste,8014,75.678,73279,4307,3267,18577,43965
2507705,Juazeirinho,PB,Nordeste,18422,474.606,210738,10124,12588,68900,101010
2507804,Junco do Seridó,PB,Nordeste,7238,180.425,96811,6582,11287,30725,40775
2507903,Juripiranga,PB,Nordeste,10830,78.706,117631,14645,5257,30129,61466
2508000,Juru,PB,Nordeste,9831,395.075,87525,9432,3967,18953,51509
2508109,Lagoa,PB,Nordeste,4640,176.649,51364,3141,2123,16228,27989
2508208,Lagoa de Dentro,PB,Nordeste,7754,83.508,83716,9038,2970,20759,47194
2508307,Lagoa Seca,PB,Nordeste,27728,108.219,310520,49480,20496,78603,144872
2508406,Lastro,PB,Nordeste,2698,107.416,29567,2747,1195,6606,17962
2508505,Livramento,PB,Nordeste,7274,266.948,70182,6732,2835,15128,42826
2508554,Logradouro,PB,Nordeste,4406,42.876,48759,5157,1889,12453,26910
2508604,Lucena,PB,Nordeste,13344,93.8,222862,21854,35355,59599,89744
2508703,Mãe d'Água,PB,Nordeste,3988,228.676,38696,2136,1364,8158,26016
2508802,Malta,PB,Nordeste,5745,172.01,79951,4095,25970,14480,32489
2508901,Mamanguape,PB,Nordeste,45385,337.434,807657,86079,107584,291587,237008
2509008,Manaíra,PB,Nordeste,10988,352.025,101623,6748,10175,20612,60612
2509057,Marcação,PB,Nordeste,8746,122.665,104110,24251,7668,17709,48492
2509107,Mari,PB,Nordeste,21895,155.265,242496,33468,11448,67689,115403
2509156,Marizópolis,PB,Nordeste,6689,69.952,82151,4720,4817,28229,37776
2509206,Massaranduba,PB,Nordeste,14077,209.402,130597,10464,11142,25191,76014
2509305,Mataraca,PB,Nordeste,8642,182.439,229876,17194,106723,36591,59358
2509339,Matinhas,PB,Nordeste,4528,36.522,54111,15962,1769,7881,27425
2509370,Mato Grosso,PB,Nordeste,2944,85.275,31916,2106,1519,7611,19440
2509396,Maturéia,PB,Nordeste,6690,83.053,61962,3180,2602,15309,38333
2509404,Mogeiro,PB,Nordeste,13238,214.093,164588,16307,24093,36262,76839
2509503,Montadas,PB,Nordeste,5806,31.793,55405,7723,1753,10207,34287
2509602,Monte Horebe,PB,Nordeste,4867,116.854,48173,2846,2256,10217,31369
2509701,Monteiro,PB,Nordeste,33638,992.62,636488,22162,30690,360370,189169
2509800,Mulungu,PB,Nordeste,9962,187.259,98547,22032,6193,16840,48934
2509909,Natuba,PB,Nordeste,10449,202.173,95639,16161,3323,14881,58687
2510006,Nazarezinho,PB,Nordeste,7271,193.203,66198,7746,3186,14249,38437
2510105,Nova Floresta,PB,Nordeste,10614,47.572,99828,3152,3450,28866,59216
2510204,Nova Olinda,PB,Nordeste,5892,81.516,57973,3855,2702,13878,34773
2510303,Nova Palmeira,PB,Nordeste,5011,314.748,49111,2745,3457,10351,30436
2510402,Olho d'Água,PB,Nordeste,6399,580.47,62018,8350,2904,12868,35702
2510501,Olivedos,PB,Nordeste,3989,314.625,43664,6978,2468,8095,24903
2510600,Ouro Velho,PB,Nordeste,3052,128.11,38371,4717,1569,9254,21179
2510659,Parari,PB,Nordeste,1747,207.814,21547,1856,800,4530,13609
2510709,Passagem,PB,Nordeste,2453,123.422,28935,1879,1719,6461,17729
2510808,Patos,PB,Nordeste,108766,472.892,1998302,14352,173028,1023454,546229
2510907,Paulista,PB,Nordeste,12411,577.379,157586,23784,19006,38673,63585
2511004,Pedra Branca,PB,Nordeste,3802,116.873,37568,3345,1810,7436,23629
2511103,Pedra Lavrada,PB,Nordeste,7954,335.615,80276,6478,10315,13948,45686
2511202,Pedras de Fogo,PB,Nordeste,28607,406.729,656966,153169,96753,186255,168264
2511301,Piancó,PB,Nordeste,16147,576.986,206946,18692,10798,71150,91887
2511400,Picuí,PB,Nordeste,18737,667.714,213731,11646,9547,76116,101152
2511509,Pilar,PB,Nordeste,12036,103.306,122047,11480,5536,31635,67171
2511608,Pilões,PB,Nordeste,6518,65.574,95609,33291,4579,18297,35893
2511707,Pilõezinhos,PB,Nordeste,4937,40.908,51324,11725,2101,8651,27555
2511806,Pirpirituba,PB,Nordeste,10590,80.672,95327,7507,4174,25327,54675
2511905,Pitimbu,PB,Nordeste,19478,135.801,431304,43314,113281,95872,117405
2512002,Pocinhos,PB,Nordeste,18848,623.967,285031,88951,18107,61197,105215
2512036,Poço Dantas,PB,Nordeste,3877,97.758,40318,3274,1563,8438,25562
2512077,Poço de José de Moura,PB,Nordeste,4366,94.646,46932,4511,1844,10146,28718
2512101,Pombal,PB,Nordeste,32803,894.099,466596,27228,30334,191429,180836
2512200,Prata,PB,Nordeste,4265,201.788,64814,16497,5498,13004,27727
2512309,Princesa Isabel,PB,Nordeste,23749,368.569,266954,45002,11192,79292,113857
2512408,Puxinanã,PB,Nordeste,13801,71.118,138075,13547,14424,26474,76600
2512507,Queimadas,PB,Nordeste,44388,402.748,607307,27422,112383,178865,223214
2512606,Quixaba,PB,Nordeste,2009,147.158,26818,1635,1442,5582,17282
2512705,Remígio,PB,Nordeste,19973,183.459,181633,10944,6630,49801,103858
2512721,Pedro Régis,PB,Nordeste,6139,74.216,57292,6566,2254,10947,35909
2512747,Riachão,PB,Nordeste,3650,85.291,36562,2388,1139,7088,24996
2512754,Riachão do Bacamarte,PB,Nordeste,4562,40.281,50199,1801,1883,13643,30491
2512762,Riachão do Poço,PB,Nordeste,4571,40.46,56334,8042,3217,12920,29675
2512788,Riacho de Santo Antônio,PB,Nordeste,1999,93.654,30616,5426,879,5520,18193
2512804,Riacho dos Cavalos,PB,Nordeste,8555,262.532,92854,8910,4354,23748,50844
2512903,Rio Tinto,PB,Nordeste,24258,465.24,323318,46338,36273,79034,138124
2513000,Salgadinho,PB,Nordeste,3975,179.005,33513,1472,1133,5656,24458
2513109,Salgado de São Félix,PB,Nordeste,12123,204.079,129057,11873,19286,24238,69765
2513158,Santa Cecília,PB,Nordeste,6526,217.577,65826,7980,2698,13790,39119
2513208,Santa Cruz,PB,Nordeste,6579,217.677,62329,4957,3224,16040,35061
2513307,Santa Helena,PB,Nordeste,5853,211.143,62387,11351,2764,12506,33557
2513356,Santa Inês,PB,Nordeste,3591,327.635,36845,4509,1117,6268,24029
2513406,Santa Luzia,PB,Nordeste,15470,440.766,372903,8873,158985,92741,82844
2513505,Santana de Mangueira,PB,Nordeste,5098,405.164,51164,6583,1989,9405,31787
2513604,Santana dos Garrotes,PB,Nordeste,6942,361.484,67491,8529,3687,13509,39046
2513653,Joca Claudino,PB,Nordeste,2640,71.799,33077,2126,1818,7083,21026
2513703,Santa Rita,PB,Nordeste,138093,718.576,2580592,89197,567741,883696,685912
2513802,Santa Teresinha,PB,Nordeste,4550,359.442,57292,9070,2677,12982,30097
2513851,Santo André,PB,Nordeste,2496,197.791,29441,2844,1153,6407,17850
2513901,São Bento,PB,Nordeste,34650,245.84,568731,11284,59434,226865,201738
2513927,São Bentinho,PB,Nordeste,4602,199.635,55647,5280,4455,13080,28428
2513943,São Domingos do Cariri,PB,Nordeste,2645,233.835,28821,2266,1585,5798,18290
2513968,São Domingos,PB,Nordeste,3119,170.361,36270,5313,1875,6304,21274
2513984,São Francisco,PB,Nordeste,3377,90.724,39305,3797,1830,9584,21859
2514008,São João do Cariri,PB,Nordeste,4170,612.966,55476,9836,2651,12329,28287
2514107,São João do Tigre,PB,Nordeste,4408,812.617,41004,4426,1174,7564,26607
2514206,São José da Lagoa Tapada,PB,Nordeste,7622,333.724,72192,8924,4044,15844,39893
2514305,São José de Caiana,PB,Nordeste,6394,183.273,55708,4645,2235,10156,36810
2514404,São José de Espinharas,PB,Nordeste,4631,726.757,55035,14036,2192,8507,28837
2514453,São José dos Ramos,PB,Nordeste,6037,100.642,86773,6117,29250,13449,36086
2514503,São José de Piranhas,PB,Nordeste,20406,686.918,230936,17526,14259,73005,111632
2514552,São José de Princesa,PB,Nordeste,3898,158.052,34093,7399,814,5195,19476
2514602,São José do Bonfim,PB,Nordeste,3619,153.629,32491,2424,1549,6906,20144
2514651,São José do Brejo do Cruz,PB,Nordeste,1821,253.787,29166,5009,1144,5784,16418
2514701,São José do Sabugi,PB,Nordeste,4153,213.555,125303,6658,71524,12815,26162
2514800,São José dos Cordeiros,PB,Nordeste,3607,376.661,37037,3622,2902,7805,21056
2514909,São Mamede,PB,Nordeste,7682,533.446,82591,11361,5680,19232,41685
2515005,São Miguel de Taipu,PB,Nordeste,7450,92.413,82966,21896,3140,13594,40451
2515104,São Sebastião de Lagoa de Roça,PB,Nordeste,11793,46.372,106031,12584,4885,22499,61465
2515203,São Sebastião do Umbuzeiro,PB,Nordeste,3534,464.327,40497,6337,1362,8724,22459
2515302,Sapé,PB,Nordeste,52977,313.678,677858,53940,37121,250059,275256
2515401,São Vicente do Seridó,PB,Nordeste,10919,262.751,90035,4336,3190,19129,60074
2515500,Serra Branca,PB,Nordeste,13807,698.102,148076,6894,7421,49710,74003
2515609,Serra da Raiz,PB,Nordeste,3114,31.679,37107,4387,1701,7495,22242
2515708,Serra Grande,PB,Nordeste,2921,64.352,33251,2385,1547,7554,20536
2515807,Serra Redonda,PB,Nordeste,7001,55.197,71258,6032,9869,13923,38217
2515906,Serraria,PB,Nordeste,6037,65.062,67798,19576,2251,9782,34484
2515930,Sertãozinho,PB,Nordeste,5152,32.455,55027,7764,3020,11585,30225
2515971,Sobrado,PB,Nordeste,7845,61.953,113089,14061,5459,37406,45274
2516003,Solânea,PB,Nordeste,26051,233.043,353670,14042,20165,143755,138096
2516102,Soledade,PB,Nordeste,15211,578.178,253441,26852,17968,107517,83305
2516151,Sossêgo,PB,Nordeste,3631,147.264,38789,1779,1169,8958,25395
2516201,Sousa,PB,Nordeste,69997,728.492,1320173,48495,148524,600178,338498
2516300,Sumé,PB,Nordeste,17096,833.315,201613,16301,13987,66147,88064
2516409,Tacima,PB,Nordeste,11024,245.236,91865,10360,2338,18323,57466
2516508,Taperoá,PB,Nordeste,15505,628.365,139501,16214,6997,31296,79123
2516607,Tavares,PB,Nordeste,14791,239.507,140211,12133,6712,33605,80806
2516706,Teixeira,PB,Nordeste,15333,155.452,169461,19488,10863,45817,85099
2516755,Tenório,PB,Nordeste,3103,87.452,34675,2393,2661,7404,20746
2516805,Triunfo,PB,Nordeste,9473,224.336,87702,9613,3413,21263,49150
2516904,Uiraúna,PB,Nordeste,15356,293.182,193071,10425,9358,74776,83405
2517001,Umbuzeiro,PB,Nordeste,9914,185.578,91270,9467,2949,18011,57629
2517100,Várzea,PB,Nordeste,2870,191.282,37673,5318,2206,7904,20789
2517209,Vieirópolis,PB,Nordeste,5395,147.098,52851,4882,5209,10697,29964
2517407,Zabelê,PB,Nordeste,2269,106.811,27048,2869,1045,5994,16127
2600054,Abreu e Lima,PE,Nordeste,100698,126.384,1724258,13674,396476,610997,421930
2600104,Afogados da Ingazeira,PE,Nordeste,37546,377.696,541816,9863,33955,268673,172519
2600203,Afrânio,PE,Nordeste,19981,1490.594,209815,17293,7426,71102,94701
2600302,Agrestina,PE,Nordeste,25240,200.369,352858,62108,39094,99115,128628
2600401,Água Preta,PE,Nordeste,37386,531.935,259866,20762,6278,61329,161166
2600500,Águas Belas,PE,Nordeste,43923,885.988,401111,45481,10290,126114,187522
2600609,Alagoinha,PE,Nordeste,14798,214.267,144945,30535,4103,35859,68679
2600708,Aliança,PE,Nordeste,38408,272.773,413314,105474,16448,98029,178065
2600807,Altinho,PE,Nordeste,22996,450.178,222589,24053,8599,73319,102779
2600906,Amaraji,PE,Nordeste,22910,233.239,294407,101906,11652,60038,109221
2601003,Angelim,PE,Nordeste,11301,118.088,142260,49336,5113,26107,57190
2601052,Araçoiaba,PE,Nordeste,20936,96.36,161884,7018,4436,42533,100370
2601102,Araripina,PE,Nordeste,85301,2037.394,1272092,48235,282611,447586,379730
2601201,Arcoverde,PE,Nordeste,75295,343.923,1215383,13672,117925,610999,327799
2601300,Barra de Guabiraba,PE,Nordeste,14632,118.639,146943,30777,5941,30295,74157
2601409,Barreiros,PE,Nordeste,42866,233.433,503988,16421,21622,202413,221496
2601508,Belém de Maria,PE,Nordeste,12169,73.145,99499,12693,2984,22921,57078
2601607,Belém do São Francisco,PE,Nordeste,20730,1830.797,366293,156895,11327,81817,100136
2601706,Belo Jardim,PE,Nordeste,76930,647.445,2765036,181576,968962,807522,374979
2601805,Betânia,PE,Nordeste,12811,1244.074,105307,5784,3318,24611,67430
2601904,Bezerros,PE,Nordeste,60960,492.632,962826,25870,184472,359491,291303
2602001,Bodocó,PE,Nordeste,38605,1621.786,317010,62861,8800,72933,158867
2602100,Bom Conselho,PE,Nordeste,48975,792.185,643151,124941,85243,177311,207847
2602209,Bom Jardim,PE,Nordeste,40038,224.108,366988,45994,25156,100591,174834
2602308,Bonito,PE,Nordeste,38101,393.191,539340,108609,70047,146970,176366
2602407,Brejão,PE,Nordeste,8981,159.786,183679,91150,3790,27395,49076
2602506,Brejinho,PE,Nordeste,7489,106.039,83879,5968,13459,18541,42874
2602605,Brejo da Madre de Deus,PE,Nordeste,51696,762.346,461357,10778,20873,145992,245304
2602704,Buenos Aires,PE,Nordeste,13224,93.187,133152,21973,7292,30504,68988
2602803,Buíque,PE,Nordeste,59448,1336.544,549015,102417,12646,134023,272593
2602902,Cabo de Santo Agostinho,PE,Nordeste,210796,445.386,13706389,69213,4050765,4924609,1144312
2603009,Cabrobó,PE,Nordeste,34778,1658.616,440863,47081,16916,164995,159879
2603108,Cachoeirinha,PE,Nordeste,20618,179.262,254369,35192,9398,95737,90916
2603207,Caetés,PE,Nordeste,29065,294.946,423727,44979,175968,52999,137035
2603306,Calçado,PE,Nordeste,10983,121.945,115299,31529,2936,20932,56768
2603405,Calumbi,PE,Nordeste,5744,179.314,50300,1708,1484,13612,30768
2603454,Camaragibe,PE,Nordeste,159945,51.321,2229680,26089,118835,1015256,717766
2603504,Camocim de São Félix,PE,Nordeste,19032,72.01,181161,16528,9385,58741,83666
2603603,Camutanga,PE,Nordeste,8592,39.116,285369,13985,126305,68762,49240
2603702,Canhotinho,PE,Nordeste,24743,423.168,253171,43542,10323,64365,123340
2603801,Capoeiras,PE,Nordeste,20048,337.13,244054,52971,24733,56871,96793
2603900,Carnaíba,PE,Nordeste,19666,427.802,193546,20365,12023,51998,98087
2603926,Carnaubeira da Penha,PE,Nordeste,13117,1004.667,83423,7658,1394,15858,55115
2604007,Carpina,PE,Nordeste,85131,147.017,1744915,40159,302036,783577,386929
2604106,Caruaru,PE,Nordeste,369343,923.15,8663525,165520,1067237,4439363,1669301
2604155,Casinhas,PE,Nordeste,14395,115.868,101521,7236,2617,20097,68620
2604205,Catende,PE,Nordeste,43778,208.594,360566,11198,15711,116258,195965
2604304,Cedro,PE,Nordeste,11972,148.746,125401,27213,4137,27929,61835
2604403,Chã de Alegria,PE,Nordeste,13641,49.327,168758,29625,13027,47726,68984
2604502,Chã Grande,PE,Nordeste,21929,84.787,251193,33317,10814,76189,114852
2604601,Condado,PE,Nordeste,26755,89.645,250915,32257,9473,73093,122288
2604700,Correntes,PE,Nordeste,18327,317.793,192016,60169,4808,32770,88523
2604809,Cortês,PE,Nordeste,12543,102.852,121502,11975,4821,28394,72048
2604908,Cumaru,PE,Nordeste,9494,292.231,109260,11219,5134,29387,56031
2605004,Cupira,PE,Nordeste,24237,95.155,283576,15728,28537,97104,123785
2605103,Custódia,PE,Nordeste,37633,1404.126,593880,32084,76582,216257,209659
2605152,Dormentes,PE,Nordeste,19246,1539.052,246023,17771,8870,89965,90644
2605202,Escada,PE,Nordeste,69701,342.584,1306431,77709,349087,422778,311638
2605301,Exu,PE,Nordeste,31709,1336.786,325117,60075,8748,89470,150969
2605400,Feira Nova,PE,Nordeste,22360,107.726,247550,14378,25113,77965,108805
2605459,Fernando de Noronha,PE,Nordeste,3140,18.609,229561,849,10187,180902,9420
2605509,Ferreiros,PE,Nordeste,12216,92.516,132503,21697,6636,36666,60574
2605608,Flores,PE,Nordeste,22612,995.558,192902,15377,17149,48180,101411
2605707,Floresta,PE,Nordeste,33488,3604.948,445213,18941,28615,172521,165535
2605806,Frei Miguelinho,PE,Nordeste,15633,212.707,131441,6491,6612,35307,77013
2605905,Gameleira,PE,Nordeste,31578,257.781,274258,55530,5669,56880,147718
2606002,Garanhuns,PE,Nordeste,141347,458.552,3077112,104364,308913,1630539,628044
2606101,Glória do Goitá,PE,Nordeste,30847,234.708,554616,41771,154864,147099,149540
2606200,Goiana,PE,Nordeste,80345,445.405,10662964,247063,5131372,2017569,492782
2606309,Granito,PE,Nordeste,7586,521.69,78432,15881,2907,17138,39368
2606408,Gravatá,PE,Nordeste,85309,507.36,1359681,46950,167548,605845,397991
2606507,Iati,PE,Nordeste,19284,635.137,195800,46075,3375,41199,98230
2606606,Ibimirim,PE,Nordeste,29585,1882.498,330119,99352,8579,75392,133008
2606705,Ibirajuba,PE,Nordeste,7773,189.596,85527,17815,2186,17772,44570
2606804,Igarassu,PE,Nordeste,119690,306.879,3471427,65720,1118978,1156041,565015
2606903,Iguaracy,PE,Nordeste,12265,838.132,112369,18880,3305,26011,59377
2607000,Inajá,PE,Nordeste,24034,1231.362,196880,21351,7336,48665,107711
2607109,Ingazeira,PE,Nordeste,4537,243.586,50497,7080,1506,11102,29218
2607208,Ipojuca,PE,Nordeste,99101,521.801,14929346,189929,7078373,3544329,869625
2607307,Ipubi,PE,Nordeste,31515,693.914,340374,17123,68366,88116,146624
2607406,Itacuruba,PE,Nordeste,5013,430.038,71286,8434,2303,15873,42351
2607505,Itaíba,PE,Nordeste,26268,1061.694,283413,58431,7146,75347,128630
2607604,Ilha de Itamaracá,PE,Nordeste,27076,66.146,299232,7123,25330,111365,136525
2607653,Itambé,PE,Nordeste,36495,304.006,522657,97936,17690,185377,175375
2607703,Itapetim,PE,Nordeste,13492,411.901,139873,18359,5773,37999,71778
2607752,Itapissuma,PE,Nordeste,27144,73.968,2383641,30023,1129463,550803,166573
2607802,Itaquitinga,PE,Nordeste,17056,162.739,160857,33642,7539,33463,80872
2607901,Jaboatão dos Guararapes,PE,Nordeste,711330,258.724,16133556,92991,2312757,7568042,2851983
2607950,Jaqueira,PE,Nordeste,11632,87.208,111801,8838,3524,26019,69232
2608008,Jataúba,PE,Nordeste,17305,714.601,154862,12988,4096,41388,89101
2608057,Jatobá,PE,Nordeste,14904,277.862,153793,15671,6098,42334,79367
2608107,João Alfredo,PE,Nordeste,33570,134.147,316644,9822,42103,92028,151805
2608206,Joaquim Nabuco,PE,Nordeste,15999,122.592,181310,8706,39952,41871,78406
2608255,Jucati,PE,Nordeste,11545,120.527,129270,37315,3038,24154,61343
2608305,Jupi,PE,Nordeste,15007,104.835,214224,56131,17411,47414,84754
2608404,Jurema,PE,Nordeste,15483,148.254,132840,16174,4550,29335,78475
2608453,Lagoa do Carro,PE,Nordeste,18429,69.666,300635,85625,11199,78057,104143
2608503,Lagoa de Itaenga,PE,Nordeste,21490,56.131,482859,33368,162881,127273,119740
2608602,Lagoa do Ouro,PE,Nordeste,13300,198.762,139223,34520,3195,27305,69552
2608701,Lagoa dos Gatos,PE,Nordeste,16345,224.947,135443,21770,4985,28229,75588
2608750,Lagoa Grande,PE,Nordeste,26090,1850.07,456844,153715,32672,109355,129089
2608800,Lajedo,PE,Nordeste,40883,189.096,585576,56559,30779,231429,203222
2608909,Limoeiro,PE,Nordeste,56149,273.733,838343,38356,68987,382509,259225
2609006,Macaparana,PE,Nordeste,25565,108.049,283578,33241,11436,89975,126121
2609105,Machados,PE,Nordeste,16549,61.619,216295,33081,40947,49813,78645
2609154,Manari,PE,Nordeste,22110,344.685,139153,8681,3322,24511,98892
2609204,Maraial,PE,Nordeste,11098,199.865,92490,5645,2337,19995,62162
2609303,Mirandiba,PE,Nordeste,15548,821.676,163406,8121,8569,58173,73440
2609402,Moreno,PE,Nordeste,63792,194.197,892506,64912,175308,279647,283920
2609501,Nazaré da Mata,PE,Nordeste,32673,130.572,688468,55048,144044,235329,176066
2609600,Olinda,PE,Nordeste,393734,41.3,5788250,3884,633838,2887532,1567961
2609709,Orobó,PE,Nordeste,23985,138.521,398794,193174,7939,72462,108895
2609808,Orocó,PE,Nordeste,15309,554.76,186448,50997,7424,35426,81708
2609907,Ouricuri,PE,Nordeste,70466,2381.57,780513,35603,70981,302230,305462
2610004,Palmares,PE,Nordeste,63745,339.401,924146,18402,29520,484185,284687
2610103,Palmeirina,PE,Nordeste,7509,168.796,79959,17351,2171,15334,43319
2610202,Panelas,PE,Nordeste,26438,380.428,229556,21253,6740,58067,135396
2610301,Paranatama,PE,Nordeste,11608,185.371,285773,21883,153064,30355,69932
2610400,Parnamirim,PE,Nordeste,22198,2609.548,213190,16420,7707,66876,104874
2610509,Passira,PE,Nordeste,28856,327.21,264547,14458,9030,81096,144898
2610608,Paudalho,PE,Nordeste,57346,269.651,926328,358993,55295,204608,262252
2610707,Paulista,PE,Nordeste,336919,96.932,5591652,14675,796496,2620163,1401680
2610806,Pedra,PE,Nordeste,22716,922.602,306398,51635,76902,58877,99801
2610905,Pesqueira,PE,Nordeste,68067,960.042,869651,48340,83534,318475,323233
2611002,Petrolândia,PE,Nordeste,37246,1056.589,1675876,62540,1104722,266999,188181
2611101,Petrolina,PE,Nordeste,359372,4561.87,7994040,835938,916340,3494362,1759674
2611200,Poção,PE,Nordeste,11308,205.119,102107,6609,2933,28285,58438
2611309,Pombos,PE,Nordeste,27204,239.832,532583,67006,110827,161893,135475
2611408,Primavera,PE,Nordeste,15231,113.135,291696,59752,71466,59295,84483
2611507,Quipapá,PE,Nordeste,26309,230.617,192325,15841,5762,45538,115875
2611533,Quixaba,PE,Nordeste,6796,210.705,67064,8922,1804,16748,36973
2611606,Recife,PE,Nordeste,1661017,218.843,54970302,60088,6208334,31199526,7699937
2611705,Riacho das Almas,PE,Nordeste,20744,314.003,260563,66166,15962,62353,102213
2611804,Ribeirão,PE,Nordeste,47813,289.566,576407,97905,50220,167869,223018
2611903,Rio Formoso,PE,Nordeste,23719,227.458,379871,74281,65189,89161,130139
2612000,Sairé,PE,Nordeste,9600,190.455,176225,59072,6481,45927,55877
2612109,Salgadinho,PE,Nordeste,11214,87.217,80938,5196,1847,17333,53611
2612208,Salgueiro,PE,Nordeste,61561,1678.564,1002105,15847,72095,492140,285642
2612307,Saloá,PE,Nordeste,15880,251.549,171051,30621,8384,41102,82268
2612406,Sanharó,PE,Nordeste,27308,268.065,248264,30097,9987,67495,126197
2612455,Santa Cruz,PE,Nordeste,15713,1245.983,133592,14997,3764,30544,78124
2612471,Santa Cruz da Baixa Verde,PE,Nordeste,12708,114.932,113554,5568,5999,31413,63680
2612505,Santa Cruz do Capibaribe,PE,Nordeste,111812,335.309,1925734,4629,228825,886124,482340
2612554,Santa Filomena,PE,Nordeste,14645,1005.341,111830,10157,4374,23547,69532
2612604,Santa Maria da Boa Vista,PE,Nordeste,42266,3000.774,564000,187333,23886,116386,207750
2612703,Santa Maria do Cambucá,PE,Nordeste,14308,92.148,122262,2730,7417,35001,69537
2612802,Santa Terezinha,PE,Nordeste,11914,200.327,114824,9066,9968,30704,58565
2612901,São Benedito do Sul,PE,Nordeste,16239,160.477,117017,8696,2824,22833,79430
2613008,São Bento do Una,PE,Nordeste,60567,719.148,1485706,917838,46600,195298,279074
2613107,São Caitano,PE,Nordeste,37488,382.483,447679,34278,49095,144390,173176
2613206,São João,PE,Nordeste,23002,258.519,390211,166128,12309,79225,114242
2613305,São Joaquim do Monte,PE,Nordeste,21439,227.385,185467,17395,6234,46770,107462
2613404,São José da Coroa Grande,PE,Nordeste,21868,69.184,291007,12899,12477,122077,112779
2613503,São José do Belmonte,PE,Nordeste,34082,1474.086,341544,21216,28856,110236,151805
2613602,São José do Egito,PE,Nordeste,34210,774.037,441117,66852,22212,151818,160246
2613701,São Lourenço da Mata,PE,Nordeste,114910,263.687,1444200,48159,229189,523610,494196
2613800,São Vicente Férrer,PE,Nordeste,18150,112.554,209528,45370,7005,53267,90634
2613909,Serra Talhada,PE,Nordeste,87467,2980.007,1693347,49590,143768,813011,429764
2614006,Serrita,PE,Nordeste,19226,1535.19,161153,22085,3967,34130,95559
2614105,Sertânia,PE,Nordeste,36189,2421.527,367389,16355,18932,121836,172283
2614204,Sirinhaém,PE,Nordeste,46845,374.321,722495,150069,127952,172543,225502
2614303,Moreilândia,PE,Nordeste,11269,404.287,90987,11665,2124,21194,52600
2614402,Solidão,PE,Nordeste,6034,138.398,56661,6880,1310,11354,35516
2614501,Surubim,PE,Nordeste,66192,252.896,915558,16176,83789,423487,294477
2614600,Tabira,PE,Nordeste,28860,390.434,314903,19652,17679,111094,143230
2614709,Tacaimbó,PE,Nordeste,12843,227.601,149159,17430,20107,37101,65638
2614808,Tacaratu,PE,Nordeste,26439,1264.532,251978,12097,49130,50435,128098
2614857,Tamandaré,PE,Nordeste,23852,213.75,395834,12990,24087,189201,138400
2615003,Taquaritinga do Norte,PE,Nordeste,29472,475.184,334642,8806,55430,107340,136367
2615102,Terezinha,PE,Nordeste,7227,151.45,75618,12959,3128,14736,42434
2615201,Terra Nova,PE,Nordeste,10314,318.709,95262,4504,11139,21391,51610
2615300,Timbaúba,PE,Nordeste,52587,287.683,746607,42180,75802,317843,240795
2615409,Toritama,PE,Nordeste,47088,25.704,764572,444,109199,319330,230999
2615508,Tracunhaém,PE,Nordeste,13856,137.321,176619,30130,5120,54391,68406
2615607,Trindade,PE,Nordeste,31103,295.765,419024,7965,64687,164920,133807
2615706,Triunfo,PE,Nordeste,15232,191.518,157358,8839,5662,59192,72467
2615805,Tupanatinga,PE,Nordeste,27793,934.801,227130,20834,5667,53504,135003
2615904,Tuparetama,PE,Nordeste,8266,189.509,89139,8237,5723,28293,41191
2616001,Venturosa,PE,Nordeste,18835,336.107,247349,34410,45074,67676,87603
2616100,Verdejante,PE,Nordeste,9572,476.039,80931,5202,3221,19474,49898
2616183,Vertente do Lério,PE,Nordeste,7526,73.631,74060,3059,7975,17837,42324
2616209,Vertentes,PE,Nordeste,21172,196.325,194511,4660,13584,61490,102073
2616308,Vicência,PE,Nordeste,32897,228.017,519426,188123,42521,104486,164889
2616407,Vitória de Santo Antão,PE,Nordeste,140389,336.573,4551843,124020,1100865,1816037,638099
2616506,Xexéu,PE,Nordeste,14789,110.815,141411,13442,2932,39554,77235
2700102,Água Branca,AL,Nordeste,20263,468.229,202705,34103,6900,46774,108513
2700201,Anadia,AL,Nordeste,17507,186.134,250500,87012,14074,47812,93059
2700300,Arapiraca,AL,Nordeste,234309,345.655,5916238,1159463,466663,2675436,952829
2700409,Atalaia,AL,Nordeste,47540,533.258,1500460,888067,92737,219985,251802
2700508,Barra de Santo Antônio,AL,Nordeste,16201,131.364,262047,107404,13175,46809,88312
2700607,Barra de São Miguel,AL,Nordeste,8434,74.247,238456,42233,28738,102825,49913
2700706,Batalha,AL,Nordeste,18440,315.87,229982,33769,11766,68514,102911
2700805,Belém,AL,Nordeste,4226,66.628,191336,137599,4535,17461,30643
2700904,Belo Monte,AL,Nordeste,6717,334.136,151407,76750,16366,15593,39973
2701001,Boca da Mata,AL,Nordeste,27429,193.002,506081,217958,41940,94290,130748
2701100,Branquinha,AL,Nordeste,10426,168.048,775435,658731,10646,48282,55583
2701209,Cacimbinhas,AL,Nordeste,10920,281.692,140487,45894,4870,28589,57065
2701308,Cajueiro,AL,Nordeste,21397,94.357,207919,38159,5459,47597,110996
2701357,Campestre,AL,Nordeste,6972,65.91,87777,29740,1843,16167,38307
2701407,Campo Alegre,AL,Nordeste,57997,312.726,734766,150206,100781,149056,282074
2701506,Campo Grande,AL,Nordeste,9576,170.144,106142,21789,5158,20727,55226
2701605,Canapi,AL,Nordeste,17715,602.778,166521,21850,3588,39071,96165
2701704,Capela,AL,Nordeste,16907,263.735,248032,72304,6885,61276,100669
2701803,Carneiros,AL,Nordeste,9568,111.696,90803,10667,2511,19385,55952
2701902,Chã Preta,AL,Nordeste,7311,157.831,175489,112886,2946,18270,39263
2702009,Coité do Nóia,AL,Nordeste,10594,88.759,211514,110949,4126,32971,59690
2702108,Colônia Leopoldina,AL,Nordeste,21935,207.935,397415,201316,18521,58212,108437
2702207,Coqueiro Seco,AL,Nordeste,5882,39.608,96056,40852,2057,14383,37473
2702306,Coruripe,AL,Nordeste,57647,897.8,1782568,618477,362661,344032,289728
2702355,Craíbas,AL,Nordeste,24396,278.879,480753,82714,150271,105554,120649
2702405,Delmiro Gouveia,AL,Nordeste,52501,628.545,673915,42173,42219,281391,264706
2702504,Dois Riachos,AL,Nordeste,11059,141.621,105272,24288,2435,20124,55364
2702553,Estrela de Alagoas,AL,Nordeste,18304,260.772,154359,34144,4049,30548,81808
2702603,Feira Grande,AL,Nordeste,22192,175.906,427598,240016,12883,52684,116002
2702702,Feliz Deserto,AL,Nordeste,4803,110.062,164034,87470,25766,22117,24144
2702801,Flexeiras,AL,Nordeste,12823,333.756,297791,189383,6969,35308,62121
2702900,Girau do Ponciano,AL,Nordeste,41549,513.454,549600,220126,13472,105250,193614
2703007,Ibateguara,AL,Nordeste,15637,265.312,196489,84563,4256,33910,69966
2703106,Igaci,AL,Nordeste,25596,334.346,311967,115103,7112,57720,126236
2703205,Igreja Nova,AL,Nordeste,24670,426.538,571877,246715,83432,74761,129867
2703304,Inhapi,AL,Nordeste,18398,372.019,174776,37133,4020,39752,87895
2703403,Jacaré dos Homens,AL,Nordeste,5185,148.992,74960,23138,2004,12778,35645
2703502,Jacuípe,AL,Nordeste,6992,208.738,194531,135931,3282,17605,36210
2703601,Japaratinga,AL,Nordeste,8444,85.356,252002,102272,6501,86640,45582
2703700,Jaramataia,AL,Nordeste,5751,105.416,77897,31108,1986,11593,31971
2703759,Jequiá da Praia,AL,Nordeste,11495,334.265,382025,246720,19768,36500,70295
2703809,Joaquim Gomes,AL,Nordeste,24167,298.17,520994,343584,12523,52744,107260
2703908,Jundiá,AL,Nordeste,4119,88.793,54801,16922,1857,9539,25514
2704005,Junqueiro,AL,Nordeste,24716,247.724,550087,288219,17666,96499,133828
2704104,Lagoa da Canoa,AL,Nordeste,17692,83.621,273062,112651,11102,46120,96993
2704203,Limoeiro de Anadia,AL,Nordeste,28904,309.205,685194,395914,27994,87311,149500
2704302,Maceió,AL,Nordeste,1031597,509.32,27485311,315687,4406294,14292783,4165522
2704401,Major Isidoro,AL,Nordeste,19923,442.744,283475,89985,7549,69129,107301
2704500,Maragogi,AL,Nordeste,33351,334.165,1118908,473860,32768,390622,171951
2704609,Maravilha,AL,Nordeste,8850,332.37,90758,21331,2145,21246,42793
2704708,Marechal Deodoro,AL,Nordeste,52848,340.98,3409648,175567,1291990,748255,319321
2704807,Maribondo,AL,Nordeste,13123,180.107,188010,41596,5813,66028,65399
2704906,Mar Vermelho,AL,Nordeste,3474,91.741,50951,19002,1883,8487,20646
2705002,Mata Grande,AL,Nordeste,25200,914.722,354641,168503,6866,55165,118004
2705101,Matriz de Camaragibe,AL,Nordeste,24627,238.113,385920,96664,50270,87690,123735
2705200,Messias,AL,Nordeste,18201,114.156,221131,33324,31434,49956,93128
2705309,Minador do Negrão,AL,Nordeste,5315,167.462,74515,27574,1470,13085,30948
2705408,Monteirópolis,AL,Nordeste,7171,86.604,78347,9290,6994,16873,41531
2705507,Murici,AL,Nordeste,28428,418.028,588158,322183,24881,93204,130873
2705606,Novo Lino,AL,Nordeste,12837,215.547,187256,86524,4026,26978,66923
2705705,Olho d'Água das Flores,AL,Nordeste,21690,188.221,271809,31083,13745,108826,95122
2705804,Olho d'Água do Casado,AL,Nordeste,9507,327.678,92959,13990,2226,20624,52964
2705903,Olho d'Água Grande,AL,Nordeste,5133,117.006,70179,23158,1423,10746,33998
2706000,Olivença,AL,Nordeste,11681,175.288,108872,14786,2984,24151,62984
2706109,Ouro Branco,AL,Nordeste,11573,196.56,110475,16634,2976,28361,58726
2706208,Palestina,AL,Nordeste,5061,38.189,45927,3894,1303,8820,31098
2706307,Palmeira dos Índios,AL,Nordeste,73452,450.99,1181612,175561,92903,486060,341857
2706406,Pão de Açúcar,AL,Nordeste,24307,688.87,266647,62425,14070,59233,120029
2706422,Pariconha,AL,Nordeste,10546,254.719,145004,64248,4383,21167,51926
2706448,Paripueira,AL,Nordeste,13484,92.788,236831,38763,52915,70530,65464
2706505,Passo de Camaragibe,AL,Nordeste,15270,251.29,337360,191019,7243,46532,85460
2706604,Paulo Jacinto,AL,Nordeste,7556,118.457,105576,42865,2988,17847,39536
2706703,Penedo,AL,Nordeste,64005,688.452,983959,250959,46162,351115,288150
2706802,Piaçabuçu,AL,Nordeste,17868,243.686,458416,292795,9677,60621,84854
2706901,Pilar,AL,Nordeste,35310,259.614,676236,91067,109976,190162,234287
2707008,Pindoba,AL,Nordeste,2903,117.086,59445,31857,863,6048,20147
2707107,Piranhas,AL,Nordeste,25324,403.995,344069,102527,15598,86918,123643
2707206,Poço das Trincheiras,AL,Nordeste,14447,284.26,125628,29366,2796,22013,67815
2707305,Porto Calvo,AL,Nordeste,27331,313.231,412903,112750,35412,112360,130812
2707404,Porto de Pedras,AL,Nordeste,7618,257.105,333231,191257,16263,61847,56027
2707503,Porto Real do Colégio,AL,Nordeste,20158,235.852,268907,104715,5428,51623,97951
2707602,Quebrangulo,AL,Nordeste,11202,319.829,189081,89767,6363,26752,61891
2707701,Rio Largo,AL,Nordeste,75662,293.816,1423072,48210,216170,560500,379065
2707800,Roteiro,AL,Nordeste,6634,128.926,204149,125267,3457,26404,46356
2707909,Santa Luzia do Norte,AL,Nordeste,7344,28.857,277405,31699,99694,47512,41621
2708006,Santana do Ipanema,AL,Nordeste,47910,436.16,646336,52194,30895,316151,186741
2708105,Santana do Mundaú,AL,Nordeste,10637,232.169,1408592,1233702,19351,90194,60076
2708204,São Brás,AL,Nordeste,6977,139.038,129340,67912,6041,13384,38451
2708303,São José da Laje,AL,Nordeste,24064,256.603,588009,150069,157027,102056,111835
2708402,São José da Tapera,AL,Nordeste,32462,490.879,332854,63805,15080,84910,157262
2708501,São Luís do Quitunde,AL,Nordeste,34825,397.257,943729,357182,183403,152252,172754
2708600,São Miguel dos Campos,AL,Nordeste,62328,335.683,1373077,108232,404312,404660,321445
2708709,São Miguel dos Milagres,AL,Nordeste,8073,76.731,243495,93928,5287,84623,51052
2708808,São Sebastião,AL,Nordeste,34424,314.924,858876,473848,19579,167545,178371
2708907,Satuba,AL,Nordeste,14042,41.268,261004,7726,51280,99899,77702
2708956,Senador Rui Palmeira,AL,Nordeste,13893,338.569,121201,19883,2285,24064,71724
2709004,Tanque d'Arca,AL,Nordeste,6115,124.617,92175,40363,1518,12565,36375
2709103,Taquarana,AL,Nordeste,20162,153.841,510846,306689,18552,75896,98487
2709152,Teotônio Vilela,AL,Nordeste,44570,299.221,1357798,837936,42455,194425,252665
2709202,Traipu,AL,Nordeste,27934,681.577,297000,118729,8739,35860,128578
2709301,União dos Palmares,AL,Nordeste,65963,420.376,1416193,531106,111844,339988,350415
2709400,Viçosa,AL,Nordeste,25655,367.888,594195,286082,22607,123172,148104
2800100,Amparo do São Francisco,SE,Nordeste,2386,35.683,37967,1992,3577,6625,23764
2800209,Aquidabã,SE,Nordeste,21796,359.543,287874,49086,14565,81228,127160
2800308,Aracaju,SE,Nordeste,672614,182.163,18405678,3330,1850431,10683342,3511933
2800407,Arauá,SE,Nordeste,9840,198.967,140122,34310,7663,27265,62857
2800506,Areia Branca,SE,Nordeste,18825,148.134,252263,46114,15837,64573,108155
2800605,Barra dos Coqueiros,SE,Nordeste,31439,92.268,2581592,3614,1756682,214610,209915
2800670,Boquim,SE,Nordeste,26980,205.443,333080,27215,12256,115891,148606
2800704,Brejo Grande,SE,Nordeste,8396,141.464,95886,12858,4143,19534,55139
2801009,Campo do Brito,SE,Nordeste,18325,201.518,237677,19000,26049,72771,102398
2801108,Canhoba,SE,Nordeste,4003,171.581,84436,33968,3699,12785,29053
2801207,Canindé de São Francisco,SE,Nordeste,30894,934.167,2895222,34943,2467498,141235,221039
2801306,Capela,SE,Nordeste,34808,442.211,385290,32283,22999,111317,196432
2801405,Carira,SE,Nordeste,22393,638.743,379818,84247,21782,116571,123797
2801504,Carmópolis,SE,Nordeste,17232,46.395,422601,4199,154365,96535,134186
2801603,Cedro de São João,SE,Nordeste,5929,83.711,64293,3607,3497,17625,36923
2801702,Cristinápolis,SE,Nordeste,18181,228.556,250777,44665,17364,59967,110626
2801900,Cumbe,SE,Nordeste,4008,128.393,69489,24406,2709,12042,25796
2802007,Divina Pastora,SE,Nordeste,5290,90.508,188619,7550,95509,34655,46269
2802106,Estância,SE,Nordeste,69919,647.344,2126563,89366,563576,627176,402077
2802205,Feira Nova,SE,Nordeste,5617,183.273,114918,39620,6456,21479,38051
2802304,Frei Paulo,SE,Nordeste,15688,399.178,324741,55389,34682,103160,88789
2802403,Gararu,SE,Nordeste,11599,656.956,179511,63394,7498,29562,66360
2802502,General Maynard,SE,Nordeste,3421,19.793,43532,1114,3031,8898,29412
2802601,Graccho Cardoso,SE,Nordeste,5831,242.679,100982,32562,4764,19378,37583
2802700,Ilha das Flores,SE,Nordeste,8522,52.693,101815,12704,4750,25022,53324
2802809,Indiaroba,SE,Nordeste,18337,316.316,229670,53350,6230,45337,112467
2802908,Itabaiana,SE,Nordeste,96839,337.295,2213275,155788,145955,1102529,516687
2803005,Itabaianinha,SE,Nordeste,42399,501.794,535797,63945,42410,164291,226423
2803104,Itabi,SE,Nordeste,4869,183.422,81127,20040,5229,17566,32535
2803203,Itaporanga d'Ajuda,SE,Nordeste,35054,739.702,880245,55423,236186,216836,211495
2803302,Japaratuba,SE,Nordeste,19067,365.677,527939,49754,225585,106763,126410
2803401,Japoatã,SE,Nordeste,13422,402.353,210654,58778,7709,50237,81764
2803500,Lagarto,SE,Nordeste,106015,968.921,1798319,121049,220279,685405,560654
2803609,Laranjeiras,SE,Nordeste,30327,162.273,1162007,28986,504887,235606,183039
2803708,Macambira,SE,Nordeste,7002,137.496,89535,15541,4618,21543,42341
2803807,Malhada dos Bois,SE,Nordeste,3715,63.199,52760,2511,3123,17203,26747
2803906,Malhador,SE,Nordeste,12689,101.888,173218,52674,7073,35632,69967
2804003,Maruim,SE,Nordeste,17328,95.554,448414,13913,143181,105122,117768
2804102,Moita Bonita,SE,Nordeste,11361,95.416,206468,82672,7106,41986,62078
2804201,Monte Alegre de Sergipe,SE,Nordeste,15315,386.912,218953,43273,9868,59210,90437
2804300,Muribeca,SE,Nordeste,7653,74.31,96660,8572,8427,26291,48787
2804409,Neópolis,SE,Nordeste,18688,271.323,330966,79831,21603,90978,105810
2804458,Nossa Senhora Aparecida,SE,Nordeste,8822,340.772,109900,19379,7066,27789,48343
2804508,Nossa Senhora da Glória,SE,Nordeste,37715,758.429,790790,108597,55910,332586,207665
2804607,Nossa Senhora das Dores,SE,Nordeste,26957,482.412,415736,48540,46066,131065,151576
2804706,Nossa Senhora de Lourdes,SE,Nordeste,6509,83.767,91165,20674,3711,22405,38723
2804805,Nossa Senhora do Socorro,SE,Nordeste,187733,155.018,3232698,7125,479814,1275837,973287
2804904,Pacatuba,SE,Nordeste,14650,381.428,236643,36245,48574,36308,94740
2805000,Pedra Mole,SE,Nordeste,3309,82.211,48012,12029,1761,8043,23965
2805109,Pedrinhas,SE,Nordeste,9727,33.344,98936,7916,3739,24788,57986
2805208,Pinhão,SE,Nordeste,6678,156.373,91574,12149,3384,26499,40578
2805307,Pirambu,SE,Nordeste,9436,208.681,137922,6634,23783,33839,68330
2805406,Poço Redondo,SE,Nordeste,35461,1220.426,416245,80398,30518,86778,188709
2805505,Poço Verde,SE,Nordeste,24003,441.326,322302,23494,21581,113636,130231
2805604,Porto da Folha,SE,Nordeste,28788,878.043,366553,75586,26618,79353,159335
2805703,Propriá,SE,Nordeste,29756,96.32,554299,14385,50626,260485,164769
2805802,Riachão do Dantas,SE,Nordeste,19813,530.607,328904,136588,9951,50192,115748
2805901,Riachuelo,SE,Nordeste,10354,78.308,222401,10915,56917,53430,66143
2806008,Ribeirópolis,SE,Nordeste,18891,259.044,339443,42545,25689,116868,106690
2806107,Rosário do Catete,SE,Nordeste,11158,102.683,468956,5410,231059,85912,88131
2806206,Salgado,SE,Nordeste,20051,247.579,217519,25868,11063,57026,109974
2806305,Santa Luzia do Itanhy,SE,Nordeste,14205,325.258,192690,50669,5242,33914,94060
2806404,Santana do São Francisco,SE,Nordeste,7906,44.017,106773,26727,3969,21267,49510
2806503,Santa Rosa de Lima,SE,Nordeste,3933,67.672,55084,7258,2375,9736,33844
2806602,Santo Amaro das Brotas,SE,Nordeste,12200,236.965,167665,15892,33048,36708,75111
2806701,São Cristóvão,SE,Nordeste,92090,438.037,1031740,36460,100436,368420,445355
2806800,São Domingos,SE,Nordeste,11276,101.999,135227,6686,16920,31564,67072
2806909,São Francisco,SE,Nordeste,3837,83.985,56034,8036,3964,10707,31046
2807006,São Miguel do Aleixo,SE,Nordeste,3964,144.868,49842,6434,2883,9728,28023
2807105,Simão Dias,SE,Nordeste,40724,560.199,790408,138553,84958,254380,215728
2807204,Siriri,SE,Nordeste,9046,168.343,176736,10452,62203,35435,62473
2807303,Telha,SE,Nordeste,3271,47.86,44121,5304,2070,8368,26903
2807402,Tobias Barreto,SE,Nordeste,52861,1024.645,655791,23069,35138,269800,265895
2807501,Tomar do Geru,SE,Nordeste,13534,304.837,146965,24942,5989,30941,78388
2807600,Umbaúba,SE,Nordeste,25800,117.514,401569,35939,21836,164849,144826
2900108,Abaíra,BA,Nordeste,8681,538.677,70037,5645,2519,21864,36781
2900207,Abaré,BA,Nordeste,20594,1604.923,208481,25260,11206,67106,87825
2900306,Acajutiba,BA,Nordeste,15214,181.475,144341,24599,7391,43323,63685
2900355,Adustina,BA,Nordeste,17209,629.099,240507,108043,9535,45174,70543
2900405,Água Fria,BA,Nordeste,17096,742.775,158357,34769,12037,31623,72436
2900504,Érico Cardoso,BA,Nordeste,10513,735.249,77947,7236,6057,20498,41370
2900603,Aiquara,BA,Nordeste,4387,167.877,53699,14799,2517,10385,24623
2900702,Alagoinhas,BA,Nordeste,153023,707.835,4533420,123134,1169444,1814751,624234
2900801,Alcobaça,BA,Nordeste,22509,1477.929,347521,81419,32807,102762,107331
2900900,Almadina,BA,Nordeste,5273,245.236,62839,18644,2956,13051,26543
2901007,Amargosa,BA,Nordeste,37631,431.655,463246,34306,47548,197712,139664
2901106,Amélia Rodrigues,BA,Nordeste,24997,166.872,437827,55707,74248,145818,105100
2901155,América Dourada,BA,Nordeste,16086,822.373,167876,46345,11188,36665,64694
2901205,Anagé,BA,Nordeste,21229,1899.683,224788,23058,13252,80137,93391
2901304,Andaraí,BA,Nordeste,13122,1590.316,134354,14312,6113,44822,60667
2901353,Andorinha,BA,Nordeste,14416,1362.386,223255,11774,74247,59497,69533
2901403,Angical,BA,Nordeste,13902,1530.05,190379,62431,8028,48352,65174
2901502,Anguera,BA,Nordeste,11369,187.84,78771,5371,4112,21320,44027
2901601,Antas,BA,Nordeste,19659,319.745,160611,24703,11862,45539,69797
2901700,Antônio Cardoso,BA,Nordeste,11670,293.53,124246,8762,4772,44263,54215
2901809,Antônio Gonçalves,BA,Nordeste,11955,345.284,82589,7883,4955,21916,44035
2901908,Aporá,BA,Nordeste,17840,479.262,148460,23760,7728,35589,76088
2901957,Apuarema,BA,Nordeste,7274,150.83,74216,14504,3851,17750,35597
2902005,Aracatu,BA,Nordeste,12960,1489.803,145622,38649,7201,38971,52920
2902054,Araçás,BA,Nordeste,12237,474.577,298903,14917,153992,65052,54844
2902104,Araci,BA,Nordeste,54903,1496.245,490958,73554,28753,151832,211620
2902203,Aramari,BA,Nordeste,11519,368.947,103680,10473,15512,24617,47236
2902252,Arataca,BA,Nordeste,10904,435.962,101344,27252,4795,21365,44294
2902302,Aratuípe,BA,Nordeste,8848,174.012,79992,16394,3281,18977,38312
2902401,Aurelino Leal,BA,Nordeste,11079,445.394,136886,33457,8155,29939,60142
2902500,Baianópolis,BA,Nordeste,13979,3320.723,263675,134628,9477,52178,60147
2902609,Baixa Grande,BA,Nordeste,20431,967.514,194474,25110,13838,59974,85651
2902658,Banzaê,BA,Nordeste,13251,409.507,113493,19156,4816,27471,57290
2902708,Barra,BA,Nordeste,54225,11428.112,430282,47664,15798,138508,208587
2902807,Barra da Estiva,BA,Nordeste,20198,1657.413,376926,121031,14503,137950,80664
2902906,Barra do Choça,BA,Nordeste,30831,765.936,573207,238098,42718,134240,129891
2903003,Barra do Mendes,BA,Nordeste,13128,1436.298,115644,9808,7452,42510,50613
2903102,Barra do Rocha,BA,Nordeste,5515,214.411,77839,26265,3868,15259,30204
2903201,Barreiras,BA,Nordeste,158432,8051.274,7007583,2001022,949135,2698298,649630
2903235,Barro Alto,BA,Nordeste,15171,414.51,112747,13868,5959,29827,57494
2903276,Barrocas,BA,Nordeste,16225,207.297,345869,12591,190812,72456,60436
2903300,Barro Preto,BA,Nordeste,5312,201.585,79870,24719,2953,17157,32708
2903409,Belmonte,BA,Nordeste,23540,1939.447,373616,96216,31698,114351,111133
2903508,Belo Campo,BA,Nordeste,17013,772.756,169334,13580,7232,63126,74447
2903607,Biritinga,BA,Nordeste,15989,553.762,145254,12649,13450,32486,74674
2903706,Boa Nova,BA,Nordeste,12039,848.857,111525,16820,5514,28604,56106
2903805,Boa Vista do Tupim,BA,Nordeste,18491,2972.109,155182,31164,8240,36149,73157
2903904,Bom Jesus da Lapa,BA,Nordeste,70151,4115.51,1357111,279808,216687,455139,293151
2903953,Bom Jesus da Serra,BA,Nordeste,9768,467.909,69906,6786,3058,17020,40460
2904001,Boninal,BA,Nordeste,14518,896.857,117753,9858,5356,35718,60002
2904050,Bonito,BA,Nordeste,16999,791.276,270624,97279,25999,60447,74494
2904100,Boquira,BA,Nordeste,21486,1426.233,188737,18241,12991,57477,92444
2904209,Botuporã,BA,Nordeste,10050,627.612,109884,14471,5122,38599,46437
2904308,Brejões,BA,Nordeste,14155,518.566,144196,15782,7227,47241,63129
2904407,Brejolândia,BA,Nordeste,10675,2247.208,126161,50410,3661,26438,40535
2904506,Brotas de Macaúbas,BA,Nordeste,10705,2520.817,96352,9703,6551,27998,46673
2904605,Brumado,BA,Nordeste,67468,2207.612,1781802,47627,749456,587151,243536
2904704,Buerarema,BA,Nordeste,18269,219.487,209117,24318,8718,86205,68430
2904753,Buritirama,BA,Nordeste,21374,4046.736,154805,20110,4739,38273,84681
2904803,Caatiba,BA,Nordeste,6232,512.436,77336,24243,3176,16298,31286
2904852,Cabaceiras do Paraguaçu,BA,Nordeste,19010,222.026,141050,21840,8954,32383,72391
2904902,Cachoeira,BA,Nordeste,33659,394.894,479138,36277,90764,178116,130477
2905008,Caculé,BA,Nordeste,23407,610.983,363603,16385,32963,166816,88445
2905107,Caém,BA,Nordeste,8912,540.908,92224,22664,5388,20974,39744
2905156,Caetanos,BA,Nordeste,14671,767.146,102468,10906,6417,25242,55723
2905206,Caetité,BA,Nordeste,51184,2651.536,1098344,29232,439370,342254,211531
2905305,Cafarnaum,BA,Nordeste,18585,643.66,217329,32111,23363,62385,82978
2905404,Cairu,BA,Nordeste,18666,448.846,1508842,19581,920583,438139,103470
2905503,Caldeirão Grande,BA,Nordeste,13452,458.311,101885,8699,4993,27183,56435
2905602,Camacan,BA,Nordeste,32023,584.848,354111,33139,20553,140160,135440
2905701,Camaçari,BA,Nordeste,309208,785.421,33990890,20677,15728958,8865587,1390933
2905800,Camamu,BA,Nordeste,35444,839.702,468117,100894,22209,155103,149000
2905909,Campo Alegre de Lourdes,BA,Nordeste,28839,2914.587,295119,40523,23043,95446,115733
2906006,Campo Formoso,BA,Nordeste,71754,7161.827,2072121,96326,1245679,328126,278667
2906105,Canápolis,BA,Nordeste,9694,460.388,84823,15403,4706,19730,41883
2906204,Canarana,BA,Nordeste,26468,579.726,258494,50097,17576,72537,103354
2906303,Canavieiras,BA,Nordeste,30722,1334.284,394907,100671,21338,123031,129994
2906402,Candeal,BA,Nordeste,8109,447.578,67739,12422,3285,15203,35002
2906501,Candeias,BA,Nordeste,87820,251.808,6824935,16367,2664224,2411306,452598
2906600,Candiba,BA,Nordeste,14415,433.642,140513,27594,7905,44057,53232
2906709,Cândido Sales,BA,Nordeste,24921,1169.814,244448,12898,12969,90925,109249
2906808,Cansanção,BA,Nordeste,34929,1351.891,352265,39827,17498,109642,165843
2906824,Canudos,BA,Nordeste,16832,3565.377,152935,28621,8060,43158,63386
2906857,Capela do Alto Alegre,BA,Nordeste,11597,629.586,129342,25762,16509,32399,47046
2906873,Capim Grosso,BA,Nordeste,31055,464.776,579390,16117,33547,325708,116487
2906899,Caraíbas,BA,Nordeste,8659,805.629,86125,13655,5075,24276,37698
2906907,Caravelas,BA,Nordeste,22166,2377.889,357855,136235,16911,85207,99780
2907004,Cardeal da Silva,BA,Nordeste,9395,293.456,117844,8003,36826,30034,36915
2907103,Carinhanha,BA,Nordeste,29118,2525.906,288403,64417,10731,86358,111798
2907202,Casa Nova,BA,Nordeste,73092,9647.072,874879,163856,127305,230170,284368
2907301,Castro Alves,BA,Nordeste,26369,713.789,316840,22553,48989,109161,110361
2907400,Catolândia,BA,Nordeste,3619,702.504,80904,8855,3391,38255,18572
2907509,Catu,BA,Nordeste,55222,426.955,695021,9815,117686,287816,206318
2907558,Caturama,BA,Nordeste,9303,716.261,78181,12918,5751,17820,38663
2907608,Central,BA,Nordeste,17293,566.974,154454,8112,8400,54160,72292
2907707,Chorrochó,BA,Nordeste,11221,3005.319,105377,9997,10158,26314,54984
2907806,Cícero Dantas,BA,Nordeste,32636,819.969,399480,55826,19229,153747,143630
2907905,Cipó,BA,Nordeste,17402,168.33,155100,6205,8151,59256,71231
2908002,Coaraci,BA,Nordeste,16128,274.5,190857,23125,9676,71556,76979
2908101,Cocos,BA,Nordeste,18835,10140.572,559255,311827,37090,95627,79423
2908200,Conceição da Feira,BA,Nordeste,22933,164.798,375845,47156,93843,100805,94285
2908309,Conceição do Almeida,BA,Nordeste,17087,284.836,200105,21608,23896,70866,67283
2908408,Conceição do Coité,BA,Nordeste,67394,1015.252,883550,40437,133343,377036,248090
2908507,Conceição do Jacuípe,BA,Nordeste,33631,114.869,2761495,56438,1157961,523333,146462
2908606,Conde,BA,Nordeste,26223,931.106,288432,42387,31158,79103,118555
2908705,Condeúba,BA,Nordeste,17113,1348.039,170758,14368,10949,62871,72886
2908804,Contendas do Sincorá,BA,Nordeste,4025,977.455,50705,12709,2639,13091,19937
2908903,Coração de Maria,BA,Nordeste,22391,378.42,225909,23199,22386,67486,97316
2909000,Cordeiros,BA,Nordeste,8667,523.64,70616,6469,5239,19834,35757
2909109,Coribe,BA,Nordeste,14108,2662.819,168999,57131,6562,43200,52198
2909208,Coronel João Sá,BA,Nordeste,15549,797.434,175063,32173,7363,43882,84332
2909307,Correntina,BA,Nordeste,32243,11504.314,3280617,1923038,190522,746522,194016
2909406,Cotegipe,BA,Nordeste,13756,4282.775,171261,61113,7463,33781,62922
2909505,Cravolândia,BA,Nordeste,5352,182.585,45856,5428,2809,11491,24025
2909604,Crisópolis,BA,Nordeste,21219,636.609,205809,35018,8724,58577,93071
2909703,Cristópolis,BA,Nordeste,13981,1052.837,157829,27208,6149,51678,60982
2909802,Cruz das Almas,BA,Nordeste,63923,139.117,1041984,17568,105692,548355,245131
2909901,Curaçá,BA,Nordeste,35065,5950.614,354901,61802,22121,98274,141931
2910008,Dário Meira,BA,Nordeste,10347,413.637,126035,26546,5039,29235,61169
2910057,Dias d'Ávila,BA,Nordeste,83705,183.759,3052173,3958,1648233,678016,322543
2910107,Dom Basílio,BA,Nordeste,12281,689.516,142114,29118,6229,44266,51842
2910206,Dom Macedo Costa,BA,Nordeste,4072,94.778,43268,6907,2840,13664,18206
2910305,Elísio Medrado,BA,Nordeste,8129,179.329,76577,15042,4013,19438,34843
2910404,Encruzilhada,BA,Nordeste,15914,1890.133,255982,70026,10504,74512,84578
2910503,Entre Rios,BA,Nordeste,42014,1187.766,680875,91709,143729,225675,173593
2910602,Esplanada,BA,Nordeste,37902,1299.355,731443,93211,210574,213576,169086
2910701,Euclides da Cunha,BA,Nordeste,61112,2025.368,794576,164926,48763,298325,226658
2910727,Eunápolis,BA,Nordeste,115360,1425.97,3204764,193028,781815,1330034,482889
2910750,Fátima,BA,Nordeste,17801,364.419,279797,129454,12591,52929,76712
2910776,Feira da Mata,BA,Nordeste,5656,1176.111,63006,17005,1889,15518,25796
2910800,Feira de Santana,BA,Nordeste,624107,1304.425,17287746,85543,3699325,8594182,1931141
2910859,Filadélfia,BA,Nordeste,16314,579.686,139019,12728,9691,43215,66023
2910909,Firmino Alves,BA,Nordeste,5641,172.353,70961,19360,4921,15886,28502
2911006,Floresta Azul,BA,Nordeste,10525,321.013,101470,19462,5520,26666,45233
2911105,Formosa do Rio Preto,BA,Nordeste,26111,15634.328,4609105,3398632,145474,763224,134461
2911204,Gandu,BA,Nordeste,32778,229.661,460710,70108,24009,192979,126513
2911253,Gavião,BA,Nordeste,4417,384.592,49892,12405,2149,11439,22134
2911303,Gentio do Ouro,BA,Nordeste,11284,3817.946,133421,5595,40309,21962,49514
2911402,Glória,BA,Nordeste,15247,1566.609,254116,133262,13443,35942,61562
2911501,Gongogi,BA,Nordeste,6852,202.194,76384,20065,2952,15913,35079
2911600,Governador Mangabeira,BA,Nordeste,20800,106.848,221824,22001,13495,83104,84293
2911659,Guajeru,BA,Nordeste,6371,872.867,68553,14366,4355,16841,30131
2911709,Guanambi,BA,Nordeste,85353,1272.366,1652174,57047,204441,831882,353238
2911808,Guaratinga,BA,Nordeste,20565,2189.404,279298,121701,9867,45244,94844
2911857,Heliópolis,BA,Nordeste,12946,313.438,140497,34114,8343,35574,55954
2911907,Iaçu,BA,Nordeste,23950,2342.497,236733,32203,16127,77089,99097
2912004,Ibiassucê,BA,Nordeste,8849,483.274,98696,11035,6979,35414,38391
2912103,Ibicaraí,BA,Nordeste,21083,230.953,206488,19131,9653,76315,91259
2912202,Ibicoara,BA,Nordeste,19990,817.355,442996,205404,23698,99101,89644
2912301,Ibicuí,BA,Nordeste,16262,1139.378,196041,74880,7781,40156,61829
2912400,Ibipeba,BA,Nordeste,18421,1382.008,177643,45093,12500,41232,64958
2912509,Ibipitanga,BA,Nordeste,14989,954.373,117147,8548,5654,38014,58194
2912608,Ibiquera,BA,Nordeste,4047,698.245,37302,7468,1621,8264,18697
2912707,Ibirapitanga,BA,Nordeste,23433,472.664,285725,105281,14248,54181,104029
2912806,Ibirapuã,BA,Nordeste,8740,771.098,450754,89444,178669,89528,40309
2912905,Ibirataia,BA,Nordeste,14476,318.129,206991,39816,14152,66748,73899
2913002,Ibitiara,BA,Nordeste,16463,1834.002,113539,11859,4566,32411,58452
2913101,Ibititá,BA,Nordeste,17048,573.033,155356,36222,11868,36884,62186
2913200,Ibotirama,BA,Nordeste,27076,1740.113,415176,23160,54074,186050,108402
2913309,Ichu,BA,Nordeste,6232,138.016,56326,4569,3918,14962,30499
2913408,Igaporã,BA,Nordeste,15661,836.586,198181,15361,55415,46723,64163
2913457,Igrapiúna,BA,Nordeste,12963,591.312,211118,70920,35137,36363,58171
2913507,Iguaí,BA,Nordeste,27006,860.223,246107,46571,11606,73497,103248
2913606,Ilhéus,BA,Nordeste,157639,1588.555,5165434,172100,1276420,2097989,661272
2913705,Inhambupe,BA,Nordeste,40720,1082.283,625516,261752,32025,138433,167586
2913804,Ipecaetá,BA,Nordeste,14229,372.565,105039,9525,5588,23523,62556
2913903,Ipiaú,BA,Nordeste,45969,280.454,567652,33419,44463,263709,177454
2914000,Ipirá,BA,Nordeste,59281,3105.281,664074,73425,81075,238196,217169
2914109,Ipupiara,BA,Nordeste,9954,1055.76,100298,6607,8219,41505,36089
2914208,Irajuba,BA,Nordeste,7295,459.047,77968,5235,3061,30478,30403
2914307,Iramaia,BA,Nordeste,7874,1708.115,102575,19074,4094,33669,38342
2914406,Iraquara,BA,Nordeste,25728,991.822,897724,50397,468305,187695,99230
2914505,Irará,BA,Nordeste,29305,267.88,285797,19788,16619,103229,125895
2914604,Irecê,BA,Nordeste,74050,319.174,1531592,47938,114428,879067,275244
2914653,Itabela,BA,Nordeste,30901,924.914,513989,109962,39186,179267,139994
2914703,Itaberaba,BA,Nordeste,64795,2386.39,995761,55219,104145,466939,257468
2914802,Itabuna,BA,Nordeste,214123,401.028,4200887,36544,540211,2283837,833399
2914901,Itacaré,BA,Nordeste,29051,726.265,427090,61290,23048,193493,124963
2915007,Itaeté,BA,Nordeste,16164,1331.822,126615,17172,7173,31686,63186
2915106,Itagi,BA,Nordeste,12140,310.621,128429,23053,6517,34491,58602
2915205,Itagibá,BA,Nordeste,14331,810.993,1102618,55092,741058,206045,71629
2915304,Itagimirim,BA,Nordeste,6784,876.8,127478,40678,5625,36477,35947
2915353,Itaguaçu da Bahia,BA,Nordeste,14650,4310.238,152646,17547,37845,26102,61356
2915403,Itaju do Colônia,BA,Nordeste,6515,1225.287,89468,35340,4311,15322,31967
2915502,Itajuípe,BA,Nordeste,20309,270.752,255369,41925,39468,69839,85650
2915601,Itamaraju,BA,Nordeste,64423,2360.584,1109786,282039,104769,387125,241279
2915700,Itamari,BA,Nordeste,7971,143.479,103343,34892,4266,22719,37100
2915809,Itambé,BA,Nordeste,22474,1534.575,294534,72658,21941,78179,109467
2915908,Itanagra,BA,Nordeste,6433,533.634,81829,6101,12439,20005,40193
2916005,Itanhém,BA,Nordeste,19231,1394.174,293429,110056,13935,74243,82771
2916104,Itaparica,BA,Nordeste,22440,121.373,246765,7995,17583,110311,94142
2916203,Itapé,BA,Nordeste,8300,453.144,106333,30717,5814,25719,39722
2916302,Itapebi,BA,Nordeste,10173,1013.074,335601,44738,201712,31790,52530
2916401,Itapetinga,BA,Nordeste,77408,1651.158,1466169,71340,359432,543484,319229
2916500,Itapicuru,BA,Nordeste,36173,1557.685,438660,171535,26573,89012,135235
2916609,Itapitanga,BA,Nordeste,10284,420.663,94612,21603,3897,19108,47377
2916708,Itaquara,BA,Nordeste,8375,344.093,100679,36687,4388,20719,35056
2916807,Itarantim,BA,Nordeste,19937,1674.029,330772,109298,49281,68680,86370
2916856,Itatim,BA,Nordeste,14588,547.51,430369,5741,30854,244488,65241
2916906,Itiruçu,BA,Nordeste,12482,322.243,120556,19438,6657,39653,46952
2917003,Itiúba,BA,Nordeste,36140,1650.593,351480,58694,13266,101467,162950
2917102,Itororó,BA,Nordeste,20394,313.839,250715,30459,37702,76550,90091
2917201,Ituaçu,BA,Nordeste,19095,1199.374,256554,97914,14275,57281,78032
2917300,Ituberá,BA,Nordeste,28870,415.428,367367,69298,29621,126630,113306
2917334,Iuiu,BA,Nordeste,11038,1525.142,133299,43989,5720,29272,47415
2917359,Jaborandi,BA,Nordeste,8176,9955.113,1344176,1005405,76371,166808,43226
2917409,Jacaraci,BA,Nordeste,14855,1332.42,122734,15166,5096,36245,58413
2917508,Jacobina,BA,Nordeste,80749,2192.905,1866382,39884,656447,735670,282470
2917607,Jaguaquara,BA,Nordeste,54913,924.512,677732,69162,33759,297888,207180
2917706,Jaguarari,BA,Nordeste,33915,2466.009,1197315,9715,706987,300679,133871
2917805,Jaguaripe,BA,Nordeste,19162,863.424,206796,64422,8302,37112,82726
2917904,Jandaíra,BA,Nordeste,10742,640.772,168106,76993,6502,30073,47740
2918001,Jequié,BA,Nordeste,156277,2969.039,3175607,77838,389022,1648896,627447
2918100,Jeremoabo,BA,Nordeste,40832,4267.488,501169,121184,32885,152349,166732
2918209,Jiquiriçá,BA,Nordeste,14576,238.66,150225,32231,6897,40602,61506
2918308,Jitaúna,BA,Nordeste,10470,262.05,175501,45936,9331,48719,62587
2918357,João Dourado,BA,Nordeste,25606,913.258,296792,52545,20016,98986,99640
2918407,Juazeiro,BA,Nordeste,219544,6721.237,5182686,377813,666388,2486074,963723
2918456,Jucuruçu,BA,Nordeste,8856,1457.656,127605,65613,3402,18832,36736
2918506,Jussara,BA,Nordeste,15241,1355.173,113552,13277,6932,31401,56584
2918555,Jussari,BA,Nordeste,5706,329.19,71426,18852,2128,15067,33256
2918605,Jussiape,BA,Nordeste,5777,589.763,68637,12272,3676,19799,29197
2918704,Lafaiete Coutinho,BA,Nordeste,3663,498.11,55228,16617,2201,10897,23764
2918753,Lagoa Real,BA,Nordeste,15870,912.222,119480,14510,5427,31561,60687
2918803,Laje,BA,Nordeste,24214,449.834,292274,68951,11845,85743,104818
2918902,Lajedão,BA,Nordeste,3993,624.353,112925,65156,3972,17192,23411
2919009,Lajedinho,BA,Nordeste,3735,846.728,60929,6527,2374,25834,18550
2919058,Lajedo do Tabocal,BA,Nordeste,8591,382.937,78267,11827,3864,22858,34984
2919108,Lamarão,BA,Nordeste,8078,189.257,64992,6625,3552,14341,38450
2919157,Lapão,BA,Nordeste,27323,642.882,302184,52360,34337,83724,109543
2919207,Lauro de Freitas,BA,Nordeste,204669,57.942,7322788,2470,1167752,3892123,999930
2919306,Lençóis,BA,Nordeste,11586,1283.328,170248,25601,10918,72496,50151
2919405,Licínio de Almeida,BA,Nordeste,12357,856.626,157145,14738,22680,56501,49909
2919504,Livramento de Nossa Senhora,BA,Nordeste,46372,1952.51,574693,106651,33923,223546,168655
2919553,Luís Eduardo Magalhães,BA,Nordeste,92671,4036.094,8833179,1476999,1519224,3842421,416131
2919603,Macajuba,BA,Nordeste,11318,701.171,90666,10583,4663,25066,46571
2919702,Macarani,BA,Nordeste,19056,1210.106,226872,72214,6784,52077,88058
2919801,Macaúbas,BA,Nordeste,50481,2459.102,430548,33696,27873,154460,190638
2919900,Macururé,BA,Nordeste,7752,2545.856,67455,5810,2636,17744,38183
2919926,Madre de Deus,BA,Nordeste,21754,32.201,515753,2775,64442,260824,139974
2919959,Maetinga,BA,Nordeste,2386,614.834,50031,4442,2993,18408,21036
2920007,Maiquinique,BA,Nordeste,10294,588.297,204964,33537,39521,64456,48214
2920106,Mairi,BA,Nordeste,18535,906.68,158649,22505,6666,51069,68636
2920205,Malhada,BA,Nordeste,16875,1979.193,187955,70132,10035,33300,65590
2920304,Malhada de Pedras,BA,Nordeste,8326,550.55,80501,12253,4291,23797,35917
2920403,Manoel Vitorino,BA,Nordeste,12944,2201.764,139733,35512,5847,34710,57281
2920452,Mansidão,BA,Nordeste,13822,3129.588,93635,13189,3954,20682,52207
2920502,Maracás,BA,Nordeste,19973,2413.27,655865,61728,269440,188878,97751
2920601,Maragogipe,BA,Nordeste,44902,437.61,402216,83229,18623,105674,179967
2920700,Maraú,BA,Nordeste,20664,848.885,343435,58634,21722,150982,95432
2920809,Marcionílio Souza,BA,Nordeste,10357,1099.283,94273,19994,4230,22588,43894
2920908,Mascote,BA,Nordeste,13619,742.689,161322,30843,6985,47847,64512
2921005,Mata de São João,BA,Nordeste,47643,605.168,1307567,19993,231151,632626,248140
2921054,Matina,BA,Nordeste,12359,773.278,91646,17060,3309,20786,47047
2921104,Medeiros Neto,BA,Nordeste,22741,1311.739,514264,103630,142416,135987,92601
2921203,Miguel Calmon,BA,Nordeste,25771,1599.672,272751,32305,19475,102110,102665
2921302,Milagres,BA,Nordeste,10838,420.358,144021,2665,6722,68973,47707
2921401,Mirangaba,BA,Nordeste,18603,1751.778,141314,24133,8911,30645,71359
2921450,Mirante,BA,Nordeste,8264,1172.86,78529,14492,3449,20043,37455
2921500,Monte Santo,BA,Nordeste,49145,3034.197,459587,62379,18919,142069,210834
2921609,Morpará,BA,Nordeste,8476,2093.872,78576,16404,3687,19398,35880
2921708,Morro do Chapéu,BA,Nordeste,35466,5744.969,626444,48076,261750,139761,135615
2921807,Mortugaba,BA,Nordeste,12063,528.214,106587,12328,6085,36295,45615
2921906,Mucugê,BA,Nordeste,8725,2462.153,774984,565927,37644,99835,47571
2922003,Mucuri,BA,Nordeste,42729,1787.626,2213929,95110,1227745,455704,225710
2922052,Mulungu do Morro,BA,Nordeste,10469,646.621,212754,12366,107222,27499,51584
2922102,Mundo Novo,BA,Nordeste,27153,1491.99,198985,34805,8699,53100,94996
2922201,Muniz Ferreira,BA,Nordeste,7464,104.54,66760,7835,4215,18071,33450
2922250,Muquém do São Francisco,BA,Nordeste,11479,3852.111,210272,52696,40442,47355,51474
2922300,Muritiba,BA,Nordeste,29420,86.311,276522,13308,25853,106635,111736
2922409,Mutuípe,BA,Nordeste,22340,275.854,470758,81545,20858,258310,86332
2922508,Nazaré,BA,Nordeste,28661,278.629,330399,15437,21739,135558,136594
2922607,Nilo Peçanha,BA,Nordeste,14156,388.936,185842,74104,9588,35301,61228
2922656,Nordestina,BA,Nordeste,13197,465.407,160704,7248,41370,43186,60011
2922706,Nova Canaã,BA,Nordeste,16482,804.617,174011,46848,5831,45897,70455
2922730,Nova Fátima,BA,Nordeste,7830,346.784,95116,13607,4970,34013,34807
2922755,Nova Ibiá,BA,Nordeste,6518,203.198,101835,45975,3764,17404,32744
2922805,Nova Itarana,BA,Nordeste,8328,475.381,73231,6579,4129,19649,38481
2922854,Nova Redenção,BA,Nordeste,9126,565.356,75482,11345,3689,18653,38962
2922904,Nova Soure,BA,Nordeste,27047,966.993,271385,46482,18886,76947,114068
2923001,Nova Viçosa,BA,Nordeste,44170,1316.379,575879,54469,58822,234302,172066
2923035,Novo Horizonte,BA,Nordeste,12653,627.5,105117,14794,8158,28329,48244
2923050,Novo Triunfo,BA,Nordeste,15445,278.487,103840,15233,4691,21031,59955
2923100,Olindina,BA,Nordeste,28373,637.317,241905,13993,18799,78296,113205
2923209,Oliveira dos Brejinhos,BA,Nordeste,21797,3313.418,291778,19801,80754,86205,80733
2923308,Ouriçangas,BA,Nordeste,8575,156.982,80572,5784,14842,18184,38936
2923357,Ourolândia,BA,Nordeste,17567,1544.988,279796,10394,119299,62855,71361
2923407,Palmas de Monte Alto,BA,Nordeste,21840,2560.027,237973,58694,17182,58293,89722
2923506,Palmeiras,BA,Nordeste,9123,737.454,107772,8198,18107,38486,36952
2923605,Paramirim,BA,Nordeste,21777,1087.06,270522,17727,42079,100647,90584
2923704,Paratinga,BA,Nordeste,32274,2624.998,260302,32121,10739,80354,121240
2923803,Paripiranga,BA,Nordeste,29124,442.186,454229,158946,17402,147468,105886
2923902,Pau Brasil,BA,Nordeste,9550,626.306,105694,29530,5527,24233,42543
2924009,Paulo Afonso,BA,Nordeste,119213,1544.388,3964729,31769,2335743,884360,520526
2924058,Pé de Serra,BA,Nordeste,13535,596.771,131268,24127,9117,32288,60998
2924108,Pedrão,BA,Nordeste,7438,158.488,52230,6341,2336,11415,30381
2924207,Pedro Alexandre,BA,Nordeste,16698,889.572,119243,31268,3791,22646,58242
2924306,Piatã,BA,Nordeste,16854,1825.857,242589,19974,65679,75395,68805
2924405,Pilão Arcado,BA,Nordeste,35295,11597.923,291131,51153,8919,76078,141148
2924504,Pindaí,BA,Nordeste,16308,628.468,296449,22513,150095,37904,63491
2924603,Pindobaçu,BA,Nordeste,20048,495.845,156836,10290,8469,46829,84658
2924652,Pintadas,BA,Nordeste,10353,647.144,109216,21020,5082,27222,43957
2924678,Piraí do Norte,BA,Nordeste,10050,193.427,116891,46489,4546,20029,42952
2924702,Piripá,BA,Nordeste,10253,511.756,79283,6369,4480,24543,40226
2924801,Piritiba,BA,Nordeste,25162,980.328,187717,26298,9025,59221,81851
2924900,Planaltino,BA,Nordeste,9415,955.454,79136,13004,3408,20022,39126
2925006,Planalto,BA,Nordeste,26581,769.0,309692,45780,21524,113614,102037
2925105,Poções,BA,Nordeste,46885,937.855,572944,32743,33354,274593,172522
2925204,Pojuca,BA,Nordeste,40401,314.932,1843255,9118,1120343,359976,187112
2925253,Ponto Novo,BA,Nordeste,14729,530.144,142450,13482,9129,41275,71661
2925303,Porto Seguro,BA,Nordeste,152529,2285.734,3775003,197896,277328,2251084,704963
2925402,Potiraguá,BA,Nordeste,6623,1111.567,114890,35650,9621,26449,38742
2925501,Prado,BA,Nordeste,28214,1692.1,625403,224932,42870,188898,139308
2925600,Presidente Dutra,BA,Nordeste,15180,232.064,132058,14006,9422,43556,58240
2925709,Presidente Jânio Quadros,BA,Nordeste,12028,1208.549,100235,12698,4851,28457,49862
2925758,Presidente Tancredo Neves,BA,Nordeste,28272,441.82,337994,89732,18294,93974,115783
2925808,Queimadas,BA,Nordeste,25428,2011.06,257595,35508,14332,82804,109590
2925907,Quijingue,BA,Nordeste,27672,1380.798,227708,24471,10066,65357,116043
2925931,Quixabeira,BA,Nordeste,8939,366.387,76980,8242,4611,22743,38283
2925956,Rafael Jambeiro,BA,Nordeste,22643,1090.552,396593,17641,14112,209825,91434
2926004,Remanso,BA,Nordeste,41324,4573.505,486107,76733,17294,178156,185148
2926103,Retirolândia,BA,Nordeste,14588,242.329,149704,13027,21345,44656,59526
2926202,Riachão das Neves,BA,Nordeste,22330,5977.931,1539859,1035030,71804,261512,101849
2926301,Riachão do Jacuípe,BA,Nordeste,33498,1155.418,409527,35307,40546,174950,123718
2926400,Riacho de Santana,BA,Nordeste,35757,3183.911,317645,50211,10656,105661,133922
2926509,Ribeira do Amparo,BA,Nordeste,14631,644.229,192311,82256,8347,31080,65235
2926608,Ribeira do Pombal,BA,Nordeste,54097,1252.144,715512,76925,51872,312881,208874
2926657,Ribeirão do Largo,BA,Nordeste,4896,1363.7,110954,54745,3154,17990,32349
2926707,Rio de Contas,BA,Nordeste,12878,1115.252,155831,36965,7869,50902,53661
2926806,Rio do Antônio,BA,Nordeste,15521,777.903,115515,10611,6061,35683,57173
2926905,Rio do Pires,BA,Nordeste,11672,656.223,100333,8876,5310,35420,44548
2927002,Rio Real,BA,Nordeste,41209,739.775,1030915,626455,35208,180571,163121
2927101,Rodelas,BA,Nordeste,9548,2207.159,143383,32543,9488,35991,54944
2927200,Ruy Barbosa,BA,Nordeste,30900,1991.772,392238,24856,56814,160111,120014
2927309,Salinas da Margarida,BA,Nordeste,16047,150.569,201345,71302,9468,45812,68069
2927408,Salvador,BA,Nordeste,2900319,693.442,62981326,52697,7154631,38143696,8893535
2927507,Santa Bárbara,BA,Nordeste,20971,347.021,180434,12064,14944,61776,81469
2927606,Santa Brígida,BA,Nordeste,13917,934.461,119246,15133,7642,33695,56236
2927705,Santa Cruz Cabrália,BA,Nordeste,28058,1462.942,549713,75660,57539,238315,140831
2927804,Santa Cruz da Vitória,BA,Nordeste,6241,284.083,71169,16562,3626,16469,31779
2927903,Santa Inês,BA,Nordeste,10583,379.27,76085,3590,5070,24510,38467
2928000,Santaluz,BA,Nordeste,37704,1623.445,521838,37263,114214,173818,155368
2928059,Santa Luzia,BA,Nordeste,12308,824.473,124187,30727,6173,27909,54786
2928109,Santa Maria da Vitória,BA,Nordeste,39707,1984.91,600085,66504,36429,250255,187886
2928208,Santana,BA,Nordeste,26792,1909.353,343471,91207,23802,100507,106062
2928307,Santanópolis,BA,Nordeste,8987,222.686,68800,6761,3838,17327,38012
2928406,Santa Rita de Cássia,BA,Nordeste,28613,6030.491,285736,66777,9721,88460,106997
2928505,Santa Terezinha,BA,Nordeste,10520,719.257,101309,8262,12607,26233,46470
2928604,Santo Amaro,BA,Nordeste,60190,494.502,1137499,72106,266626,382482,252872
2928703,Santo Antônio de Jesus,BA,Nordeste,103204,261.74,2449482,64126,356073,1295085,371211
2928802,Santo Estêvão,BA,Nordeste,53666,360.334,913473,17037,173012,384809,212675
2928901,São Desidério,BA,Nordeste,34764,15156.712,5846224,4191028,353310,889737,191193
2928950,São Domingos,BA,Nordeste,9085,289.963,88333,12709,6398,26765,37259
2929008,São Félix,BA,Nordeste,14784,103.226,172669,38440,13570,51793,62757
2929057,São Félix do Coribe,BA,Nordeste,15543,1751.671,238009,72040,12431,71111,63129
2929107,São Felipe,BA,Nordeste,21083,222.407,211989,48029,11017,64717,76298
2929206,São Francisco do Conde,BA,Nordeste,40664,269.715,13095067,17002,7341283,3096530,367956
2929255,São Gabriel,BA,Nordeste,18785,1146.054,152707,13759,9872,41912,80663
2929305,São Gonçalo dos Campos,BA,Nordeste,38315,294.768,1156472,32193,262053,471205,155878
2929354,São José da Vitória,BA,Nordeste,5562,127.925,67107,8475,2977,21679,28622
2929370,São José do Jacuípe,BA,Nordeste,10546,362.365,126577,21504,11109,39997,43067
2929404,São Miguel das Matas,BA,Nordeste,11733,230.906,176578,36026,6220,65836,44490
2929503,São Sebastião do Passé,BA,Nordeste,44554,536.678,849766,25523,261855,262010,183969
2929602,Sapeaçu,BA,Nordeste,17421,131.218,213065,25156,20130,67734,88096
2929701,Sátiro Dias,BA,Nordeste,17330,949.223,257706,117221,12810,42478,76562
2929750,Saubara,BA,Nordeste,12163,166.428,146219,26799,12020,44332,57422
2929800,Saúde,BA,Nordeste,12971,509.098,102999,8806,4458,33885,51595
2929909,Seabra,BA,Nordeste,44370,2402.17,625080,26437,35238,317133,173682
2930006,Sebastião Laranjeiras,BA,Nordeste,11586,1984.511,107168,26884,3575,24639,46612
2930105,Senhor do Bonfim,BA,Nordeste,79813,789.361,997788,15681,95515,495620,291134
2930154,Serra do Ramalho,BA,Nordeste,31362,2340.684,411279,113758,30704,106659,139353
2930204,Sento Sé,BA,Nordeste,41279,11980.172,1714711,55054,1215947,175336,188334
2930303,Serra Dourada,BA,Nordeste,17261,1592.245,199802,56761,13730,52849,66627
2930402,Serra Preta,BA,Nordeste,14531,595.297,138171,18522,8539,42111,62041
2930501,Serrinha,BA,Nordeste,81693,583.314,1085465,24926,94584,522808,330108
2930600,Serrolândia,BA,Nordeste,13490,322.022,118127,7778,9156,37924,56925
2930709,Simões Filho,BA,Nordeste,137117,201.528,6340237,11985,2200928,2175567,593739
2930758,Sítio do Mato,BA,Nordeste,13104,1627.806,119916,39224,7000,23052,45129
2930766,Sítio do Quinto,BA,Nordeste,9431,684.089,103227,19247,4969,28718,45249
2930774,Sobradinho,BA,Nordeste,23274,1355.972,842992,24871,572786,105435,116876
2930808,Souto Soares,BA,Nordeste,17118,1026.634,135851,6876,6107,43716,71252
2930907,Tabocas do Brejo Velho,BA,Nordeste,12515,1437.189,268071,24472,152198,31420,50934
2931004,Tanhaçu,BA,Nordeste,20383,1277.514,252999,59079,14690,77485,87979
2931053,Tanque Novo,BA,Nordeste,17518,729.516,182572,13099,8535,69445,73703
2931103,Tanquinho,BA,Nordeste,7936,243.839,66752,7992,3668,21474,30784
2931202,Taperoá,BA,Nordeste,21421,454.081,221530,45546,7465,63375,92606
2931301,Tapiramutá,BA,Nordeste,16939,714.691,148710,26398,9189,34034,74525
2931350,Teixeira de Freitas,BA,Nordeste,164290,1165.622,2875560,119246,225871,1523924,645730
2931400,Teodoro Sampaio,BA,Nordeste,7296,244.613,177343,8097,14893,105193,37604
2931509,Teofilândia,BA,Nordeste,22590,351.892,191244,12556,11328,68161,85511
2931608,Teolândia,BA,Nordeste,15097,289.782,216597,95788,9328,37353,69071
2931707,Terra Nova,BA,Nordeste,13018,193.241,170369,9341,45439,36789,59096
2931806,Tremedal,BA,Nordeste,15996,2010.316,133571,21778,6661,35533,63423
2931905,Tucano,BA,Nordeste,50903,2198.237,544589,37336,29445,219104,208351
2932002,Uauá,BA,Nordeste,23991,3060.116,234752,22661,11879,82217,104305
2932101,Ubaíra,BA,Nordeste,19860,659.08,228976,35745,13152,92375,75836
2932200,Ubaitaba,BA,Nordeste,18647,181.102,244475,11848,24043,101547,86780
2932309,Ubatã,BA,Nordeste,27481,177.643,223669,24342,11516,76880,95047
2932408,Uibaí,BA,Nordeste,13894,545.298,175916,17358,53513,39156,49297
2932457,Umburanas,BA,Nordeste,19573,1775.633,263228,7533,102570,60723,76249
2932507,Una,BA,Nordeste,18108,1126.733,333870,91083,18239,103258,95830
2932606,Urandi,BA,Nordeste,16672,902.402,199656,27544,26465,58059,66562
2932705,Uruçuca,BA,Nordeste,20312,510.098,296011,62840,18567,98065,93929
2932804,Utinga,BA,Nordeste,19330,633.76,185676,29859,9267,61336,73470
2932903,Valença,BA,Nordeste,97873,1123.975,1740629,186658,163523,797793,377907
2933000,Valente,BA,Nordeste,29111,394.877,268418,13438,20963,95191,111074
2933059,Várzea da Roça,BA,Nordeste,14135,468.407,111965,13679,6277,31468,55095
2933109,Várzea do Poço,BA,Nordeste,9247,206.478,116185,7878,4755,51992,35159
2933158,Várzea Nova,BA,Nordeste,12556,1225.892,231719,23098,97629,45956,55352
2933174,Varzedo,BA,Nordeste,8734,221.399,135059,38756,23536,28680,34648
2933208,Vera Cruz,BA,Nordeste,44185,297.537,601816,31957,64231,265674,181996
2933257,Vereda,BA,Nordeste,6105,782.159,92690,42996,3077,13572,30299
2933307,Vitória da Conquista,BA,Nordeste,343643,3254.186,8218063,188038,1219365,4319364,1321865
2933406,Wagner,BA,Nordeste,9342,522.37,89462,14570,5584,25744,38053
2933455,Wanderley,BA,Nordeste,12125,2920.579,167534,57555,6270,42928,53764
2933505,Wenceslau Guimarães,BA,Nordeste,20862,655.057,331451,154587,13378,59414,96097
2933604,Xique-Xique,BA,Nordeste,46562,5079.662,460817,60719,15844,161556,193316
3100104,Abadia dos Dourados,MG,Sudeste,7022,880.461,176730,75111,10610,43375,38586
3100203,Abaeté,MG,Sudeste,23263,1817.067,541136,127034,40595,220366,108966
3100302,Abre Campo,MG,Sudeste,13434,470.551,262668,66752,14007,100226,61422
3100401,Acaiaca,MG,Sudeste,3995,101.886,64892,3564,12307,22201,23345
3100500,Açucena,MG,Sudeste,9270,815.422,165796,21965,75036,24501,41343
3100609,Água Boa,MG,Sudeste,13319,1320.344,192065,56491,7669,54781,63874
3100708,Água Comprida,MG,Sudeste,1986,492.167,230005,154963,9949,39704,20054
3100807,Aguanil,MG,Sudeste,4557,232.091,94598,33973,3193,26809,27141
3100906,Águas Formosas,MG,Sudeste,19285,820.079,287546,21207,24022,128788,91589
3101003,Águas Vermelhas,MG,Sudeste,13656,1256.607,236694,52991,8904,88300,65954
3101102,Aimorés,MG,Sudeste,25116,1348.913,637983,62403,198205,218162,122603
3101201,Aiuruoca,MG,Sudeste,5949,649.68,128546,36086,3032,51240,31536
3101300,Alagoa,MG,Sudeste,2657,161.356,47699,12808,2784,12138,17907
3101409,Albertina,MG,Sudeste,3015,58.01,153935,18311,6169,76543,20672
3101508,Além Paraíba,MG,Sudeste,35438,510.25,971558,13247,330855,404540,163828
3101607,Alfenas,MG,Sudeste,80973,850.446,3486907,285844,507373,1759777,410536
3101631,Alfredo Vasconcelos,MG,Sudeste,7052,130.815,150571,43651,15260,44700,35290
3101706,Almenara,MG,Sudeste,42380,2294.426,674815,24789,90777,311896,198865
3101805,Alpercata,MG,Sudeste,7448,166.972,94682,9793,7804,32602,37978
3101904,Alpinópolis,MG,Sudeste,20059,460.685,524182,159833,36181,196492,92903
3102001,Alterosa,MG,Sudeste,14566,362.01,296492,90182,15298,104312,70975
3102050,Alto Caparaó,MG,Sudeste,5938,103.69,97092,19090,3298,36213,32910
3102100,Alto Rio Doce,MG,Sudeste,10723,518.053,180095,67073,6715,49574,51056
3102209,Alvarenga,MG,Sudeste,3783,278.175,54645,10161,1951,15293,25180
3102308,Alvinópolis,MG,Sudeste,15135,599.443,340110,35149,88901,104021,65962
3102407,Alvorada de Minas,MG,Sudeste,3605,374.008,64841,11277,1738,15045,30293
3102506,Amparo do Serra,MG,Sudeste,4643,136.186,55910,11818,1997,15558,24246
3102605,Andradas,MG,Sudeste,41704,469.396,1183259,128329,254849,463663,197466
3102704,Cachoeira de Pajeú,MG,Sudeste,9470,695.672,125620,7113,4003,57452,45897
3102803,Andrelândia,MG,Sudeste,12189,1005.285,292394,78768,16642,112873,61729
3102852,Angelândia,MG,Sudeste,8594,185.211,144549,49167,11780,35007,41755
3102902,Antônio Carlos,MG,Sudeste,11471,529.915,242348,39128,50748,71893,57048
3103009,Antônio Dias,MG,Sudeste,9233,787.061,894601,32327,596937,179494,58827
3103108,Antônio Prado de Minas,MG,Sudeste,1577,83.802,28556,4350,921,7510,14980
3103207,Araçaí,MG,Sudeste,2360,187.538,60662,11726,15465,11391,17457
3103306,Aracitaba,MG,Sudeste,2056,106.608,31371,4675,2210,8461,14931
3103405,Araçuaí,MG,Sudeste,36715,2236.279,519974,24701,53306,242994,162561
3103504,Araguari,MG,Sudeste,118361,2729.777,5836329,539102,1882311,2144316,597310
3103603,Arantina,MG,Sudeste,2779,89.42,88536,45681,4306,17763,18780
3103702,Araponga,MG,Sudeste,8467,303.793,122267,47885,3935,25525,41223
3103751,Araporã,MG,Sudeste,6992,294.354,1294624,60753,916760,196117,64994
3103801,Arapuá,MG,Sudeste,2836,173.894,172745,30300,43588,53982,18144
3103900,Araújos,MG,Sudeste,9523,245.522,474404,239755,45754,116649,47775
3104007,Araxá,MG,Sudeste,108403,1164.062,8950200,190765,4272471,2704358,604091
3104106,Arceburgo,MG,Sudeste,10990,162.875,346405,29867,85997,120870,55719
3104205,Arcos,MG,Sudeste,40658,509.873,2345874,112415,1000376,712440,199692
3104304,Areado,MG,Sudeste,15288,283.124,309330,57214,28287,129330,72382
3104403,Argirita,MG,Sudeste,2681,159.378,40067,6580,985,12093,18518
3104452,Aricanduva,MG,Sudeste,5305,243.329,67088,22170,1201,13606,28506
3104502,Arinos,MG,Sudeste,17850,5279.419,318815,96702,11586,101996,90999
3104601,Astolfo Dutra,MG,Sudeste,14358,158.891,291866,24132,74116,96537,71204
3104700,Ataléia,MG,Sudeste,12496,1836.925,198960,50287,23595,53862,59395
3104809,Augusto de Lima,MG,Sudeste,4833,1254.832,89054,17997,3206,33761,26924
3104908,Baependi,MG,Sudeste,19249,750.554,380866,45769,35983,178527,95021
3105004,Baldim,MG,Sudeste,7780,556.266,201272,24133,92322,39332,38913
3105103,Bambuí,MG,Sudeste,23964,1455.819,779906,245778,86401,273900,109161
3105202,Bandeira,MG,Sudeste,4738,483.789,59093,12901,2671,14218,27735
3105301,Bandeira do Sul,MG,Sudeste,5808,47.266,86572,7068,7846,34849,30455
3105400,Barão de Cocais,MG,Sudeste,33232,340.14,2438852,19329,1486715,595488,180131
3105509,Barão do Monte Alto,MG,Sudeste,5311,198.313,63071,12415,3566,17455,27689
3105608,Barbacena,MG,Sudeste,139061,759.186,3521229,158244,588300,1713017,605836
3105707,Barra Longa,MG,Sudeste,4905,383.628,81928,15599,4258,26510,29078
3105905,Barroso,MG,Sudeste,20981,82.07,608480,5469,239844,178710,100830
3106002,Bela Vista de Minas,MG,Sudeste,10269,109.143,568234,5729,371456,124408,56236
3106101,Belmiro Braga,MG,Sudeste,3422,393.086,61557,15436,6261,16419,20404
3106200,Belo Horizonte,MG,Sudeste,2530701,331.354,105920859,4388,16146070,63270427,12743033
3106309,Belo Oriente,MG,Sudeste,27277,334.909,2089750,16550,1411066,338515,145411
3106408,Belo Vale,MG,Sudeste,7723,365.923,279868,30221,114665,66037,59050
3106507,Berilo,MG,Sudeste,11813,587.106,112833,7940,2905,41005,55913
3106606,Bertópolis,MG,Sudeste,4609,427.803,53770,12087,1027,13264,26155
3106655,Berizal,MG,Sudeste,4792,488.756,61006,15012,3290,14131,26363
3106705,Betim,MG,Sudeste,450024,344.062,33125378,18120,14547208,10568799,2305734
3106804,Bias Fortes,MG,Sudeste,3282,283.535,41583,9903,730,10424,19081
3106903,Bicas,MG,Sudeste,14612,140.082,277715,7276,28992,149119,68589
3107000,Biquinhas,MG,Sudeste,2482,458.948,64473,23744,1888,17239,18361
3107109,Boa Esperança,MG,Sudeste,40308,860.669,1058480,253237,86814,435467,191404
3107208,Bocaina de Minas,MG,Sudeste,5088,503.77,80211,18012,4745,25665,27871
3107307,Bocaiúva,MG,Sudeste,50521,3206.757,1224914,97989,318493,407071,238283
3107406,Bom Despacho,MG,Sudeste,51436,1213.546,1814550,205853,300937,863458,239097
3107505,Bom Jardim de Minas,MG,Sudeste,6444,412.021,127743,25773,9546,46150,36217
3107604,Bom Jesus da Penha,MG,Sudeste,4270,208.349,196074,84223,13588,56609,25677
3107703,Bom Jesus do Amparo,MG,Sudeste,6182,195.611,160390,10696,4894,90161,33224
3107802,Bom Jesus do Galho,MG,Sudeste,14792,592.289,171084,31963,7870,57639,65511
3107901,Bom Repouso,MG,Sudeste,10527,229.845,160232,35441,7964,54471,52598
3108008,Bom Sucesso,MG,Sudeste,17612,705.046,445214,85114,35757,200578,79660
3108107,Bonfim,MG,Sudeste,6852,301.865,135422,25977,17746,47355,34988
3108206,Bonfinópolis de Minas,MG,Sudeste,5397,1850.487,458898,308154,17675,83276,33940
3108255,Bonito de Minas,MG,Sudeste,11502,3936.455,101045,12067,2496,24144,58374
3108305,Borda da Mata,MG,Sudeste,19809,301.108,374716,25754,57543,163091,92969
3108404,Botelhos,MG,Sudeste,14927,334.089,325978,90172,21049,116047,70305
3108503,Botumirim,MG,Sudeste,6259,1568.884,75744,11421,12351,16149,33022
3108552,Brasilândia de Minas,MG,Sudeste,16950,2509.694,415061,152850,20582,130325,80084
3108602,Brasília de Minas,MG,Sudeste,32460,1399.484,377410,18527,24300,151043,160688
3108701,Brás Pires,MG,Sudeste,4255,223.351,50032,7156,1751,15082,23866
3108800,Braúnas,MG,Sudeste,4737,378.318,213072,16830,146910,17303,29556
3108909,Brazópolis,MG,Sudeste,14364,367.688,198123,29319,13958,73671,63787
3109006,Brumadinho,MG,Sudeste,41208,639.434,4624729,31032,2875422,1035488,310555
3109105,Bueno Brandão,MG,Sudeste,10982,356.15,240684,50018,8819,104549,51357
3109204,Buenópolis,MG,Sudeste,10342,1599.881,180714,56678,6805,55681,52990
3109253,Bugre,MG,Sudeste,3984,161.491,47548,10169,2488,11353,22122
3109303,Buritis,MG,Sudeste,25179,5225.186,1163750,625333,69490,283059,131625
3109402,Buritizeiro,MG,Sudeste,28184,7218.401,735994,347005,24823,178883,144488
3109451,Cabeceira Grande,MG,Sudeste,7025,1033.055,477332,225232,130285,62553,48162
3109501,Cabo Verde,MG,Sudeste,14074,368.206,290817,102850,21573,85771,65700
3109600,Cachoeira da Prata,MG,Sudeste,3580,61.381,51886,2452,3524,20677,21531
3109709,Cachoeira de Minas,MG,Sudeste,11609,304.243,536512,46309,252817,117850,58042
3109808,Cachoeira Dourada,MG,Sudeste,2720,203.07,131487,67604,4096,25182,30775
3109907,Caetanópolis,MG,Sudeste,11869,156.039,315208,34268,89381,103506,59323
3110004,Caeté,MG,Sudeste,45364,542.531,1074947,28647,288273,457284,212204
3110103,Caiana,MG,Sudeste,5584,106.465,88661,28005,3063,24722,28688
3110202,Cajuri,MG,Sudeste,3961,83.038,97287,17233,19175,27775,24144
3110301,Caldas,MG,Sudeste,14600,711.414,337630,70051,52567,121056,68526
3110400,Camacho,MG,Sudeste,2839,223.001,70858,33932,2597,14281,18153
3110509,Camanducaia,MG,Sudeste,21831,528.688,987747,18711,311300,380153,116115
3110608,Cambuí,MG,Sudeste,30068,244.567,1864549,37785,723524,597713,145939
3110707,Cambuquira,MG,Sudeste,12810,246.38,370830,177703,12646,105640,60223
3110806,Campanário,MG,Sudeste,3739,442.398,53458,6982,1858,18932,23142
3110905,Campanha,MG,Sudeste,16855,335.587,439921,89040,41509,187158,80428
3111002,Campestre,MG,Sudeste,21052,577.843,486410,144884,24462,182491,101379
3111101,Campina Verde,MG,Sudeste,19759,3650.749,536761,176588,31233,196153,96571
3111150,Campo Azul,MG,Sudeste,3830,505.914,40651,5504,1197,9902,22831
3111200,Campo Belo,MG,Sudeste,54338,528.225,1242918,83677,172027,597181,263549
3111309,Campo do Meio,MG,Sudeste,11648,275.426,231124,68690,9919,78445,60605
3111408,Campo Florido,MG,Sudeste,8383,1264.245,710762,316157,126995,159105,52505
3111507,Campos Altos,MG,Sudeste,15661,710.645,434229,161758,15884,146887,78851
3111606,Campos Gerais,MG,Sudeste,28908,769.504,704525,272058,32998,232208,130322
3111705,Canaã,MG,Sudeste,4533,174.9,77437,30615,2230,15746,26307
3111804,Canápolis,MG,Sudeste,12251,843.599,677858,203270,176480,160608,60186
3111903,Cana Verde,MG,Sudeste,5585,212.721,80057,16528,4024,25763,29549
3112000,Candeias,MG,Sudeste,14890,720.512,371166,111262,38951,123596,71962
3112059,Cantagalo,MG,Sudeste,4575,141.855,56752,10128,5994,13391,25369
3112109,Caparaó,MG,Sudeste,5464,130.694,97643,31826,3497,30137,26722
3112208,Capela Nova,MG,Sudeste,4616,111.073,62458,9942,2035,21289,26073
3112307,Capelinha,MG,Sudeste,38321,965.292,887590,178060,92508,362086,177524
3112406,Capetinga,MG,Sudeste,6860,297.937,207248,90841,15335,53391,36350
3112505,Capim Branco,MG,Sudeste,9896,95.333,123369,3774,19508,48784,43608
3112604,Capinópolis,MG,Sudeste,16294,620.716,666437,279994,51280,206932,81236
3112653,Capitão Andrade,MG,Sudeste,5559,279.088,60792,8381,3339,16602,30413
3112703,Capitão Enéas,MG,Sudeste,15388,971.576,501415,34685,239445,108565,74980
3112802,Capitólio,MG,Sudeste,8693,521.802,328594,48236,25816,166821,53770
3112901,Caputira,MG,Sudeste,9318,187.704,143709,50931,5062,35861,45107
3113008,Caraí,MG,Sudeste,23872,1242.345,210367,22223,22098,51314,103732
3113107,Caranaíba,MG,Sudeste,3150,159.95,41465,9041,1262,9490,20711
3113206,Carandaí,MG,Sudeste,25831,487.28,751465,134523,173881,231826,127095
3113305,Carangola,MG,Sudeste,33022,353.404,639119,42749,64493,336033,155699
3113404,Caratinga,MG,Sudeste,93124,1258.479,2283105,104001,296532,1186097,421633
3113503,Carbonita,MG,Sudeste,9423,1456.095,220652,102942,9270,54080,44847
3113602,Careaçu,MG,Sudeste,6826,181.009,174238,29069,9930,81613,34982
3113701,Carlos Chagas,MG,Sudeste,18516,3202.984,474669,96102,79357,156400,99217
3113800,Carmésia,MG,Sudeste,2660,259.103,39785,7741,741,11234,18623
3113909,Carmo da Cachoeira,MG,Sudeste,12193,506.333,321614,131351,16449,93962,63988
3114006,Carmo da Mata,MG,Sudeste,11546,357.178,265586,28206,70658,80346,58353
3114105,Carmo de Minas,MG,Sudeste,15031,322.285,290553,65776,9721,113443,74986
3114204,Carmo do Cajuru,MG,Sudeste,22900,455.808,627199,84364,133000,213544,120319
3114303,Carmo do Paranaíba,MG,Sudeste,30339,1307.862,1060015,268999,115657,412066,160570
3114402,Carmo do Rio Claro,MG,Sudeste,21310,1065.685,694497,239318,96410,213445,102747
3114501,Carmópolis de Minas,MG,Sudeste,19756,400.01,461515,46689,78527,185392,100945
3114550,Carneirinho,MG,Sudeste,10103,2063.462,406710,145994,64169,101792,66442
3114600,Carrancas,MG,Sudeste,4052,727.894,177636,101936,6058,38560,24296
3114709,Carvalhópolis,MG,Sudeste,3614,81.101,71384,27209,3844,16305,21744
3114808,Carvalhos,MG,Sudeste,4445,282.254,80682,23841,4494,23305,24719
3114907,Casa Grande,MG,Sudeste,2251,157.727,69228,37940,1751,11960,16278
3115003,Cascalho Rico,MG,Sudeste,3108,367.308,79984,35711,2844,16354,22687
3115102,Cássia,MG,Sudeste,17741,665.802,436341,108635,26671,174014,95578
3115201,Conceição da Barra de Minas,MG,Sudeste,3939,273.014,68717,26902,2321,15065,22222
3115300,Cataguases,MG,Sudeste,75942,491.767,1650831,18176,308926,742840,339665
3115359,Catas Altas,MG,Sudeste,5465,240.042,5032327,7502,4069095,874596,41800
3115409,Catas Altas da Noruega,MG,Sudeste,3665,141.622,40785,7976,1562,10231,19635
3115458,Catuji,MG,Sudeste,6206,419.38,83308,5941,1974,32999,36113
3115474,Catuti,MG,Sudeste,4944,287.812,56838,8851,2103,14254,29903
3115508,Caxambu,MG,Sudeste,21566,100.483,371252,4115,26170,210936,102847
3115607,Cedro do Abaeté,MG,Sudeste,1150,283.211,22396,4871,769,5409,10687
3115706,Central de Minas,MG,Sudeste,7059,204.328,87043,7155,3503,36061,34462
3115805,Centralina,MG,Sudeste,10343,322.385,351125,112550,13010,145931,50200
3115904,Chácara,MG,Sudeste,3216,152.807,47145,5966,2793,15890,20703
3116001,Chalé,MG,Sudeste,5695,212.674,114191,24672,20141,32967,29457
3116100,Chapada do Norte,MG,Sudeste,15334,830.833,111106,9747,2799,28008,67398
3116159,Chapada Gaúcha,MG,Sudeste,14217,3255.189,403133,167954,12310,119278,71358
3116209,Chiador,MG,Sudeste,2657,252.852,37247,5729,1220,11502,17372
3116308,Cipotânea,MG,Sudeste,6811,153.479,73287,9277,4926,23673,32355
3116407,Claraval,MG,Sudeste,4873,227.627,181971,40499,52486,44195,27346
3116506,Claro dos Poções,MG,Sudeste,7478,720.424,83712,16942,3968,21611,37788
3116605,Cláudio,MG,Sudeste,29093,630.706,1117593,63594,344831,397074,142789
3116704,Coimbra,MG,Sudeste,7631,106.875,139787,30316,9818,51563,35801
3116803,Coluna,MG,Sudeste,8810,348.492,121199,19687,5165,45748,41676
3116902,Comendador Gomes,MG,Sudeste,3128,1041.047,154777,91934,5377,27966,22892
3117009,Comercinho,MG,Sudeste,6624,654.961,68104,6389,2185,20096,36712
3117108,Conceição da Aparecida,MG,Sudeste,10351,352.521,274187,106235,11049,88948,51506
3117207,Conceição das Pedras,MG,Sudeste,2814,102.206,61047,23761,2037,15333,17632
3117306,Conceição das Alagoas,MG,Sudeste,28782,1340.25,1318009,415017,208096,425582,143709
3117405,Conceição de Ipanema,MG,Sudeste,4581,253.935,81006,21269,19791,12935,25231
3117504,Conceição do Mato Dentro,MG,Sudeste,17438,1720.04,9050953,21947,7129219,1669366,139581
3117603,Conceição do Pará,MG,Sudeste,5558,250.306,493948,23387,285849,108489,36039
3117702,Conceição do Rio Verde,MG,Sudeste,13729,369.681,343556,140658,17578,106290,62913
3117801,Conceição dos Ouros,MG,Sudeste,11852,180.236,224990,11345,55826,77972,55436
3117836,Cônego Marinho,MG,Sudeste,7730,1610.47,63478,5854,1521,15136,39378
3117876,Confins,MG,Sudeste,6867,42.355,485672,387,38059,334716,50325
3117900,Congonhal,MG,Sudeste,12209,205.125,220464,18052,22204,98213,59284
3118007,Congonhas,MG,Sudeste,55836,304.067,7677447,3825,5068164,1535347,413531
3118106,Congonhas do Norte,MG,Sudeste,5047,405.671,49288,5423,1371,15022,25381
3118205,Conquista,MG,Sudeste,6997,618.363,490051,158527,179927,85273,45563
3118304,Conselheiro Lafaiete,MG,Sudeste,130584,370.246,3117736,21354,641934,1555477,619394
3118403,Conselheiro Pena,MG,Sudeste,22975,1483.883,383757,62904,20427,157851,117796
3118502,Consolação,MG,Sudeste,1786,89.122,31441,9811,783,6963,12458
3118601,Contagem,MG,Sudeste,673849,194.746,36478511,3053,9128035,17512659,2984614
3118700,Coqueiral,MG,Sudeste,9099,296.163,234159,98530,8098,70352,44988
3118809,Coração de Jesus,MG,Sudeste,26620,2225.216,272832,47026,12304,77464,120524
3118908,Cordisburgo,MG,Sudeste,8903,823.654,146188,41493,12071,44486,39498
3119005,Cordislândia,MG,Sudeste,3546,179.543,113743,57602,9490,21813,20503
3119104,Corinto,MG,Sudeste,23607,2525.397,608967,62456,208677,177181,113057
3119203,Coroaci,MG,Sudeste,9897,576.274,125596,20283,13047,36101,52547
3119302,Coromandel,MG,Sudeste,27958,3313.313,1535203,709975,127828,450088,145686
3119401,Coronel Fabriciano,MG,Sudeste,110709,221.252,1995525,4187,182863,1107899,498340
3119500,Coronel Murta,MG,Sudeste,9209,815.413,119826,8370,21634,31867,53953
3119609,Coronel Pacheco,MG,Sudeste,3095,131.511,60101,13598,2487,20530,19829
3119708,Coronel Xavier Chaves,MG,Sudeste,3448,140.954,90932,28175,14853,21276,20825
3119807,Córrego Danta,MG,Sudeste,3168,657.425,165719,37657,5350,81983,19902
3119906,Córrego do Bom Jesus,MG,Sudeste,3685,123.651,45603,6999,1739,14764,20409
3119955,Córrego Fundo,MG,Sudeste,6425,101.112,320483,20935,151261,69671,35957
3120003,Córrego Novo,MG,Sudeste,2688,205.385,38521,6586,3114,9846,17862
3120102,Couto de Magalhães de Minas,MG,Sudeste,4436,485.654,63266,7369,1953,23601,25229
3120151,Crisólita,MG,Sudeste,6814,966.202,76403,24758,1447,13640,34916
3120201,Cristais,MG,Sudeste,13060,628.434,295630,105734,14687,90762,67645
3120300,Cristália,MG,Sudeste,5992,840.702,59160,7703,2049,14865,32511
3120409,Cristiano Otoni,MG,Sudeste,5161,132.872,123678,33701,12541,38445,30765
3120508,Cristina,MG,Sudeste,10211,311.33,233177,59544,47015,63268,50371
3120607,Crucilândia,MG,Sudeste,5072,167.164,83064,14633,8536,26438,28851
3120706,Cruzeiro da Fortaleza,MG,Sudeste,3651,187.446,184033,103809,8074,39326,24980
3120805,Cruzília,MG,Sudeste,15529,522.419,317649,64923,27782,125267,79694
3120839,Cuparaque,MG,Sudeste,5026,226.75,74037,12701,3700,24969,28459
3120870,Curral de Dentro,MG,Sudeste,7867,570.95,80420,10329,4653,22117,39993
3120904,Curvelo,MG,Sudeste,81085,3296.2,2228066,224572,433029,980235,365026
3121001,Datas,MG,Sudeste,5431,310.099,73978,16494,2907,21344,30030
3121100,Delfim Moreira,MG,Sudeste,8007,408.473,125697,29905,16138,33952,39491
3121209,Delfinópolis,MG,Sudeste,7146,1378.423,247289,112479,10267,65564,48059
3121258,Delta,MG,Sudeste,10994,102.784,466555,24286,169661,141424,62425
3121308,Descoberto,MG,Sudeste,5044,213.168,81649,8993,17809,22637,26682
3121407,Desterro de Entre Rios,MG,Sudeste,7266,377.165,261189,31097,108465,67991,37895
3121506,Desterro do Melo,MG,Sudeste,2867,142.279,50610,14227,2036,12605,20076
3121605,Diamantina,MG,Sudeste,47924,3891.659,984231,64945,100763,522257,220330
3121704,Diogo de Vasconcelos,MG,Sudeste,3779,165.091,42932,5610,1051,12600,21554
3121803,Dionísio,MG,Sudeste,7493,339.375,90865,18142,4823,27557,37373
3121902,Divinésia,MG,Sudeste,3430,116.97,63671,8388,7107,21313,23111
3122009,Divino,MG,Sudeste,20020,337.776,319453,58634,14763,133845,87333
3122108,Divino das Laranjeiras,MG,Sudeste,4969,342.249,61680,8553,2548,20062,27575
3122207,Divinolândia de Minas,MG,Sudeste,7655,133.12,82272,12791,1707,26564,37719
3122306,Divinópolis,MG,Sudeste,242505,708.115,8328420,109940,2214343,3802888,1088600
3122355,Divisa Alegre,MG,Sudeste,6946,117.802,178202,2846,35776,72727,39503
3122405,Divisa Nova,MG,Sudeste,6039,216.955,129921,50118,5260,38742,29775
3122454,Divisópolis,MG,Sudeste,11396,572.926,93183,11999,3363,23701,51535
3122470,Dom Bosco,MG,Sudeste,3635,817.383,69488,24979,2174,17887,20296
3122504,Dom Cavati,MG,Sudeste,5025,59.52,69618,2305,3761,30900,28582
3122603,Dom Joaquim,MG,Sudeste,4436,398.793,67800,8538,9525,21256,25487
3122702,Dom Silvério,MG,Sudeste,5227,194.972,108260,7670,18276,42455,27559
3122801,Dom Viçoso,MG,Sudeste,2992,113.921,39046,8851,866,10414,17902
3122900,Dona Euzébia,MG,Sudeste,6664,70.231,109854,31827,5455,32872,34343
3123007,Dores de Campos,MG,Sudeste,10291,124.842,320072,6287,132147,80633,49941
3123106,Dores de Guanhães,MG,Sudeste,5139,382.124,190689,10060,111013,31361,29355
3123205,Dores do Indaiá,MG,Sudeste,13373,1111.202,352243,56003,36419,157746,65276
3123304,Dores do Turvo,MG,Sudeste,4202,231.169,67069,19968,2189,18801,23288
3123403,Doresópolis,MG,Sudeste,1539,152.912,84085,13217,32899,14729,14596
3123502,Douradoquara,MG,Sudeste,1915,312.878,79306,28396,12364,16337,17426
3123528,Durandé,MG,Sudeste,7898,217.461,122873,40050,4396,35666,36324
3123601,Elói Mendes,MG,Sudeste,28556,499.537,705288,143200,104157,247563,132968
3123700,Engenheiro Caldas,MG,Sudeste,11268,187.058,157012,15036,6272,63876,60721
3123809,Engenheiro Navarro,MG,Sudeste,7240,608.306,92057,13877,4153,28291,38743
3123858,Entre Folhas,MG,Sudeste,5383,85.39,64895,5265,2992,23328,30105
3123908,Entre Rios de Minas,MG,Sudeste,15458,456.796,270170,35764,23112,115702,74303
3124005,Ervália,MG,Sudeste,19019,357.489,409383,138569,21211,134957,94087
3124104,Esmeraldas,MG,Sudeste,72512,909.727,973278,49667,94673,425557,328050
3124203,Espera Feliz,MG,Sudeste,25287,317.638,411016,60692,19986,181545,117514
3124302,Espinosa,MG,Sudeste,31603,1868.97,364023,18566,31371,139835,147316
3124401,Espírito Santo do Dourado,MG,Sudeste,4728,263.879,122219,28826,18541,37162,26388
3124500,Estiva,MG,Sudeste,11416,243.872,601829,78907,199725,196804,54826
3124609,Estrela Dalva,MG,Sudeste,2308,131.365,42891,10642,1538,12554,16528
3124708,Estrela do Indaiá,MG,Sudeste,3483,635.981,165338,102756,5758,30964,21028
3124807,Estrela do Sul,MG,Sudeste,8057,822.454,351211,184656,45397,61553,44504
3124906,Eugenópolis,MG,Sudeste,11383,309.395,221741,48702,32092,72546,53771
3125002,Ewbank da Câmara,MG,Sudeste,3932,103.834,54345,4013,4959,18888,22684
3125101,Extrema,MG,Sudeste,37649,244.575,13653880,11357,2418815,6469967,302985
3125200,Fama,MG,Sudeste,2374,86.024,58617,20909,3169,17106,15854
3125309,Faria Lemos,MG,Sudeste,3202,165.224,64355,24146,5250,13590,19036
3125408,Felício dos Santos,MG,Sudeste,4656,357.622,73738,21636,1865,19912,27609
3125507,São Gonçalo do Rio Preto,MG,Sudeste,3178,314.458,48742,8621,2880,14036,20966
3125606,Felisburgo,MG,Sudeste,7548,596.215,75699,9273,1371,23250,39339
3125705,Felixlândia,MG,Sudeste,15528,1554.627,281136,66003,9319,99953,81220
3125804,Fernandes Tourinho,MG,Sudeste,3500,151.875,45852,6668,1667,13784,21776
3125903,Ferros,MG,Sudeste,9576,1088.791,147935,29183,5439,57188,46653
3125952,Fervedouro,MG,Sudeste,11100,357.683,156872,45368,5556,46173,52230
3126000,Florestal,MG,Sudeste,7602,194.242,142775,16938,13307,60933,39738
3126109,Formiga,MG,Sudeste,67956,1501.915,2212489,258240,352434,1055898,327639
3126208,Formoso,MG,Sudeste,9810,3686.004,314877,156601,11619,74453,52635
3126307,Fortaleza de Minas,MG,Sudeste,4460,218.792,111241,28625,26400,24287,25732
3126406,Fortuna de Minas,MG,Sudeste,2986,198.709,51259,11101,3802,14351,19988
3126505,Francisco Badaró,MG,Sudeste,10311,461.481,77801,6873,1308,22316,44795
3126604,Francisco Dumont,MG,Sudeste,5268,1576.128,75589,22579,2662,16809,29571
3126703,Francisco Sá,MG,Sudeste,26459,2747.295,452040,44167,15791,214235,122379
3126752,Franciscópolis,MG,Sudeste,5287,717.087,101190,16439,29607,21027,31038
3126802,Frei Gaspar,MG,Sudeste,5858,626.672,80089,23887,2451,18621,32379
3126901,Frei Inocêncio,MG,Sudeste,9716,469.557,150514,12081,23500,58643,45353
3126950,Frei Lagonegro,MG,Sudeste,3496,167.474,35558,7656,606,8073,18232
3127008,Fronteira,MG,Sudeste,18866,199.987,935386,14944,667519,117626,118382
3127057,Fronteira dos Vales,MG,Sudeste,4542,320.757,48924,7919,829,12542,26447
3127073,Fruta de Leite,MG,Sudeste,5232,762.837,47075,3577,1957,11414,28614
3127107,Frutal,MG,Sudeste,60508,2426.965,2472972,413665,358144,1007364,310608
3127206,Funilândia,MG,Sudeste,4434,199.797,83300,15041,11773,21972,29375
3127305,Galiléia,MG,Sudeste,6764,720.303,113699,17937,23055,33369,34611
3127339,Gameleiras,MG,Sudeste,5084,1733.203,57342,8595,1189,14403,30732
3127354,Glaucilândia,MG,Sudeste,3177,145.861,41126,4822,4140,9657,20673
3127370,Goiabeira,MG,Sudeste,3402,112.443,49898,6545,1378,17406,21677
3127388,Goianá,MG,Sudeste,4014,152.039,62242,4713,3262,25823,24416
3127404,Gonçalves,MG,Sudeste,4360,187.353,94305,11314,6490,42941,24950
3127503,Gonzaga,MG,Sudeste,6184,209.348,68965,7614,3556,21519,32912
3127602,Gouveia,MG,Sudeste,11811,866.601,198843,9034,44915,71577,59375
3127701,Governador Valadares,MG,Sudeste,282164,2342.376,7382104,65863,848298,4130148,1481770
3127800,Grão Mogol,MG,Sudeste,15943,3885.294,770836,184816,437028,56574,81711
3127909,Grupiara,MG,Sudeste,1386,193.141,44193,12477,1530,10358,18719
3128006,Guanhães,MG,Sudeste,34818,1075.124,996792,48641,229837,451477,164681
3128105,Guapé,MG,Sudeste,14269,934.345,390741,167532,14947,109738,79614
3128204,Guaraciaba,MG,Sudeste,10307,348.596,115211,21988,5991,34461,48626
3128253,Guaraciama,MG,Sudeste,5005,390.263,78006,30401,1973,14199,29253
3128303,Guaranésia,MG,Sudeste,19014,294.828,549498,41992,171371,160457,95428
3128402,Guarani,MG,Sudeste,8926,264.194,173383,22762,34235,56702,43684
3128501,Guarará,MG,Sudeste,3755,88.655,57624,5500,6786,18298,23231
3128600,Guarda-Mor,MG,Sudeste,6558,2068.808,750765,521504,32410,124374,46873
3128709,Guaxupé,MG,Sudeste,52234,286.398,2806751,51222,553486,1424653,254996
3128808,Guidoval,MG,Sudeste,7026,158.375,123262,14082,24273,39226,36897
3128907,Guimarânia,MG,Sudeste,8168,366.833,327592,124603,79591,66833,42385
3129004,Guiricema,MG,Sudeste,8296,293.578,114327,23317,8509,35549,38791
3129103,Gurinhatã,MG,Sudeste,5516,1849.137,180788,109750,4036,29839,31294
3129202,Heliodora,MG,Sudeste,6623,153.95,133435,41483,5568,47605,30958
3129301,Iapu,MG,Sudeste,11085,340.994,176380,17272,29068,61728,53853
3129400,Ibertioga,MG,Sudeste,4999,346.24,103540,41621,3505,25635,29391
3129509,Ibiá,MG,Sudeste,25511,2704.132,1534624,479993,273328,481803,133072
3129608,Ibiaí,MG,Sudeste,8478,874.76,114948,34060,4731,27461,42265
3129657,Ibiracatu,MG,Sudeste,5340,353.257,51252,3829,1689,13442,30827
3129707,Ibiraci,MG,Sudeste,14128,562.095,728232,138203,344485,137367,74327
3129806,Ibirité,MG,Sudeste,184030,72.395,3202480,2938,1180376,894576,846005
3129905,Ibitiúra de Minas,MG,Sudeste,3497,68.316,77622,26006,3964,23114,20278
3130002,Ibituruna,MG,Sudeste,3003,153.106,59365,21001,2082,15259,18379
3130051,Icaraí de Minas,MG,Sudeste,12200,625.664,111419,24441,4044,24396,55173
3130101,Igarapé,MG,Sudeste,44561,110.942,966978,88040,176875,385291,223262
3130200,Igaratinga,MG,Sudeste,11146,218.343,577884,49857,206563,176310,55047
3130309,Iguatama,MG,Sudeste,7901,628.2,586931,131645,209144,125768,37045
3130408,Ijaci,MG,Sudeste,6667,105.246,494349,15809,273621,82617,38074
3130507,Ilicínea,MG,Sudeste,12511,376.341,265457,90096,12022,85826,62150
3130556,Imbé de Minas,MG,Sudeste,6976,196.735,101196,38535,3330,21426,35319
3130606,Inconfidentes,MG,Sudeste,7387,149.611,132560,36173,10767,39984,36819
3130655,Indaiabira,MG,Sudeste,7328,1004.149,87300,24823,7343,16252,36451
3130705,Indianópolis,MG,Sudeste,7009,830.03,875623,255034,411413,99290,49074
3130804,Ingaí,MG,Sudeste,2785,305.591,115689,55696,13266,21371,19329
3130903,Inhapim,MG,Sudeste,24020,858.024,404766,67000,20169,178551,114096
3131000,Inhaúma,MG,Sudeste,6352,244.996,145761,22827,28989,44109,37050
3131109,Inimutaba,MG,Sudeste,7605,527.06,90714,13001,8264,27345,36333
3131158,Ipaba,MG,Sudeste,18926,113.246,180272,1869,9320,69446,89471
3131208,Ipanema,MG,Sudeste,20133,456.641,344482,27228,32176,154290,99035
3131307,Ipatinga,MG,Sudeste,267333,164.884,17607740,3358,9194725,5139848,1302408
3131406,Ipiaçu,MG,Sudeste,4229,466.02,183043,105370,8096,35664,28553
3131505,Ipuiúna,MG,Sudeste,10156,298.195,188547,36810,10289,78664,48626
3131604,Iraí de Minas,MG,Sudeste,7067,356.264,301450,93424,49350,92322,37007
3131703,Itabira,MG,Sudeste,121717,1253.704,14971550,24520,10408561,3474565,601371
3131802,Itabirinha,MG,Sudeste,11637,209.034,136366,11006,11794,53971,52402
3131901,Itabirito,MG,Sudeste,52996,544.027,13139282,8517,9350839,2818662,422545
3132008,Itacambira,MG,Sudeste,5447,1788.445,61709,21654,999,9154,28212
3132107,Itacarambi,MG,Sudeste,18175,1225.273,226687,31303,13425,73884,92757
3132206,Itaguara,MG,Sudeste,13510,410.468,402204,31078,87518,167038,69964
3132305,Itaipé,MG,Sudeste,12910,480.829,121611,10471,2935,38096,65343
3132404,Itajubá,MG,Sudeste,97782,294.835,3611716,16019,1069961,1458481,452169
3132503,Itamarandiba,MG,Sudeste,35130,2735.573,647443,223822,46228,181737,163286
3132602,Itamarati de Minas,MG,Sudeste,4395,94.568,67305,16731,3335,18304,25926
3132701,Itambacuri,MG,Sudeste,23207,1419.209,341003,42929,23654,141212,107633
3132800,Itambé do Mato Dentro,MG,Sudeste,2032,380.34,35863,6428,761,11050,15816
3132909,Itamogi,MG,Sudeste,10122,243.714,236283,74593,8826,82840,53475
3133006,Itamonte,MG,Sudeste,15844,431.792,1181671,19961,593763,290540,72644
3133105,Itanhandu,MG,Sudeste,15511,143.363,470089,175470,35448,153182,77926
3133204,Itanhomi,MG,Sudeste,12259,488.843,151256,17312,9877,57759,59887
3133303,Itaobim,MG,Sudeste,20997,679.024,308690,8641,15745,154033,102689
3133402,Itapagipe,MG,Sudeste,15511,1802.438,514170,158473,85925,142755,79549
3133501,Itapecerica,MG,Sudeste,21760,1040.519,628985,90091,168658,209719,100950
3133600,Itapeva,MG,Sudeste,9976,177.347,849148,11335,38582,551967,54358
3133709,Itatiaiuçu,MG,Sudeste,11354,295.145,6934362,34264,5451782,1247245,79177
3133758,Itaú de Minas,MG,Sudeste,16286,153.421,724062,26986,349621,172414,87702
3133808,Itaúna,MG,Sudeste,94455,495.769,5082302,43731,2165845,1536308,461407
3133907,Itaverava,MG,Sudeste,5321,284.22,71363,11330,6040,20429,30218
3134004,Itinga,MG,Sudeste,15053,1649.622,148251,14207,18520,39953,66791
3134103,Itueta,MG,Sudeste,6074,452.676,122238,27189,5185,42123,34945
3134202,Ituiutaba,MG,Sudeste,105818,2598.046,3797167,400382,762865,1644495,508478
3134301,Itumirim,MG,Sudeste,5978,234.802,91596,30313,3633,23419,31408
3134400,Iturama,MG,Sudeste,40101,1404.663,2016962,163573,791646,660405,206578
3134509,Itutinga,MG,Sudeste,3749,372.018,172518,55593,53472,33973,23249
3134608,Jaboticatubas,MG,Sudeste,20683,1114.972,297804,19439,16555,144648,96883
3134707,Jacinto,MG,Sudeste,12320,1393.609,131534,17446,6488,43001,59966
3134806,Jacuí,MG,Sudeste,7695,409.229,150928,52168,6092,46892,38515
3134905,Jacutinga,MG,Sudeste,26538,347.667,1143674,45068,340740,394493,138443
3135001,Jaguaraçu,MG,Sudeste,3151,163.76,109803,2990,33390,39728,20524
3135050,Jaíba,MG,Sudeste,39850,2635.467,849078,208983,147075,230800,188395
3135076,Jampruca,MG,Sudeste,5453,517.095,82526,30172,5191,16637,28119
3135100,Janaúba,MG,Sudeste,72374,2181.319,1603605,60175,316302,690152,352483
3135209,Januária,MG,Sudeste,67958,6661.588,824553,54588,36250,376166,295473
3135308,Japaraíba,MG,Sudeste,4418,172.141,101345,36439,5127,28490,26214
3135357,Japonvar,MG,Sudeste,7991,375.181,77418,5883,3167,24515,40265
3135407,Jeceaba,MG,Sudeste,4795,236.25,1952716,10477,1315048,293404,60195
3135456,Jenipapo de Minas,MG,Sudeste,7781,284.453,79486,13510,1562,21599,37184
3135506,Jequeri,MG,Sudeste,12246,547.897,193976,56906,8921,57211,61225
3135605,Jequitaí,MG,Sudeste,7407,1268.443,130436,33022,14026,35480,37888
3135704,Jequitibá,MG,Sudeste,5203,445.03,126108,45431,7611,36970,29270
3135803,Jequitinhonha,MG,Sudeste,25555,3514.216,274885,26488,12045,105138,116907
3135902,Jesuânia,MG,Sudeste,4774,153.852,104192,44001,2826,26499,26588
3136009,Joaíma,MG,Sudeste,15476,1664.19,162645,23803,6680,49477,76020
3136108,Joanésia,MG,Sudeste,4382,233.292,110201,6736,57648,16895,27080
3136207,João Monlevade,MG,Sudeste,80903,99.158,4852510,3795,2435702,1443267,408266
3136306,João Pinheiro,MG,Sudeste,47990,10727.097,2156345,594332,429356,675479,245101
3136405,Joaquim Felício,MG,Sudeste,4757,790.935,72279,14783,5232,17598,29509
3136504,Jordânia,MG,Sudeste,10872,546.705,107127,15304,3269,32439,52124
3136520,José Gonçalves de Minas,MG,Sudeste,4474,381.332,51739,10672,1599,12436,25507
3136553,José Raydan,MG,Sudeste,5104,180.822,72330,10209,8210,20287,28731
3136579,Josenópolis,MG,Sudeste,4911,541.393,58017,15879,2115,10421,27406
3136603,Nova União,MG,Sudeste,5739,172.131,107483,18939,8321,41008,31325
3136652,Juatuba,MG,Sudeste,27823,97.017,1436347,4005,564162,428000,168330
3136702,Juiz de Fora,MG,Sudeste,577532,1435.749,20281698,55014,4526246,10190643,2668123
3136801,Juramento,MG,Sudeste,4359,431.63,51591,10851,2069,12675,24297
3136900,Juruaia,MG,Sudeste,10795,220.353,274079,76533,46395,76462,53485
3136959,Juvenília,MG,Sudeste,5706,1064.692,65619,11593,2832,16409,32758
3137007,Ladainha,MG,Sudeste,18272,866.29,147335,24142,2443,35208,81763
3137106,Lagamar,MG,Sudeste,7588,1474.562,242478,117110,22148,54459,38500
3137205,Lagoa da Prata,MG,Sudeste,53236,439.984,1984774,57576,567331,842915,242784
3137304,Lagoa dos Patos,MG,Sudeste,4062,600.547,59595,18974,2120,12643,24366
3137403,Lagoa Dourada,MG,Sudeste,13115,476.693,345374,137383,12008,106472,69224
3137502,Lagoa Formosa,MG,Sudeste,18168,840.92,565539,218861,53377,162994,95526
3137536,Lagoa Grande,MG,Sudeste,9681,1236.301,292472,121019,13822,83845,49547
3137601,Lagoa Santa,MG,Sudeste,66744,229.409,2187875,4776,454769,1036079,343540
3137700,Lajinha,MG,Sudeste,19914,431.92,399767,80201,17151,168246,97149
3137809,Lambari,MG,Sudeste,20995,213.11,405229,44908,39245,185367,98512
3137908,Lamim,MG,Sudeste,3366,118.602,52121,8636,3217,16439,20931
3138005,Laranjal,MG,Sudeste,6856,204.882,95736,20736,6375,29118,35129
3138104,Lassance,MG,Sudeste,6494,3204.217,192531,103639,4217,34766,41281
3138203,Lavras,MG,Sudeste,105756,564.744,2941308,145241,447002,1474978,504552
3138302,Leandro Ferreira,MG,Sudeste,3222,352.005,55488,15934,3002,15008,19752
3138351,Leme do Prado,MG,Sudeste,4923,280.036,66185,11521,2766,19273,29588
3138401,Leopoldina,MG,Sudeste,52690,943.077,1112639,74611,82102,600661,241365
3138500,Liberdade,MG,Sudeste,4994,401.337,107623,35743,4997,35076,26323
3138609,Lima Duarte,MG,Sudeste,16749,848.564,339219,54052,33699,142559,80859
3138625,Limeira do Oeste,MG,Sudeste,7640,1317.153,462720,131396,136949,106584,49000
3138658,Lontra,MG,Sudeste,9766,258.925,93829,3420,3640,30226,52522
3138674,Luisburgo,MG,Sudeste,6249,145.418,132765,68198,4088,23564,33783
3138682,Luislândia,MG,Sudeste,6735,411.714,65469,6593,1823,19446,34905
3138708,Luminárias,MG,Sudeste,5431,500.143,149049,71845,8407,33554,30276
3138807,Luz,MG,Sudeste,18297,1171.659,657535,160850,55343,287865,91496
3138906,Machacalis,MG,Sudeste,7112,332.378,112414,14646,13374,38222,38231
3139003,Machado,MG,Sudeste,42682,585.958,1373896,201085,173113,611715,198167
3139102,Madre de Deus de Minas,MG,Sudeste,5119,492.909,301965,174758,28918,57712,28643
3139201,Malacacheta,MG,Sudeste,18556,727.886,235786,24647,23473,88459,84056
3139250,Mamonas,MG,Sudeste,6565,284.365,60080,4496,2084,16610,34454
3139300,Manga,MG,Sudeste,18051,1950.184,243336,37042,10546,88071,94188
3139409,Manhuaçu,MG,Sudeste,92074,628.318,3277778,176179,692273,1538206,429830
3139508,Manhumirim,MG,Sudeste,22894,182.9,563358,43008,13096,309526,113711
3139607,Mantena,MG,Sudeste,27651,685.208,476839,38392,25391,237065,140344
3139706,Maravilhas,MG,Sudeste,8113,261.604,233073,21318,78368,66636,38662
3139805,Mar de Espanha,MG,Sudeste,12985,371.6,227482,20708,37579,92993,57363
3139904,Maria da Fé,MG,Sudeste,14019,202.898,203119,19527,14410,83991,69049
3140001,Mariana,MG,Sudeste,61830,1194.208,7367033,18556,5066961,1648599,433645
3140100,Marilac,MG,Sudeste,4079,158.809,57772,11691,2171,16605,25002
3140159,Mário Campos,MG,Sudeste,15814,35.196,197957,15263,13907,82748,70994
3140209,Maripá de Minas,MG,Sudeste,3000,77.338,74902,12088,12780,24739,18996
3140308,Marliéria,MG,Sudeste,4030,545.813,60417,7318,2144,18002,30164
3140407,Marmelópolis,MG,Sudeste,2701,107.902,42790,9709,980,12957,17705
3140506,Martinho Campos,MG,Sudeste,13497,1058.418,474367,130382,71088,161285,67591
3140530,Martins Soares,MG,Sudeste,8640,113.268,215621,26413,55291,68355,41102
3140555,Mata Verde,MG,Sudeste,8700,227.539,91547,8019,11730,25855,42993
3140605,Materlândia,MG,Sudeste,4415,280.53,60526,16090,1853,15211,25335
3140704,Mateus Leme,MG,Sudeste,31631,301.383,1078989,32711,437425,352360,158621
3140803,Matias Barbosa,MG,Sudeste,14626,157.066,627997,4083,154225,254896,75121
3140852,Matias Cardoso,MG,Sudeste,11360,1940.598,158429,53957,6268,30458,60716
3140902,Matipó,MG,Sudeste,19098,266.99,425174,46004,20333,220387,81478
3141009,Mato Verde,MG,Sudeste,12367,472.245,157530,11282,8400,72004,57636
3141108,Matozinhos,MG,Sudeste,38469,252.453,1505458,13237,702602,413469,180216
3141207,Matutina,MG,Sudeste,3733,260.957,97184,33027,13102,22433,22889
3141306,Medeiros,MG,Sudeste,3861,946.437,247288,162645,9879,41692,25293
3141405,Medina,MG,Sudeste,20701,1435.903,252979,15763,28655,97836,96275
3141504,Mendes Pimentel,MG,Sudeste,6446,305.507,77407,9915,5727,25909,32094
3141603,Mercês,MG,Sudeste,10775,348.271,151705,18406,14047,58331,49174
3141702,Mesquita,MG,Sudeste,5489,274.938,59433,7585,1468,18416,29898
3141801,Minas Novas,MG,Sudeste,31509,1812.398,350038,88147,14162,98169,137529
3141900,Minduri,MG,Sudeste,3891,219.774,163760,74265,22672,35983,20988
3142007,Mirabela,MG,Sudeste,13651,723.278,162987,13889,7071,61806,68460
3142106,Miradouro,MG,Sudeste,10818,301.672,173968,38362,10752,60417,53351
3142205,Miraí,MG,Sudeste,15205,320.695,333953,13923,124376,101157,67707
3142254,Miravânia,MG,Sudeste,4939,602.128,46796,3916,1215,12222,28015
3142304,Moeda,MG,Sudeste,4948,155.112,76859,3906,4503,34856,26965
3142403,Moema,MG,Sudeste,7589,202.705,152626,21405,6486,71870,38432
3142502,Monjolos,MG,Sudeste,2184,650.911,46801,7521,12954,10030,15106
3142601,Monsenhor Paulo,MG,Sudeste,8764,216.54,228126,60774,42335,67535,40894
3142700,Montalvânia,MG,Sudeste,14621,1503.755,165406,19857,6467,60270,69904
3142809,Monte Alegre de Minas,MG,Sudeste,21349,2595.957,758376,375995,34809,204486,104223
3142908,Monte Azul,MG,Sudeste,20544,1001.296,256072,20745,10954,109338,100018
3143005,Monte Belo,MG,Sudeste,13139,421.283,366218,81144,42783,137062,64272
3143104,Monte Carmelo,MG,Sudeste,48049,1343.035,1559202,392909,88507,679458,241887
3143153,Monte Formoso,MG,Sudeste,4939,385.553,44093,4634,807,10200,27233
3143203,Monte Santo de Minas,MG,Sudeste,21504,594.632,483172,115704,33125,193144,108282
3143302,Montes Claros,MG,Sudeste,417478,3589.811,10799486,156031,1961021,5465743,1879776
3143401,Monte Sião,MG,Sudeste,24247,291.594,605892,41812,94851,271751,127708
3143450,Montezuma,MG,Sudeste,8379,1130.419,91046,21063,2487,21333,43893
3143500,Morada Nova de Minas,MG,Sudeste,8955,2084.275,541502,334820,28917,99991,57055
3143609,Morro da Garça,MG,Sudeste,2413,414.772,51052,19694,1424,9345,19158
3143708,Morro do Pilar,MG,Sudeste,3126,477.548,44097,6471,1213,13400,21299
3143807,Munhoz,MG,Sudeste,5960,191.564,128215,18440,19076,48514,31278
3143906,Muriaé,MG,Sudeste,109997,841.693,2654177,59852,241881,1530224,571495
3144003,Mutum,MG,Sudeste,26945,1250.824,508860,118792,67878,159846,123096
3144102,Muzambinho,MG,Sudeste,20522,409.948,535415,77613,76688,230878,101259
3144201,Nacip Raydan,MG,Sudeste,3221,233.493,37373,6570,1067,9206,19616
3144300,Nanuque,MG,Sudeste,40583,1518.166,808450,45108,127499,381592,169712
3144359,Naque,MG,Sudeste,7104,127.173,90147,4458,4223,38486,37133
3144375,Natalândia,MG,Sudeste,3306,468.66,75163,16416,2941,28588,22652
3144409,Natércia,MG,Sudeste,4727,188.719,115392,37920,6449,36626,25526
3144508,Nazareno,MG,Sudeste,8710,341.453,668804,69390,405186,125936,46360
3144607,Nepomuceno,MG,Sudeste,26882,582.553,618031,195586,23526,226262,128714
3144656,Ninheira,MG,Sudeste,10355,1108.255,126349,40081,5047,25431,50474
3144672,Nova Belém,MG,Sudeste,3067,146.775,83434,43469,2501,14950,20853
3144706,Nova Era,MG,Sudeste,17524,361.926,432758,15748,105610,177338,92036
3144805,Nova Lima,MG,Sudeste,97378,429.313,21040766,3335,13942745,5223938,736535
3144904,Nova Módica,MG,Sudeste,3548,375.973,58649,12501,3708,16027,24228
3145000,Nova Ponte,MG,Sudeste,16046,1111.011,1115949,372826,350468,242593,94799
3145059,Nova Porteirinha,MG,Sudeste,7493,120.943,116346,24828,9191,37232,40308
3145109,Nova Resende,MG,Sudeste,16937,390.152,385622,144473,19022,122376,76454
3145208,Nova Serrana,MG,Sudeste,108241,282.472,2634272,16002,739959,1075886,527911
3145307,Novo Cruzeiro,MG,Sudeste,31339,1702.981,330390,33813,15565,121564,135824
3145356,Novo Oriente de Minas,MG,Sudeste,10800,755.151,121560,20028,7018,36343,52181
3145372,Novorizonte,MG,Sudeste,5348,271.61,70395,2932,11901,17508,30316
3145406,Olaria,MG,Sudeste,1694,178.242,31904,5695,809,9215,15369
3145455,Olhos-d'Água,MG,Sudeste,6243,2092.078,211917,139219,6941,23320,36432
3145505,Olímpio Noronha,MG,Sudeste,2829,54.633,43924,9462,1187,13249,18130
3145604,Oliveira,MG,Sudeste,41987,897.294,1108063,121511,189984,506133,187460
3145703,Oliveira Fortes,MG,Sudeste,2128,111.13,40519,14660,1324,8665,14773
3145802,Onça de Pitangui,MG,Sudeste,3155,246.976,64913,27543,3809,12313,19258
3145851,Oratórios,MG,Sudeste,4671,89.068,70841,9565,7923,21184,28560
3145877,Orizânia,MG,Sudeste,8138,121.8,122068,34136,4566,33604,42764
3145901,Ouro Branco,MG,Sudeste,40220,258.726,5276139,9792,2937281,919776,227412
3146008,Ouro Fino,MG,Sudeste,33938,533.714,934049,58973,156241,434953,152584
3146107,Ouro Preto,MG,Sudeste,74824,1245.865,9518797,30549,6362933,2260337,462531
3146206,Ouro Verde de Minas,MG,Sudeste,5895,175.482,67792,12765,2758,18792,31351
3146255,Padre Carvalho,MG,Sudeste,6466,446.275,58183,1182,1600,19492,32660
3146305,Padre Paraíso,MG,Sudeste,20346,544.375,213888,7324,13429,86283,94612
3146404,Paineiras,MG,Sudeste,4440,637.309,82804,25695,2601,24843,25079
3146503,Pains,MG,Sudeste,8308,421.862,531120,43263,267710,110491,50068
3146552,Pai Pedro,MG,Sudeste,6098,839.805,58642,10512,2030,11313,33209
3146602,Paiva,MG,Sudeste,1517,58.419,27292,4677,1239,7634,12756
3146701,Palma,MG,Sudeste,6606,316.476,103636,21199,4113,38492,33646
3146750,Palmópolis,MG,Sudeste,5196,433.154,63837,8498,3470,19684,30001
3146909,Papagaios,MG,Sudeste,15922,553.577,374384,36206,105391,125697,74346
3147006,Paracatu,MG,Sudeste,94539,8231.029,7198751,1133352,3309471,1867899,526011
3147105,Pará de Minas,MG,Sudeste,95616,551.247,4024574,128982,1134017,1660638,463939
3147204,Paraguaçu,MG,Sudeste,21693,424.296,650844,137445,123431,229204,97964
3147303,Paraisópolis,MG,Sudeste,21353,331.238,592506,18500,140136,222964,101608
3147402,Paraopeba,MG,Sudeste,24854,625.623,918655,47061,149840,522545,121829
3147501,Passabém,MG,Sudeste,1619,94.183,23588,3014,824,6255,12628
3147600,Passa Quatro,MG,Sudeste,16439,277.221,471565,97796,87476,162540,77910
3147709,Passa Tempo,MG,Sudeste,8031,429.172,481059,28793,249889,102714,42257
3147808,Passa Vinte,MG,Sudeste,2024,246.565,42075,10588,1226,12081,16751
3147907,Passos,MG,Sudeste,115970,1338.07,3023766,310026,304921,1580294,522616
3147956,Patis,MG,Sudeste,6031,444.196,55025,5499,1556,13465,32931
3148004,Patos de Minas,MG,Sudeste,154641,3190.456,6146247,671617,1012131,2997021,776245
3148103,Patrocínio,MG,Sudeste,92116,2874.344,3679638,884670,392164,1565882,467665
3148202,Patrocínio do Muriaé,MG,Sudeste,5744,108.246,116017,6522,20882,44408,32067
3148301,Paula Cândido,MG,Sudeste,9597,268.321,136790,35607,5134,43711,44273
3148400,Paulistas,MG,Sudeste,4794,220.564,67346,16198,5630,17196,24866
3148509,Pavão,MG,Sudeste,8390,601.19,93054,18872,2878,26835,40846
3148608,Peçanha,MG,Sudeste,17534,996.646,270118,81989,6133,83270,86361
3148707,Pedra Azul,MG,Sudeste,24333,1594.651,401335,14187,108937,136675,121361
3148756,Pedra Bonita,MG,Sudeste,7157,173.928,96488,32599,2757,19840,38674
3148806,Pedra do Anta,MG,Sudeste,2960,173.168,57703,12269,6685,14196,22344
3148905,Pedra do Indaiá,MG,Sudeste,3977,347.92,116112,35466,19331,27163,24222
3149002,Pedra Dourada,MG,Sudeste,2559,69.99,42273,8649,1280,11845,19213
3149101,Pedralva,MG,Sudeste,11098,217.989,182673,52016,8713,61049,52563
3149150,Pedras de Maria da Cruz,MG,Sudeste,12313,1525.648,109624,17602,3271,26138,58815
3149200,Pedrinópolis,MG,Sudeste,3651,357.891,204095,92550,6369,59968,27323
3149309,Pedro Leopoldo,MG,Sudeste,65149,292.831,1938134,12335,681070,684519,321038
3149408,Pedro Teixeira,MG,Sudeste,1804,112.959,30259,6932,750,7495,14190
3149507,Pequeri,MG,Sudeste,3340,90.833,62510,4283,14610,17037,22485
3149606,Pequi,MG,Sudeste,4457,203.991,85500,29328,4739,23165,23815
3149705,Perdigão,MG,Sudeste,11994,249.322,234680,14890,63796,74534,60012
3149804,Perdizes,MG,Sudeste,16469,2451.112,1629149,864212,219556,320164,92423
3149903,Perdões,MG,Sudeste,21577,270.657,626987,59683,150755,255309,99827
3149952,Periquito,MG,Sudeste,6738,228.907,111677,9511,9346,43917,38406
3150000,Pescador,MG,Sudeste,4261,317.463,47075,6929,978,14044,23825
3150109,Piau,MG,Sudeste,2719,192.196,92645,14863,42137,14180,18921
3150158,Piedade de Caratinga,MG,Sudeste,8832,109.345,140805,39253,6917,42762,44276
3150208,Piedade de Ponte Nova,MG,Sudeste,4141,83.733,62725,11912,2138,19940,25371
3150307,Piedade do Rio Grande,MG,Sudeste,4436,322.814,110390,43675,8529,29214,24102
3150406,Piedade dos Gerais,MG,Sudeste,5034,259.638,89789,23567,10096,24224,26383
3150505,Pimenta,MG,Sudeste,8715,414.969,281707,86455,6781,109154,46051
3150539,Pingo-d'Água,MG,Sudeste,5029,66.57,52693,2499,2809,17345,28085
3150570,Pintópolis,MG,Sudeste,7540,1228.736,71109,10491,2328,18792,37032
3150604,Piracema,MG,Sudeste,6386,280.335,303140,26165,160905,72573,34737
3150703,Pirajuba,MG,Sudeste,6491,337.98,403702,104949,106764,105766,38557
3150802,Piranga,MG,Sudeste,17641,658.812,200152,35574,8101,68417,78643
3150901,Piranguçu,MG,Sudeste,5504,203.619,78363,9423,12796,23091,28011
3151008,Piranguinho,MG,Sudeste,8683,124.803,136133,13968,15520,55811,40655
3151107,Pirapetinga,MG,Sudeste,10791,190.681,633595,10550,286585,152232,58971
3151206,Pirapora,MG,Sudeste,56845,549.514,2871585,63679,1202635,775508,288030
3151305,Piraúba,MG,Sudeste,10732,144.289,200321,22042,33464,75153,52590
3151404,Pitangui,MG,Sudeste,28433,569.636,741273,88240,131345,339473,123009
3151503,Piumhi,MG,Sudeste,35137,902.468,1280617,296353,125503,548769,176698
3151602,Planura,MG,Sudeste,12445,317.52,574230,123719,273509,92230,70113
3151701,Poço Fundo,MG,Sudeste,16900,474.244,403832,106018,33728,154693,74364
3151800,Poços de Caldas,MG,Sudeste,169838,546.958,8526942,78108,2045872,3824797,1073208
3151909,Pocrane,MG,Sudeste,8288,691.066,121701,32372,2762,39027,39306
3152006,Pompéu,MG,Sudeste,32248,2551.074,1170319,266488,200157,428996,157214
3152105,Ponte Nova,MG,Sudeste,60003,470.643,2142078,41428,446309,1036390,306539
3152131,Ponto Chique,MG,Sudeste,4305,602.799,52084,6198,3149,14456,26264
3152170,Ponto dos Volantes,MG,Sudeste,12235,1212.413,122520,9882,4674,40364,60478
3152204,Porteirinha,MG,Sudeste,37823,1749.683,526973,94114,34201,190441,173947
3152303,Porto Firme,MG,Sudeste,11414,284.777,130226,24225,10997,37687,50896
3152402,Poté,MG,Sudeste,16675,625.111,168767,18692,13363,55498,72680
3152501,Pouso Alegre,MG,Sudeste,154293,542.797,10718150,109543,2434995,5153859,807222
3152600,Pouso Alto,MG,Sudeste,5862,263.034,277395,91199,42036,78791,34041
3152709,Prados,MG,Sudeste,9128,264.115,229055,44643,61142,64476,41840
3152808,Prata,MG,Sudeste,28173,4847.544,1292807,416406,168166,440463,147211
3152907,Pratápolis,MG,Sudeste,8530,215.516,228619,59912,42672,70324,44749
3153004,Pratinha,MG,Sudeste,3658,622.478,154718,91852,6052,27036,22459
3153103,Presidente Bernardes,MG,Sudeste,5315,236.798,67749,16730,2959,18007,27628
3153202,Presidente Juscelino,MG,Sudeste,3572,695.882,49104,12286,2012,10270,22218
3153301,Presidente Kubitschek,MG,Sudeste,3000,189.235,36193,2048,1008,10361,21608
3153400,Presidente Olegário,MG,Sudeste,19680,3503.848,731425,382699,30405,178404,103855
3153509,Alto Jequitibá,MG,Sudeste,8286,152.272,125573,33627,6016,39857,39277
3153608,Prudente de Morais,MG,Sudeste,10931,124.189,203096,3365,50818,70161,51889
3153707,Quartel Geral,MG,Sudeste,3603,556.436,77606,30618,2701,18085,22616
3153806,Queluzito,MG,Sudeste,1948,153.56,40046,13224,1025,9454,15173
3153905,Raposos,MG,Sudeste,16501,72.228,193684,326,43354,64536,75337
3154002,Raul Soares,MG,Sudeste,23663,763.364,423330,93729,26842,161703,114701
3154101,Recreio,MG,Sudeste,10522,234.296,123247,12693,2614,47093,54351
3154150,Reduto,MG,Sudeste,7247,151.859,121182,30322,8841,39041,37101
3154200,Resende Costa,MG,Sudeste,11578,618.312,207473,48273,18123,76477,51803
3154309,Resplendor,MG,Sudeste,17396,1081.796,277790,27868,16686,124566,90895
3154408,Ressaquinha,MG,Sudeste,4826,183.062,372866,31409,160671,95180,32512
3154457,Riachinho,MG,Sudeste,8132,1719.266,157242,66589,4471,40149,40535
3154507,Riacho dos Machados,MG,Sudeste,9471,1315.54,532552,47609,322182,84270,53553
3154606,Ribeirão das Neves,MG,Sudeste,341415,155.105,5180189,4918,647330,2325896,1460099
3154705,Ribeirão Vermelho,MG,Sudeste,4061,49.251,105346,9974,6150,55582,23885
3154804,Rio Acima,MG,Sudeste,10524,228.394,472402,772,270310,119147,70855
3154903,Rio Casca,MG,Sudeste,13384,384.381,237324,32761,11512,106750,70246
3155009,Rio Doce,MG,Sudeste,2630,112.094,51851,4417,7240,12927,21956
3155108,Rio do Prado,MG,Sudeste,5117,479.815,52654,6249,896,16136,27177
3155207,Rio Espera,MG,Sudeste,5332,238.602,59583,13514,1647,16405,26055
3155306,Rio Manso,MG,Sudeste,5924,231.54,113750,20079,7795,46169,29972
3155405,Rio Novo,MG,Sudeste,8964,209.31,120045,9882,7898,51007,43715
3155504,Rio Paranaíba,MG,Sudeste,12356,1352.353,906412,539565,41461,210706,70698
3155603,Rio Pardo de Minas,MG,Sudeste,31171,3117.675,345428,84507,10192,90688,145903
3155702,Rio Piracicaba,MG,Sudeste,14325,373.037,1339656,22347,937159,274220,77880
3155801,Rio Pomba,MG,Sudeste,18007,252.418,417244,19884,74436,193787,82251
3155900,Rio Preto,MG,Sudeste,5493,348.046,69135,6727,3615,27183,28338
3156007,Rio Vermelho,MG,Sudeste,12635,986.561,140757,30867,3284,44393,56353
3156106,Ritápolis,MG,Sudeste,4521,404.805,90330,24709,12534,25579,23623
3156205,Rochedo de Minas,MG,Sudeste,2335,79.402,114660,3476,47710,31544,15914
3156304,Rodeiro,MG,Sudeste,8333,72.673,544656,40904,291995,105533,41187
3156403,Romaria,MG,Sudeste,3507,407.557,271627,182797,16075,43066,22043
3156452,Rosário da Limeira,MG,Sudeste,4648,111.156,67723,8742,3182,22387,29170
3156502,Rubelita,MG,Sudeste,5609,1110.295,80084,10702,15603,17741,33630
3156601,Rubim,MG,Sudeste,10269,965.174,111693,12999,3583,35584,55781
3156700,Sabará,MG,Sudeste,137877,302.453,4201932,3156,1845745,1400550,602783
3156809,Sabinópolis,MG,Sudeste,15364,919.811,334727,42776,107387,101975,69797
3156908,Sacramento,MG,Sudeste,26556,3073.268,2090841,687267,436639,615035,175198
3157005,Salinas,MG,Sudeste,41864,1862.117,667282,27609,62010,317354,197669
3157104,Salto da Divisa,MG,Sudeste,7014,938.008,132015,14583,38658,33564,40453
3157203,Santa Bárbara,MG,Sudeste,31873,684.505,1628347,21230,923357,450543,162691
3157252,Santa Bárbara do Leste,MG,Sudeste,8212,107.402,111674,24989,5141,36127,39221
3157278,Santa Bárbara do Monte Verde,MG,Sudeste,3212,417.925,56261,21441,1548,11600,19992
3157302,Santa Bárbara do Tugúrio,MG,Sudeste,4385,194.564,70602,10689,2719,27822,24179
3157336,Santa Cruz de Minas,MG,Sudeste,8723,3.565,103453,57,7136,47122,39942
3157377,Santa Cruz de Salinas,MG,Sudeste,4074,589.607,48998,4874,1057,15788,24647
3157401,Santa Cruz do Escalvado,MG,Sudeste,4693,258.726,76982,12234,19990,15015,26127
3157500,Santa Efigênia de Minas,MG,Sudeste,4354,131.965,51008,6492,1811,15601,25063
3157609,Santa Fé de Minas,MG,Sudeste,3806,2917.448,59926,18606,1907,13246,23491
3157658,Santa Helena de Minas,MG,Sudeste,6406,276.433,57927,8449,1052,15266,31482
3157708,Santa Juliana,MG,Sudeste,14497,723.784,860296,230710,216676,254207,77569
3157807,Santa Luzia,MG,Sudeste,221705,235.205,5287597,4236,1729157,1844630,1018986
3157906,Santa Margarida,MG,Sudeste,16393,255.73,353995,172775,11680,78951,79370
3158003,Santa Maria de Itabira,MG,Sudeste,10867,597.441,269094,18931,65045,105348,54712
3158102,Santa Maria do Salto,MG,Sudeste,5203,440.605,49983,4730,1167,14112,28554
3158201,Santa Maria do Suaçuí,MG,Sudeste,14607,624.047,170803,21490,6337,67151,67377
3158300,Santana da Vargem,MG,Sudeste,7047,172.444,243282,71338,38807,70893,37265
3158409,Santana de Cataguases,MG,Sudeste,3909,161.486,49901,6824,2193,15379,23492
3158508,Santana de Pirapama,MG,Sudeste,7538,1255.832,116826,45963,4847,25570,35364
3158607,Santana do Deserto,MG,Sudeste,3985,182.655,47355,4367,1566,15172,24416
3158706,Santana do Garambéu,MG,Sudeste,2494,203.074,39152,9192,752,10125,17653
3158805,Santana do Jacaré,MG,Sudeste,4847,106.169,105812,10902,24114,35808,26017
3158904,Santana do Manhuaçu,MG,Sudeste,8660,347.362,189822,79543,7939,50610,40644
3158953,Santana do Paraíso,MG,Sudeste,36048,276.067,749702,12579,181962,298701,170470
3159001,Santana do Riacho,MG,Sudeste,4334,677.207,103770,3139,8075,58239,25766
3159100,Santana dos Montes,MG,Sudeste,3753,196.565,49867,7191,2231,14796,23838
3159209,Santa Rita de Caldas,MG,Sudeste,8900,503.011,227928,62554,37452,68687,43974
3159308,Santa Rita de Jacutinga,MG,Sudeste,4843,420.94,74798,14376,2043,26900,27620
3159357,Santa Rita de Minas,MG,Sudeste,7322,68.153,151781,22990,30230,46277,37210
3159407,Santa Rita de Ibitipoca,MG,Sudeste,3380,324.234,61998,22112,2238,13526,21749
3159506,Santa Rita do Itueto,MG,Sudeste,5426,485.081,179107,83411,27181,31826,31427
3159605,Santa Rita do Sapucaí,MG,Sudeste,44226,352.969,1944045,72424,602210,625973,211606
3159704,Santa Rosa da Serra,MG,Sudeste,3364,284.334,102017,49636,6345,21184,22057
3159803,Santa Vitória,MG,Sudeste,19997,2998.364,802576,219824,131295,244082,142410
3159902,Santo Antônio do Amparo,MG,Sudeste,18697,488.885,354378,86896,19169,133759,88762
3160009,Santo Antônio do Aventureiro,MG,Sudeste,3602,202.032,67888,20032,2609,20033,23137
3160108,Santo Antônio do Grama,MG,Sudeste,3861,130.213,85508,10803,12373,20617,24894
3160207,Santo Antônio do Itambé,MG,Sudeste,3763,305.737,44720,7811,1175,11340,23082
3160306,Santo Antônio do Jacinto,MG,Sudeste,11570,503.706,114522,11057,4741,35961,58281
3160405,Santo Antônio do Monte,MG,Sudeste,28603,1125.78,842862,352781,47291,262955,134149
3160454,Santo Antônio do Retiro,MG,Sudeste,7316,796.29,70752,6216,3796,18230,40268
3160504,Santo Antônio do Rio Abaixo,MG,Sudeste,1756,107.269,28487,5044,628,8228,13563
3160603,Santo Hipólito,MG,Sudeste,3044,430.656,50190,14834,1880,12063,19937
3160702,Santos Dumont,MG,Sudeste,46357,637.373,1101637,21028,290588,406014,211660
3160801,São Bento Abade,MG,Sudeste,5411,80.403,89289,27791,4036,24807,29088
3160900,São Brás do Suaçuí,MG,Sudeste,3770,110.019,80485,3712,3375,38845,28242
3160959,São Domingos das Dores,MG,Sudeste,5672,60.865,91424,16322,2573,32543,31786
3161007,São Domingos do Prata,MG,Sudeste,17296,743.768,313454,32429,28747,133973,85241
3161056,São Félix de Minas,MG,Sudeste,3354,162.56,43890,5808,2051,12789,21408
3161106,São Francisco,MG,Sudeste,56625,3308.1,648148,75359,35182,245108,251665
3161205,São Francisco de Paula,MG,Sudeste,6512,316.822,150493,44970,6886,54062,32586
3161304,São Francisco de Sales,MG,Sudeste,6309,1128.864,193829,92870,9535,45386,38232
3161403,São Francisco do Glória,MG,Sudeste,4758,164.613,72559,14935,3891,22828,26037
3161502,São Geraldo,MG,Sudeste,12751,185.578,263233,20096,89153,66877,57844
3161601,São Geraldo da Piedade,MG,Sudeste,3860,152.336,44803,6327,1058,13310,22527
3161650,São Geraldo do Baixio,MG,Sudeste,4104,280.954,49928,8528,3785,13482,22528
3161700,São Gonçalo do Abaeté,MG,Sudeste,8527,2692.545,325637,112784,38065,102469,41522
3161809,São Gonçalo do Pará,MG,Sudeste,12776,265.73,311147,27106,112165,81679,60651
3161908,São Gonçalo do Rio Abaixo,MG,Sudeste,11114,363.828,7603788,12551,5826629,1415026,176735
3162005,São Gonçalo do Sapucaí,MG,Sudeste,25670,516.683,986478,157543,202847,381156,124683
3162104,São Gotardo,MG,Sudeste,36084,866.087,1189028,130818,125094,608768,172446
3162203,São João Batista do Glória,MG,Sudeste,7541,547.908,268082,109263,29838,64762,49101
3162252,São João da Lagoa,MG,Sudeste,4949,998.015,60402,14162,1301,13699,28453
3162302,São João da Mata,MG,Sudeste,2743,120.536,55081,18127,1489,15456,17520
3162401,São João da Ponte,MG,Sudeste,25033,1851.102,269275,37952,11191,82219,124762
3162450,São João das Missões,MG,Sudeste,13232,678.274,92410,6704,2197,20447,60213
3162500,São João del Rei,MG,Sudeste,90897,1452.002,3003942,292264,590046,1364171,405919
3162559,São João do Manhuaçu,MG,Sudeste,11785,143.096,183076,47629,8287,56613,59797
3162575,São João do Manteninha,MG,Sudeste,5975,137.928,81210,7833,8003,29482,31214
3162609,São João do Oriente,MG,Sudeste,7393,120.122,101830,10318,12851,35097,37245
3162658,São João do Pacuí,MG,Sudeste,4476,415.922,44651,7957,892,9462,25081
3162708,São João do Paraíso,MG,Sudeste,23797,1925.575,285026,67860,16128,75784,110481
3162807,São João Evangelista,MG,Sudeste,15761,478.183,253189,31799,13142,113171,75779
3162906,São João Nepomuceno,MG,Sudeste,26530,407.427,506005,21061,105915,217752,123433
3162922,São Joaquim de Bicas,MG,Sudeste,32696,71.758,1083056,46947,432902,295832,167714
3162948,São José da Barra,MG,Sudeste,7532,308.319,891414,87668,678364,67644,44335
3162955,São José da Lapa,MG,Sudeste,24490,47.93,624432,9300,198281,193618,133985
3163003,São José da Safira,MG,Sudeste,4291,213.881,49538,3256,3977,15192,25154
3163102,São José da Varginha,MG,Sudeste,5151,205.501,114569,55240,2112,24970,26906
3163201,São José do Alegre,MG,Sudeste,4222,88.794,57941,8117,2697,20567,22993
3163300,São José do Divino,MG,Sudeste,3851,328.704,53035,11332,1213,15462,23510
3163409,São José do Goiabal,MG,Sudeste,5356,189.578,67369,13246,2490,19791,29547
3163508,São José do Jacuri,MG,Sudeste,6409,345.146,99880,22200,13824,25607,32034
3163607,São José do Mantimento,MG,Sudeste,2821,54.701,44165,11532,1559,11035,18806
3163706,São Lourenço,MG,Sudeste,46539,58.019,1177795,2664,108613,701404,252119
3163805,São Miguel do Anta,MG,Sudeste,6949,152.111,105060,32883,5596,25861,36216
3163904,São Pedro da União,MG,Sudeste,4563,260.827,148147,71613,5631,37965,26071
3164001,São Pedro dos Ferros,MG,Sudeste,7634,402.739,134364,29879,17142,42575,33704
3164100,São Pedro do Suaçuí,MG,Sudeste,5160,308.106,81769,13280,9834,26380,26530
3164209,São Romão,MG,Sudeste,12713,2434.004,243070,121813,10196,44431,57417
3164308,São Roque de Minas,MG,Sudeste,7100,2098.867,323179,151225,24492,85760,38174
3164407,São Sebastião da Bela Vista,MG,Sudeste,5598,167.428,442552,24955,80441,213885,35966
3164431,São Sebastião da Vargem Alegre,MG,Sudeste,3039,73.629,66796,9521,18536,15440,21448
3164472,São Sebastião do Anta,MG,Sudeste,6697,80.618,104236,27811,4945,31026,36090
3164506,São Sebastião do Maranhão,MG,Sudeste,9884,517.83,100804,20718,2932,28272,44495
3164605,São Sebastião do Oeste,MG,Sudeste,6948,408.09,596667,77595,234175,155068,40592
3164704,São Sebastião do Paraíso,MG,Sudeste,71915,814.925,2234341,186671,425485,965700,363181
3164803,São Sebastião do Rio Preto,MG,Sudeste,1478,128.002,25965,4467,580,6189,14125
3164902,São Sebastião do Rio Verde,MG,Sudeste,2259,90.848,35675,5972,1433,11161,15660
3165008,São Tiago,MG,Sudeste,10979,572.4,246013,65685,37327,75025,50549
3165107,São Tomás de Aquino,MG,Sudeste,6980,277.928,195196,84033,14782,48515,38781
3165206,São Tomé das Letras,MG,Sudeste,7151,369.747,137341,35981,11444,46721,35303
3165305,São Vicente de Minas,MG,Sudeste,7876,392.651,206080,55556,26957,65966,37993
3165404,Sapucaí-Mirim,MG,Sudeste,7045,285.073,110258,14692,15448,38330,34394
3165503,Sardoá,MG,Sudeste,6421,141.904,68811,6754,3350,22628,32587
3165537,Sarzedo,MG,Sudeste,34050,62.134,2190346,2994,1255611,538215,185037
3165552,Setubinha,MG,Sudeste,12493,534.655,122713,37906,3019,24522,53800
3165560,Sem-Peixe,MG,Sudeste,2579,176.634,36660,6345,2805,9964,16386
3165578,Senador Amaral,MG,Sudeste,5365,151.097,89404,18774,3397,31151,31264
3165602,Senador Cortes,MG,Sudeste,2001,98.336,38033,5662,3721,11343,15164
3165701,Senador Firmino,MG,Sudeste,7902,166.495,106704,10241,7327,43246,39513
3165800,Senador José Bento,MG,Sudeste,1422,93.892,35501,12156,1013,8613,12547
3165909,Senador Modestino Gonçalves,MG,Sudeste,4056,952.055,92204,44693,7205,14778,23248
3166006,Senhora de Oliveira,MG,Sudeste,5786,170.749,81065,15272,2371,30172,29599
3166105,Senhora do Porto,MG,Sudeste,3516,381.328,49708,12440,4356,10441,20670
3166204,Senhora dos Remédios,MG,Sudeste,10474,237.815,115731,21098,9992,32379,48126
3166303,Sericita,MG,Sudeste,7340,166.012,104954,31449,6949,26325,36422
3166402,Seritinga,MG,Sudeste,1857,114.769,45221,10424,3214,13820,14947
3166501,Serra Azul de Minas,MG,Sudeste,4292,218.595,45048,5921,1454,10374,26020
3166600,Serra da Saudade,MG,Sudeste,771,335.659,21916,7918,816,4108,8460
3166709,Serra dos Aimorés,MG,Sudeste,8725,213.574,93122,15706,3800,27950,41594
3166808,Serra do Salitre,MG,Sudeste,11750,1295.272,983425,429056,266285,189779,72239
3166907,Serrania,MG,Sudeste,7667,209.27,161680,43775,16632,53051,38186
3166956,Serranópolis de Minas,MG,Sudeste,4836,551.954,47445,6297,1643,9530,28681
3167004,Serranos,MG,Sudeste,1949,213.173,38551,13493,723,9084,14160
3167103,Serro,MG,Sudeste,20915,1217.813,292378,29268,15127,131430,98070
3167202,Sete Lagoas,MG,Sudeste,243950,536.928,12655800,36541,4824684,4365733,1241707
3167301,Silveirânia,MG,Sudeste,2267,157.456,35131,7447,1339,9250,15990
3167400,Silvianópolis,MG,Sudeste,6258,312.166,141500,46269,16462,38520,31658
3167509,Simão Pereira,MG,Sudeste,2621,135.689,103933,5116,57552,16922,19404
3167608,Simonésia,MG,Sudeste,19834,486.543,285219,89366,10442,82460,90284
3167707,Sobrália,MG,Sudeste,5476,206.787,67350,10686,2432,21543,30350
3167806,Soledade de Minas,MG,Sudeste,6226,196.866,81837,17220,4340,26111,30951
3167905,Tabuleiro,MG,Sudeste,3669,211.084,65697,8928,7439,23220,21109
3168002,Taiobeiras,MG,Sudeste,34653,1220.046,557221,59332,42630,251984,163119
3168051,Taparuba,MG,Sudeste,3093,193.082,49071,13214,1818,11647,20835
3168101,Tapira,MG,Sudeste,4890,1179.248,688692,123205,366087,99239,40079
3168200,Tapiraí,MG,Sudeste,1869,407.92,56050,31754,1586,8741,12890
3168309,Taquaraçu de Minas,MG,Sudeste,4120,329.287,65923,7555,7524,21954,25191
3168408,Tarumirim,MG,Sudeste,14280,731.753,188289,27694,7834,72974,70875
3168507,Teixeiras,MG,Sudeste,11680,166.735,191264,23939,27362,71403,58481
3168606,Teófilo Otoni,MG,Sudeste,141269,3242.27,2952020,90727,368266,1572586,647157
3168705,Timóteo,MG,Sudeste,91268,144.381,5609602,1663,3162255,1274689,442653
3168804,Tiradentes,MG,Sudeste,8160,83.047,205615,7230,15279,123435,43724
3168903,Tiros,MG,Sudeste,6369,2091.774,379852,169944,38271,100124,38624
3169000,Tocantins,MG,Sudeste,16769,173.866,349351,40131,57261,140103,77606
3169059,Tocos do Moji,MG,Sudeste,4117,114.705,70715,23532,2742,18255,23150
3169109,Toledo,MG,Sudeste,6336,136.776,107093,13214,14035,39178,32625
3169208,Tombos,MG,Sudeste,7683,285.124,130946,19242,5127,58358,39174
3169307,Três Corações,MG,Sudeste,80561,828.038,2958952,338109,574567,1214230,387298
3169356,Três Marias,MG,Sudeste,33062,2678.253,3149734,88355,1955241,518394,187870
3169406,Três Pontas,MG,Sudeste,57127,689.794,1877754,212415,340731,787808,289133
3169505,Tumiritinga,MG,Sudeste,6797,500.073,83258,15729,3601,25049,35960
3169604,Tupaciguara,MG,Sudeste,25466,1822.53,946266,281661,114784,318971,150622
3169703,Turmalina,MG,Sudeste,20280,1153.111,443537,148131,31919,134107,99697
3169802,Turvolândia,MG,Sudeste,5099,221.0,139823,63352,7277,34512,27772
3169901,Ubá,MG,Sudeste,117995,407.452,3557764,32833,1147838,1454740,471428
3170008,Ubaí,MG,Sudeste,12661,820.524,117187,14434,4895,33248,60413
3170057,Ubaporanga,MG,Sudeste,12514,189.045,167976,36453,9771,52903,59355
3170107,Uberaba,MG,Sudeste,340277,4523.957,20384265,1425496,6118665,8032968,1692887
3170206,Uberlândia,MG,Sudeste,706597,4115.206,43030885,921227,10480987,19165044,3263021
3170305,Umburatiba,MG,Sudeste,2582,405.834,44152,12798,1665,10248,17782
3170404,Unaí,MG,Sudeste,85461,8445.432,4316723,1610992,323431,1531685,468304
3170438,União de Minas,MG,Sudeste,4265,1147.407,130400,70426,5612,25414,24364
3170479,Uruana de Minas,MG,Sudeste,3256,598.221,97089,47065,2774,21731,21944
3170503,Urucânia,MG,Sudeste,10333,138.792,239904,29697,60154,72464,52717
3170529,Urucuia,MG,Sudeste,17470,2076.942,193218,51770,6254,42568,83901
3170578,Vargem Alegre,MG,Sudeste,6460,116.664,77359,4868,3690,29931,33415
3170602,Vargem Bonita,MG,Sudeste,2143,409.888,87624,43269,3673,18980,18793
3170651,Vargem Grande do Rio Pardo,MG,Sudeste,5045,491.512,68132,18491,4548,14061,29017
3170701,Varginha,MG,Sudeste,137608,395.396,8093504,88572,1549368,3920606,692370
3170750,Varjão de Minas,MG,Sudeste,7235,651.505,316498,180398,24953,61327,40012
3170800,Várzea da Palma,MG,Sudeste,40101,2220.279,1087380,101082,337261,274963,194590
3170909,Varzelândia,MG,Sudeste,19290,814.994,187195,8897,6774,66722,94603
3171006,Vazante,MG,Sudeste,20692,1913.396,1168800,294442,367935,290234,109657
3171030,Verdelândia,MG,Sudeste,9527,1570.582,115440,37018,3990,22179,47502
3171071,Veredinha,MG,Sudeste,5733,631.692,133100,55822,20820,21530,31255
3171105,Veríssimo,MG,Sudeste,4090,1031.823,170416,101522,6842,29146,27857
3171154,Vermelho Novo,MG,Sudeste,4852,115.242,64212,20750,1583,13933,26147
3171204,Vespasiano,MG,Sudeste,131849,71.04,3019114,1174,778990,1058228,643295
3171303,Viçosa,MG,Sudeste,79910,299.418,1811350,31310,187266,1038354,385852
3171402,Vieiras,MG,Sudeste,3570,112.691,53436,15002,1942,12069,22821
3171501,Mathias Lobato,MG,Sudeste,3157,172.297,43983,5450,1682,13792,20606
3171600,Virgem da Lapa,MG,Sudeste,13729,868.914,131570,9140,5392,45273,65481
3171709,Virgínia,MG,Sudeste,8652,326.515,180396,52052,5260,75225,40100
3171808,Virginópolis,MG,Sudeste,10459,439.878,183972,32383,6483,80290,52832
3171907,Virgolândia,MG,Sudeste,5303,281.022,62673,12538,1957,16521,29710
3172004,Visconde do Rio Branco,MG,Sudeste,43351,243.351,1349239,16197,458734,491858,200483
3172103,Volta Grande,MG,Sudeste,5270,205.552,139852,12821,30384,43602,30740
3172202,Wenceslau Braz,MG,Sudeste,2543,102.487,33070,5988,2510,7547,15244
3200102,Afonso Cláudio,ES,Sudeste,30326,941.188,569778,128587,48980,196278,157075
3200136,Águia Branca,ES,Sudeste,9621,454.448,246002,69293,23925,75296,56114
3200169,Água Doce do Norte,ES,Sudeste,10801,473.729,184400,35850,26077,51038,61241
3200201,Alegre,ES,Sudeste,29869,756.86,575149,72353,133957,201942,134754
3200300,Alfredo Chaves,ES,Sudeste,14670,615.677,457723,100175,91659,140580,82616
3200359,Alto Rio Novo,ES,Sudeste,7911,227.617,113033,26348,5260,30858,45622
3200409,Anchieta,ES,Sudeste,30285,409.691,5764186,40269,4238345,1094528,250853
3200508,Apiacá,ES,Sudeste,7542,193.984,118191,19531,5834,38434,43500
3200607,Aracruz,ES,Sudeste,104942,1420.285,5313109,79986,2627039,1304697,566580
3200706,Atílio Vivácqua,ES,Sudeste,12270,232.868,360869,21920,94298,105393,73985
3200805,Baixo Guandu,ES,Sudeste,31263,909.039,928258,52844,382635,258169,166347
3200904,Barra de São Francisco,ES,Sudeste,45301,944.521,1164997,75624,341416,401364,219845
3201001,Boa Esperança,ES,Sudeste,15146,428.716,271046,65208,15183,93095,78860
3201100,Bom Jesus do Norte,ES,Sudeste,9988,89.084,186830,5936,22484,82834,55792
3201159,Brejetuba,ES,Sudeste,12450,354.404,294749,128969,19828,66140,66768
3201209,Cachoeiro de Itapemirim,ES,Sudeste,212172,864.583,6146965,80565,1531965,2727956,1000414
3201308,Cariacica,ES,Sudeste,386495,279.718,13698899,20821,1673110,5874895,1581488
3201407,Castelo,ES,Sudeste,37956,663.515,1170584,112137,279117,421757,198043
3201506,Colatina,ES,Sudeste,124283,1398.219,4378290,127943,1130283,1964294,657832
3201605,Conceição da Barra,ES,Sudeste,31479,1182.587,607064,103951,91798,177040,178809
3201704,Conceição do Castelo,ES,Sudeste,12887,369.778,279074,59572,26594,101683,68410
3201803,Divino de São Lourenço,ES,Sudeste,4236,174.039,82577,27970,5005,18414,27877
3201902,Domingos Martins,ES,Sudeste,34120,1229.21,957718,172884,149379,388191,172279
3202009,Dores do Rio Preto,ES,Sudeste,6793,159.298,159784,36571,17224,54086,39154
3202108,Ecoporanga,ES,Sudeste,22748,2285.369,411088,99786,60073,115313,116655
3202207,Fundão,ES,Sudeste,22379,286.854,468483,37339,108013,159507,115714
3202256,Governador Lindenberg,ES,Sudeste,13047,360.016,334325,92538,45067,104214,68029
3202306,Guaçuí,ES,Sudeste,31372,468.185,612499,65180,71129,275429,151368
3202405,Guarapari,ES,Sudeste,128504,589.825,2537477,69329,290340,1317714,616120
3202454,Ibatiba,ES,Sudeste,26762,240.278,450083,73202,24133,186581,128087
3202504,Ibiraçu,ES,Sudeste,12701,201.248,289513,23513,34932,133339,67947
3202553,Ibitirama,ES,Sudeste,8830,330.874,171980,48474,6686,54668,49792
3202603,Iconha,ES,Sudeste,14083,203.528,314849,37238,21509,125767,80500
3202652,Irupi,ES,Sudeste,13672,184.807,236221,46942,10060,88375,71788
3202702,Itaguaçu,ES,Sudeste,13982,535.021,325864,115469,18170,98505,75735
3202801,Itapemirim,ES,Sudeste,34957,550.71,5744177,116500,4062152,1096314,362084
3202900,Itarana,ES,Sudeste,10433,295.189,266025,46592,60745,85188,55592
3203007,Iúna,ES,Sudeste,29417,460.586,538442,108435,22510,223170,141092
3203056,Jaguaré,ES,Sudeste,31589,659.751,963633,163642,295451,271763,174902
3203106,Jerônimo Monteiro,ES,Sudeste,12336,177.342,172122,28310,9901,59803,63432
3203130,João Neiva,ES,Sudeste,16774,284.735,646257,19125,276759,185714,81756
3203163,Laranja da Terra,ES,Sudeste,10919,458.37,187686,62445,9954,46525,57205
3203205,Linhares,ES,Sudeste,179755,3496.263,8036037,393611,2824724,2710141,965162
3203304,Mantenópolis,ES,Sudeste,15653,321.418,203073,54083,9230,53820,76819
3203320,Marataízes,ES,Sudeste,39259,130.268,6659691,114908,4862745,1268543,323783
3203346,Marechal Floriano,ES,Sudeste,17141,285.495,516900,83746,57053,213556,98370
3203353,Marilândia,ES,Sudeste,13091,327.642,312890,78311,26993,107971,75848
3203403,Mimoso do Sul,ES,Sudeste,26079,869.439,607403,113097,92518,222305,125940
3203502,Montanha,ES,Sudeste,18954,1099.06,410502,90056,30799,148942,104168
3203601,Mucurici,ES,Sudeste,5468,540.529,96748,35329,3852,19685,34610
3203700,Muniz Freire,ES,Sudeste,17176,678.804,383337,124245,24598,113472,96173
3203809,Muqui,ES,Sudeste,15602,327.268,234318,45676,9768,84727,80365
3203908,Nova Venécia,ES,Sudeste,50751,1439.571,1339629,159006,167080,611875,253894
3204005,Pancas,ES,Sudeste,23426,837.842,358499,114609,17311,97358,112466
3204054,Pedro Canário,ES,Sudeste,26575,433.453,401435,64847,54675,126226,132758
3204104,Pinheiros,ES,Sudeste,27601,973.136,861689,155894,169644,271398,149418
3204203,Piúma,ES,Sudeste,22388,74.046,876048,19957,445226,249354,124901
3204252,Ponto Belo,ES,Sudeste,8016,360.11,107547,23055,5508,29474,44643
3204302,Presidente Kennedy,ES,Sudeste,11741,594.897,6811823,79636,5314481,1210279,147663
3204351,Rio Bananal,ES,Sudeste,19398,641.929,525681,175743,41862,151293,112715
3204401,Rio Novo do Sul,ES,Sudeste,11630,204.464,229881,24300,49109,69442,62273
3204500,Santa Leopoldina,ES,Sudeste,12171,718.325,330157,117176,87154,56320,59920
3204559,Santa Maria de Jetibá,ES,Sudeste,41588,735.198,1631412,763736,99790,416144,233159
3204609,Santa Teresa,ES,Sudeste,23853,683.032,577198,119839,38903,243492,125596
3204658,São Domingos do Norte,ES,Sudeste,8735,298.58,331338,55152,116234,69997,50699
3204708,São Gabriel da Palha,ES,Sudeste,39085,434.887,762078,90351,100421,323504,181266
3204807,São José do Calçado,ES,Sudeste,10536,273.489,203594,26777,42193,63285,58881
3204906,São Mateus,ES,Sudeste,134629,2346.049,2947650,365621,393964,1231895,657970
3204955,São Roque do Canaã,ES,Sudeste,12602,341.944,228985,46457,23935,77021,61346
3205002,Serra,ES,Sudeste,536765,547.631,37279144,34539,13151398,13219110,2403065
3205010,Sooretama,ES,Sudeste,31278,587.036,667554,108934,147048,173142,167170
3205036,Vargem Alta,ES,Sudeste,21778,417.76,430103,47530,99401,130340,104648
3205069,Venda Nova do Imigrante,ES,Sudeste,26204,185.909,702150,77227,78060,332825,130697
3205101,Viana,ES,Sudeste,80735,312.279,4227430,23017,586589,2057974,376829
3205150,Vila Pavão,ES,Sudeste,9280,433.257,180641,48464,24917,43544,53459
3205176,Vila Valério,ES,Sudeste,14065,470.343,434064,168988,24505,129708,81636
3205200,Vila Velha,ES,Sudeste,508655,210.225,16305901,25395,2493630,8047895,2136750
3205309,Vitória,ES,Sudeste,369534,97.123,31423978,26154,9518403,13651258,1995344
3300100,Angra dos Reis,RJ,Sudeste,210171,813.42,11194157,60857,3331322,4796225,1921438
3300159,Aperibé,RJ,Sudeste,12036,94.542,249119,9387,13598,85161,121491
3300209,Araruama,RJ,Sudeste,136109,638.276,4234217,59721,1071336,1557778,1183055
3300225,Areal,RJ,Sudeste,12763,110.724,427436,4394,89808,123296,134994
3300233,Armação dos Búzios,RJ,Sudeste,35060,70.977,2970297,12586,1181356,1165231,478880
3300258,Arraial do Cabo,RJ,Sudeste,30827,152.106,2705450,22382,1510707,713995,387019
3300308,Barra do Piraí,RJ,Sudeste,101139,584.61,2713890,47238,540720,1047621,776396
3300407,Barra Mansa,RJ,Sudeste,185237,547.133,6449270,70860,1292423,2974216,1419176
3300456,Belford Roxo,RJ,Sudeste,515239,78.985,8839736,3708,1047938,3073705,3675976
3300506,Bom Jardim,RJ,Sudeste,27779,382.43,887295,105464,184755,252073,232368
3300605,Bom Jesus do Itabapoana,RJ,Sudeste,37306,596.659,908156,55743,98642,356687,303933
3300704,Cabo Frio,RJ,Sudeste,234077,413.449,12359509,58007,5375422,4224059,2170099
3300803,Cachoeiras de Macacu,RJ,Sudeste,59652,954.749,1305498,65696,255651,381961,478957
3300902,Cambuci,RJ,Sudeste,15521,558.281,399847,73845,37282,86936,142742
3300936,Carapebus,RJ,Sudeste,16859,304.885,726756,13339,339637,152591,199125
3300951,Comendador Levy Gasparian,RJ,Sudeste,8590,108.639,603969,6122,320228,126735,93081
3301009,Campos dos Goytacazes,RJ,Sudeste,514643,4032.487,37179716,368935,20380240,10854517,4146075
3301108,Cantagalo,RJ,Sudeste,20163,747.21,841413,40422,345749,199716,183183
3301157,Cardoso Moreira,RJ,Sudeste,12818,522.596,395476,28953,88349,107689,126984
3301207,Carmo,RJ,Sudeste,19161,305.749,561273,24934,139478,160746,167812
3301306,Casimiro de Abreu,RJ,Sudeste,45864,462.918,2352145,13479,1173401,633038,449948
3301405,Conceição de Macabu,RJ,Sudeste,23561,338.26,434135,21308,15761,151145,208678
3301504,Cordeiro,RJ,Sudeste,22152,113.048,456168,7438,49845,174131,195070
3301603,Duas Barras,RJ,Sudeste,11563,379.619,249214,30631,18051,57927,113347
3301702,Duque de Caxias,RJ,Sudeste,929449,467.319,53136504,18006,14779160,22667493,6868695
3301801,Engenheiro Paulo de Frontin,RJ,Sudeste,14138,139.381,406735,10993,88645,100096,158196
3301850,Guapimirim,RJ,Sudeste,62225,358.443,1363992,29283,223701,444456,545713
3301876,Iguaba Grande,RJ,Sudeste,29344,50.977,631393,2798,44762,243318,302782
3301900,Itaboraí,RJ,Sudeste,244416,429.961,5640678,17169,649530,2458230,1934956
3302007,Itaguaí,RJ,Sudeste,136547,282.606,10502682,18783,769961,7105405,1321064
3302056,Italva,RJ,Sudeste,15387,291.193,418759,26677,89144,119033,149212
3302106,Itaocara,RJ,Sudeste,23211,433.182,635888,68679,48108,242847,201692
3302205,Itaperuna,RJ,Sudeste,104354,1106.694,3394940,79778,485132,1639583,867882
3302254,Itatiaia,RJ,Sudeste,32312,241.035,6893408,6492,2061682,2020748,367452
3302270,Japeri,RJ,Sudeste,106296,81.697,1530183,7290,206300,385262,806365
3302304,Laje do Muriaé,RJ,Sudeste,7298,253.53,184160,14213,28742,40638,82365
3302403,Macaé,RJ,Sudeste,266136,1216.989,17746787,75525,5538018,6094385,3278109
3302452,Macuco,RJ,Sudeste,5646,78.364,214870,5305,47805,67230,68518
3302502,Magé,RJ,Sudeste,247741,390.775,4765781,65818,536854,1854238,1976050
3302601,Mangaratiba,RJ,Sudeste,45941,367.606,3211861,20401,126011,2297224,567752
3302700,Maricá,RJ,Sudeste,167668,361.572,85814188,16520,65616070,17609584,1814114
3302809,Mendes,RJ,Sudeste,18681,95.324,357688,940,26114,146102,155437
3302858,Mesquita,RJ,Sudeste,177016,41.169,2619212,3243,155039,1087344,1210340
3302908,Miguel Pereira,RJ,Sudeste,25622,287.933,632498,7242,43356,285303,247383
3303005,Miracema,RJ,Sudeste,27134,303.27,662180,22295,88399,236859,254490
3303104,Natividade,RJ,Sudeste,15305,387.073,324261,24160,16293,116998,134788
3303203,Nilópolis,RJ,Sudeste,162893,19.393,3059459,0,164558,1464886,1197485
3303302,Niterói,RJ,Sudeste,516981,133.757,66345488,26399,37156047,21273203,4927303
3303401,Nova Friburgo,RJ,Sudeste,191664,935.429,6324877,130267,768815,3169022,1593900
3303500,Nova Iguaçu,RJ,Sudeste,825388,520.581,17794452,8261,1523118,8460464,6080467
3303609,Paracambi,RJ,Sudeste,53093,190.949,1162875,3200,271413,390394,400967
3303708,Paraíba do Sul,RJ,Sudeste,44741,571.118,1253017,63636,214270,431401,382243
3303807,Paraty,RJ,Sudeste,44175,924.296,1955280,39520,590951,768103,433765
3303856,Paty do Alferes,RJ,Sudeste,27942,314.341,684851,61124,58524,222053,256658
3303906,Petrópolis,RJ,Sudeste,307144,791.144,15665370,70958,4742116,6527993,2449274
3303955,Pinheiral,RJ,Sudeste,25563,82.254,1452638,5734,854984,264407,222240
3304003,Piraí,RJ,Sudeste,29802,490.255,2449973,21163,1361264,473853,306429
3304102,Porciúncula,RJ,Sudeste,19068,291.847,415943,35016,44363,125928,167716
3304110,Porto Real,RJ,Sudeste,20254,50.892,4245725,4902,1749294,885165,246631
3304128,Quatis,RJ,Sudeste,14562,284.826,305010,23189,14590,105542,126625
3304144,Queimados,RJ,Sudeste,152311,75.927,4361684,3473,865868,1737451,1185104
3304151,Quissamã,RJ,Sudeste,25535,719.643,5996886,33197,4343047,1194814,352484
3304201,Resende,RJ,Sudeste,133244,1099.336,10754357,60059,3265317,3575570,1201112
3304300,Rio Bonito,RJ,Sudeste,60930,459.458,1831391,30006,119708,898750,546259
3304409,Rio Claro,RJ,Sudeste,18677,846.797,435959,56893,18294,106628,200235
3304508,Rio das Flores,RJ,Sudeste,9401,478.783,294384,18060,81192,61798,109023
3304524,Rio das Ostras,RJ,Sudeste,159529,228.044,8948996,14234,4259839,2610550,1513779
3304557,Rio de Janeiro,RJ,Sudeste,6775561,1200.329,359632648,111267,45685918,177540661,56970406
3304607,Santa Maria Madalena,RJ,Sudeste,10380,810.963,234575,25373,7959,61965,115159
3304706,Santo Antônio de Pádua,RJ,Sudeste,42705,603.633,1284632,56173,259722,483614,344485
3304755,São Francisco de Itabapoana,RJ,Sudeste,42214,1118.037,1184513,283619,47880,269086,387400
3304805,São Fidélis,RJ,Sudeste,38749,1034.833,845178,63650,68309,296012,334508
3304904,São Gonçalo,RJ,Sudeste,1098357,248.16,20324752,81571,2003953,8725171,7670628
3305000,São João da Barra,RJ,Sudeste,36731,452.396,9886849,59304,4636444,4061567,415544
3305109,São João de Meriti,RJ,Sudeste,473385,35.216,8963716,1480,445897,4304905,3376912
3305133,São José de Ubá,RJ,Sudeste,7240,249.688,196857,40933,8751,41903,75323
3305158,São José do Vale do Rio Preto,RJ,Sudeste,22032,220.178,744334,190494,52484,152136,207042
3305208,São Pedro da Aldeia,RJ,Sudeste,107556,332.488,2743637,41301,305668,1231133,830242
3305307,São Sebastião do Alto,RJ,Sudeste,9416,397.214,241281,42038,7674,45944,114237
3305406,Sapucaia,RJ,Sudeste,18270,540.673,1000567,43378,197879,395229,164784
3305505,Saquarema,RJ,Sudeste,91938,352.13,42178159,22407,31852883,8961974,921586
3305554,Seropédica,RJ,Sudeste,83841,265.189,4777005,18303,666094,2493579,743218
3305604,Silva Jardim,RJ,Sudeste,21775,937.755,602627,48909,91999,147441,255793
3305703,Sumidouro,RJ,Sudeste,15709,413.407,600250,197887,28707,91183,147973
3305752,Tanguá,RJ,Sudeste,34898,143.007,694534,17472,46116,250445,324058
3305802,Teresópolis,RJ,Sudeste,185820,773.338,5923899,360917,540709,2896453,1484733
3305901,Trajano de Moraes,RJ,Sudeste,10653,591.151,242013,33405,7802,57835,116037
3306008,Três Rios,RJ,Sudeste,82468,322.843,6348140,17386,2831277,1907627,743762
3306107,Valença,RJ,Sudeste,77202,1300.767,3122592,71900,1166620,980435,614179
3306156,Varre-Sai,RJ,Sudeste,11208,201.938,264149,45669,14617,56643,108067
3306206,Vassouras,RJ,Sudeste,37262,536.073,1321254,36233,222719,578649,353440
3306305,Volta Redonda,RJ,Sudeste,274925,182.105,19671203,8048,8507259,5640206,2245477
3500105,Adamantina,SP,Sudeste,35153,411.987,1370866,54224,178323,785582,228217
3500204,Adolfo,SP,Sudeste,3545,211.055,115490,22826,17783,42622,27140
3500303,Aguaí,SP,Sudeste,36981,474.554,1314737,121796,358841,437985,151740
3500402,Águas da Prata,SP,Sudeste,8262,142.673,209004,25096,25551,106279,36923
3500501,Águas de Lindóia,SP,Sudeste,18908,60.126,585604,10299,41439,372530,114951
3500550,Águas de Santa Bárbara,SP,Sudeste,6142,404.463,217296,70379,9944,82958,41021
3500600,Águas de São Pedro,SP,Sudeste,3588,3.612,147855,0,8859,98195,31515
3500709,Agudos,SP,Sudeste,37582,966.708,2638623,85373,1120495,780808,207613
3500758,Alambari,SP,Sudeste,6231,159.6,129390,35450,11403,42753,32355
3500808,Alfredo Marcondes,SP,Sudeste,4201,118.915,120355,9081,21155,35648,24617
3500907,Altair,SP,Sudeste,4211,313.007,112274,48059,5049,24150,29230
3501004,Altinópolis,SP,Sudeste,16221,928.956,833396,386045,28794,296402,82123
3501103,Alto Alegre,SP,Sudeste,4078,318.574,113585,38450,7852,34981,26680
3501152,Alumínio,SP,Sudeste,18903,83.619,3982313,1155,2236918,793351,117203
3501202,Álvares Florence,SP,Sudeste,3616,362.411,124351,60047,4640,30253,25587
3501301,Álvares Machado,SP,Sudeste,25078,347.647,709876,43126,121126,335572,111961
3501400,Álvaro de Carvalho,SP,Sudeste,5320,153.662,58586,11041,2988,19064,23332
3501509,Alvinlândia,SP,Sudeste,3251,84.879,58405,14786,3008,17208,21289
3501608,Americana,SP,Sudeste,244370,133.912,15217280,14188,4499622,7144793,1169763
3501707,Américo Brasiliense,SP,Sudeste,41545,122.958,1230444,21525,363182,506588,206818
3501806,Américo de Campos,SP,Sudeste,5993,252.876,126802,38291,3852,46795,33233
3501905,Amparo,SP,Sudeste,73145,445.323,5152156,120904,2105977,1830744,372175
3502002,Analândia,SP,Sudeste,5115,325.953,208314,46531,55495,61450,35352
3502101,Andradina,SP,Sudeste,57245,964.226,2845285,170531,808160,1295768,297746
3502200,Angatuba,SP,Sudeste,25724,1027.288,1474152,198301,508781,497926,127712
3502309,Anhembi,SP,Sudeste,6911,736.557,169558,56226,19234,44276,38944
3502408,Anhumas,SP,Sudeste,4172,320.84,105621,42784,7638,26549,25165
3502507,Aparecida,SP,Sudeste,36211,120.89,1041067,3003,39568,762869,183287
3502606,Aparecida d'Oeste,SP,Sudeste,4122,179.004,151540,27847,38504,49291,24954
3502705,Apiaí,SP,Sudeste,24081,974.322,897713,259421,190903,257956,116332
3502754,Araçariguama,SP,Sudeste,23343,145.204,4814504,1761,1504367,2112508,135830
3502804,Araçatuba,SP,Sudeste,199210,1167.126,9017953,136998,1312464,5822666,803250
3502903,Araçoiaba da Serra,SP,Sudeste,35389,255.305,1205884,29828,358401,522978,167091
3503000,Aramina,SP,Sudeste,5689,202.829,150277,27475,3774,76857,29778
3503109,Arandu,SP,Sudeste,6373,285.908,194818,92862,9502,50612,35295
3503158,Arapeí,SP,Sudeste,2452,156.903,45568,2769,1888,17210,21325
3503208,Araraquara,SP,Sudeste,240542,1003.625,11953237,124543,2194730,6924501,1257073
3503307,Araras,SP,Sudeste,136739,644.831,6942567,174529,1569122,3673554,611476
3503356,Arco-Íris,SP,Sudeste,1755,264.904,62096,28248,3646,13120,14987
3503406,Arealva,SP,Sudeste,8665,506.226,227079,66918,18061,87291,41911
3503505,Areias,SP,Sudeste,3906,305.227,58113,8334,1480,19688,26213
3503604,Areiópolis,SP,Sudeste,11186,85.907,163060,22630,12987,65258,53409
3503703,Ariranha,SP,Sudeste,9851,132.624,1136911,22473,198112,676702,52039
3503802,Artur Nogueira,SP,Sudeste,56247,178.026,1721737,207404,318941,689122,248271
3503901,Arujá,SP,Sudeste,92453,96.167,8293370,44134,1393205,4787584,456648
3503950,Aspásia,SP,Sudeste,1815,69.373,39546,10329,2056,11473,14202
3504008,Assis,SP,Sudeste,105768,460.609,4082516,56957,675200,2381901,491705
3504107,Atibaia,SP,Sudeste,145378,478.521,8361032,305860,1833696,4034661,744743
3504206,Auriflama,SP,Sudeste,15316,434.498,358544,36449,40185,189742,69482
3504305,Avaí,SP,Sudeste,5467,540.689,376094,249016,11779,71770,33327
3504404,Avanhandava,SP,Sudeste,14063,338.37,199389,38333,7236,81276,62366
3504503,Avaré,SP,Sudeste,91792,1213.055,3278922,154850,483492,1879750,428689
3504602,Bady Bassitt,SP,Sudeste,18013,110.372,551849,19643,82368,305638,92625
3504701,Balbinos,SP,Sudeste,6127,91.635,65400,16589,4811,13341,28648
3504800,Bálsamo,SP,Sudeste,9209,149.881,278642,37092,46856,122318,44543
3504909,Bananal,SP,Sudeste,11039,616.429,216018,11796,36130,93762,59069
3505005,Barão de Antonina,SP,Sudeste,3525,153.142,74956,28043,2888,21295,20522
3505104,Barbosa,SP,Sudeste,7532,205.212,109125,13933,4510,49618,34220
3505203,Bariri,SP,Sudeste,35844,444.405,1623406,88983,426105,723694,179473
3505302,Barra Bonita,SP,Sudeste,36125,150.121,1515653,20125,405061,732207,181639
3505351,Barra do Chapéu,SP,Sudeste,5794,405.681,133738,70754,4986,25568,27781
3505401,Barra do Turvo,SP,Sudeste,7606,1007.684,125821,5097,5416,60597,42934
3505500,Barretos,SP,Sudeste,123546,1566.161,5903516,251329,1315472,3146638,625248
3505609,Barrinha,SP,Sudeste,33537,146.025,624816,30338,112693,272051,165926
3505708,Barueri,SP,Sudeste,279704,65.701,58027667,464,5741034,36185003,2282410
3505807,Bastos,SP,Sudeste,20952,170.912,1067217,461928,123143,306440,110153
3505906,Batatais,SP,Sudeste,63438,849.526,2416803,200058,532695,1109479,309287
3506003,Bauru,SP,Sudeste,381706,667.684,16721368,49290,2524992,10733609,1570814
3506102,Bebedouro,SP,Sudeste,77612,683.192,4080485,117188,535906,2466710,370866
3506201,Bento de Abreu,SP,Sudeste,3028,301.687,210460,36684,77655,53273,22864
3506300,Bernardino de Campos,SP,Sudeste,11168,244.158,377950,37651,75863,169942,58597
3506359,Bertioga,SP,Sudeste,66154,491.546,2067677,8255,141039,1318462,454876
3506409,Bilac,SP,Sudeste,8197,158.025,292577,124813,10507,103764,37896
3506508,Birigui,SP,Sudeste,126094,530.031,3947388,80294,720788,2179371,547945
3506607,Biritiba Mirim,SP,Sudeste,33265,317.406,971016,471704,46493,280353,132717
3506706,Boa Esperança do Sul,SP,Sudeste,15111,690.748,380753,98617,33977,144514,77747
3506805,Bocaina,SP,Sudeste,12571,363.926,281964,43686,33096,111188,71175
3506904,Bofete,SP,Sudeste,12107,653.541,212434,33004,24085,84053,57486
3507001,Boituva,SP,Sudeste,63310,248.954,3393229,29902,1115746,1412349,331521
3507100,Bom Jesus dos Perdões,SP,Sudeste,26506,108.366,1463036,14056,575826,524791,114518
3507159,Bom Sucesso de Itararé,SP,Sudeste,4013,133.578,63857,5369,12078,19548,23249
3507209,Borá,SP,Sudeste,839,118.951,74195,13496,23467,19788,11529
3507308,Boracéia,SP,Sudeste,4913,122.11,519153,25545,193575,204730,28494
3507407,Borborema,SP,Sudeste,16278,552.256,518182,115709,37148,242452,81904
3507456,Borebi,SP,Sudeste,2713,347.989,73943,22762,3666,20404,22310
3507506,Botucatu,SP,Sudeste,149718,1482.642,5979359,165588,1498003,3160156,550504
3507605,Bragança Paulista,SP,Sudeste,172346,512.584,7954300,99838,1987758,3946314,748676
3507704,Braúna,SP,Sudeste,5795,195.176,120687,36631,6689,43389,29033
3507753,Brejo Alegre,SP,Sudeste,2911,105.689,75675,22315,3599,24671,20678
3507803,Brodowski,SP,Sudeste,25605,278.458,894831,93166,147133,414074,134494
3507902,Brotas,SP,Sudeste,24862,1101.373,1123987,109573,280080,482125,131687
3508009,Buri,SP,Sudeste,20050,1196.463,684130,225588,54819,250756,99504
3508108,Buritama,SP,Sudeste,17414,326.921,627565,72979,155317,274828,82494
3508207,Buritizal,SP,Sudeste,4547,266.42,244488,39268,119329,42011,32877
3508306,Cabrália Paulista,SP,Sudeste,4222,239.974,102882,25609,17341,29702,25046
3508405,Cabreúva,SP,Sudeste,51130,260.234,5961333,35186,1863557,2651030,282544
3508504,Caçapava,SP,Sudeste,95752,368.99,5214553,23144,1890323,2018774,430222
3508603,Cachoeira Paulista,SP,Sudeste,33827,287.99,673632,19887,54497,405443,156848
3508702,Caconde,SP,Sudeste,19031,468.214,574395,249083,33499,185526,83831
3508801,Cafelândia,SP,Sudeste,17917,920.28,682544,107405,170241,243593,89668
3508900,Caiabu,SP,Sudeste,4195,253.352,69806,19485,3833,20301,24116
3509007,Caieiras,SP,Sudeste,104044,97.642,4858858,4924,1735181,1894173,455745
3509106,Caiuá,SP,Sudeste,6017,551.159,96255,31770,2736,23349,34465
3509205,Cajamar,SP,Sudeste,79034,131.386,22713160,277,2955319,14021896,497560
3509254,Cajati,SP,Sudeste,28441,454.436,1755226,186075,621421,425561,148903
3509304,Cajobi,SP,Sudeste,10649,176.929,170916,23625,8703,75926,52076
3509403,Cajuru,SP,Sudeste,26613,660.088,761749,145198,127358,285865,131125
3509452,Campina do Monte Alegre,SP,Sudeste,6088,184.479,151087,34383,15552,57611,33231
3509502,Campinas,SP,Sudeste,1223237,794.571,72946910,170417,11136730,42630096,5182393
3509601,Campo Limpo Paulista,SP,Sudeste,86407,79.403,2530950,10544,737110,1038526,364156
3509700,Campos do Jordão,SP,Sudeste,52713,289.981,1449808,5938,131449,930239,267718
3509809,Campos Novos Paulista,SP,Sudeste,5028,484.199,194705,82321,13826,58714,29105
3509908,Cananéia,SP,Sudeste,12542,1237.354,264410,38791,17594,119982,73959
3509957,Canas,SP,Sudeste,5268,53.261,130060,2281,19678,63844,31054
3510005,Cândido Mota,SP,Sudeste,31410,595.811,1518347,116464,229212,832949,133278
3510104,Cândido Rodrigues,SP,Sudeste,2805,70.892,107108,32513,12621,36235,17585
3510153,Canitar,SP,Sudeste,5365,57.459,164319,8454,62469,47862,30589
3510203,Capão Bonito,SP,Sudeste,47098,1640.229,1269097,288352,118234,550333,226305
3510302,Capela do Alto,SP,Sudeste,21257,169.89,392354,43696,40582,172142,106831
3510401,Capivari,SP,Sudeste,56973,322.878,2990810,60898,1045163,1086429,297785
3510500,Caraguatatuba,SP,Sudeste,125194,484.947,4532236,14037,976219,2522465,721398
3510609,Carapicuíba,SP,Sudeste,405375,34.546,6854706,332,911393,3961459,1330519
3510708,Cardoso,SP,Sudeste,12371,639.248,321120,81696,16170,141886,66213
3510807,Casa Branca,SP,Sudeste,30655,864.225,1179142,264214,131201,508921,149670
3510906,Cássia dos Coqueiros,SP,Sudeste,2488,191.683,293111,218853,8449,40743,20775
3511003,Castilho,SP,Sudeste,21521,1065.318,1388287,111293,532894,471493,124161
3511102,Catanduva,SP,Sudeste,123114,290.596,5218361,53856,910267,3239255,506725
3511201,Catiguá,SP,Sudeste,7905,148.393,152902,22123,12343,72451,35461
3511300,Cedral,SP,Sudeste,9452,197.838,533104,37046,172293,187027,54599
3511409,Cerqueira César,SP,Sudeste,20391,511.621,956914,107439,239460,417798,93132
3511508,Cerquilho,SP,Sudeste,50631,127.803,2343906,75194,742604,931036,215222
3511607,Cesário Lange,SP,Sudeste,18595,190.392,740569,62225,88445,445274,90871
3511706,Charqueada,SP,Sudeste,17539,175.846,515123,21621,174764,187873,74413
3511904,Clementina,SP,Sudeste,8894,168.59,186411,29695,23717,77579,42158
3512001,Colina,SP,Sudeste,18601,422.303,1541673,81769,459503,687097,112414
3512100,Colômbia,SP,Sudeste,6223,728.648,373219,113625,80644,94803,53139
3512209,Conchal,SP,Sudeste,28491,182.793,859274,46362,238864,349404,126419
3512308,Conchas,SP,Sudeste,18138,466.12,432993,86115,32691,188776,93455
3512407,Cordeirópolis,SP,Sudeste,25116,137.579,4107826,60274,1298662,1915958,197079
3512506,Coroados,SP,Sudeste,6197,246.825,218777,63908,37005,68662,30611
3512605,Coronel Macedo,SP,Sudeste,4591,303.83,141158,65679,10819,31399,28508
3512704,Corumbataí,SP,Sudeste,4072,278.622,345026,38854,19008,200435,31663
3512803,Cosmópolis,SP,Sudeste,74662,154.665,2109640,26685,652549,827086,332129
3512902,Cosmorama,SP,Sudeste,7289,441.68,506809,86573,139845,145773,41588
3513009,Cotia,SP,Sudeste,257882,323.994,16114165,31268,3684979,7573010,1172265
3513108,Cravinhos,SP,Sudeste,35858,311.423,1753137,65545,463804,745529,165771
3513207,Cristais Paulista,SP,Sudeste,8803,385.23,346566,154883,23524,107863,43540
3513306,Cruzália,SP,Sudeste,2021,149.33,137664,23110,5099,76366,17066
3513405,Cruzeiro,SP,Sudeste,82895,305.699,3182373,12250,964748,1342170,358803
3513504,Cubatão,SP,Sudeste,132521,142.879,21946472,1326,12465420,5836352,796868
3513603,Cunha,SP,Sudeste,21373,1407.25,326362,46491,15696,150424,98788
3513702,Descalvado,SP,Sudeste,34097,753.706,2081162,154764,606766,817834,176025
3513801,Diadema,SP,Sudeste,429550,30.732,18484356,1127,5202147,7914094,1829678
3513850,Dirce Reis,SP,Sudeste,1805,88.133,69827,9390,21194,18684,13521
3513900,Divinolândia,SP,Sudeste,11027,223.749,491457,164414,18571,232712,51369
3514007,Dobrada,SP,Sudeste,9088,149.729,138927,15061,20856,47907,42455
3514106,Dois Córregos,SP,Sudeste,27704,632.972,835299,111840,150387,343848,124246
3514205,Dolcinópolis,SP,Sudeste,2108,77.939,58947,17234,2883,20072,16784
3514304,Dourado,SP,Sudeste,8883,205.874,802299,28553,314883,231734,49515
3514403,Dracena,SP,Sudeste,47287,487.688,1444978,53746,200348,865880,194978
3514502,Duartina,SP,Sudeste,12421,264.557,252626,16211,27923,130967,60937
3514601,Dumont,SP,Sudeste,10174,111.376,342332,29209,58644,154248,50165
3514700,Echaporã,SP,Sudeste,6026,515.258,152432,34664,7771,66840,32687
3514809,Eldorado,SP,Sudeste,15592,1654.256,329349,146214,12951,86045,74408
3514908,Elias Fausto,SP,Sudeste,18095,202.36,1004655,101619,371413,300563,96499
3514924,Elisiário,SP,Sudeste,3742,93.98,76051,15320,2723,29479,24235
3514957,Embaúba,SP,Sudeste,2446,83.129,57200,11552,6254,19027,18326
3515004,Embu das Artes,SP,Sudeste,279264,70.398,14314754,398,1790456,8506889,1099632
3515103,Embu-Guaçu,SP,Sudeste,70402,155.641,1456125,2757,279477,590363,317596
3515129,Emilianópolis,SP,Sudeste,3238,225.167,79175,25691,5697,22515,22580
3515152,Engenheiro Coelho,SP,Sudeste,21712,109.941,661053,48388,130542,301600,96103
3515186,Espírito Santo do Pinhal,SP,Sudeste,44607,389.235,2065824,174806,570661,907643,186865
3515194,Espírito Santo do Turvo,SP,Sudeste,4926,193.666,91772,24141,4028,30170,28651
3515202,Estrela d'Oeste,SP,Sudeste,8420,296.281,753257,47013,322399,252574,40625
3515301,Estrela do Norte,SP,Sudeste,2774,264.987,62446,19268,2896,16302,20415
3515350,Euclides da Cunha Paulista,SP,Sudeste,9280,573.894,136498,35912,6392,42976,45991
3515400,Fartura,SP,Sudeste,16102,429.171,473712,97585,53954,214082,77778
3515509,Fernandópolis,SP,Sudeste,69680,549.797,2468766,83864,383335,1461340,321908
3515608,Fernando Prestes,SP,Sudeste,5805,169.99,205594,61991,25277,70717,33581
3515657,Fernão,SP,Sudeste,1739,100.504,80954,36213,3402,23174,14526
3515707,Ferraz de Vasconcelos,SP,Sudeste,198661,29.547,4740673,3345,1554619,1877666,721054
3515806,Flora Rica,SP,Sudeste,1397,224.711,42156,16115,1696,10249,13062
3515905,Floreal,SP,Sudeste,2884,204.236,81886,29772,4783,24274,19889
3516002,Flórida Paulista,SP,Sudeste,14936,524.138,264841,53192,26834,103219,68907
3516101,Florínea,SP,Sudeste,2631,225.886,171949,35659,4960,89443,22459
3516200,Franca,SP,Sudeste,358539,605.679,11276086,159929,1608561,6913824,1438921
3516309,Francisco Morato,SP,Sudeste,179372,49.001,1872467,658,127499,988959,658442
3516408,Franco da Rocha,SP,Sudeste,158438,132.775,4297871,4528,1336799,1871368,607769
3516507,Gabriel Monteiro,SP,Sudeste,2776,138.681,93705,28443,16276,26511,18158
3516606,Gália,SP,Sudeste,6419,355.914,172719,50283,11686,67200,33852
3516705,Garça,SP,Sudeste,44429,555.807,1725228,123187,217931,1045773,186023
3516804,Gastão Vidigal,SP,Sudeste,4911,180.569,85828,21817,4534,31817,23337
3516853,Gavião Peixoto,SP,Sudeste,4841,243.766,1184185,47792,739454,197164,39176
3516903,General Salgado,SP,Sudeste,10855,494.376,275099,55734,12628,135424,53622
3517000,Getulina,SP,Sudeste,11485,676.755,215988,74848,6036,73131,53761
3517109,Glicério,SP,Sudeste,4842,272.8,125314,32201,17461,39802,29046
3517208,Guaiçara,SP,Sudeste,12416,277.154,232241,28038,32268,83097,57416
3517307,Guaimbê,SP,Sudeste,5806,217.811,442962,26372,349668,33409,25930
3517406,Guaíra,SP,Sudeste,41283,1258.465,2704845,262395,911598,1011424,223190
3517505,Guapiaçu,SP,Sudeste,22087,325.126,896415,68217,284894,343740,94570
3517604,Guapiara,SP,Sudeste,16896,408.292,439112,186970,50976,97990,86038
3517703,Guará,SP,Sudeste,21394,362.183,618205,54094,101737,298764,114425
3517802,Guaraçaí,SP,Sudeste,8258,569.197,326572,151153,14884,99409,47542
3517901,Guaraci,SP,Sudeste,11382,641.501,375453,89255,74478,110723,62793
3518008,Guarani d'Oeste,SP,Sudeste,1996,85.7,37040,6343,2917,11396,14944
3518107,Guarantã,SP,Sudeste,6685,461.746,196319,64116,22446,60246,36298
3518206,Guararapes,SP,Sudeste,33257,955.637,1199678,234719,231377,483627,152933
3518305,Guararema,SP,Sudeste,30465,270.816,1546741,50979,370827,751162,149826
3518404,Guaratinguetá,SP,Sudeste,123192,752.636,7877882,49627,2657654,3075538,538108
3518503,Guareí,SP,Sudeste,19244,567.884,313681,74506,52385,83287,82014
3518602,Guariba,SP,Sudeste,40857,270.289,1135134,68504,250885,512978,185248
3518701,Guarujá,SP,Sudeste,324977,144.794,10494252,50432,1150370,5976188,1737252
3518800,Guarulhos,SP,Sudeste,1404694,318.675,77376425,57763,17040800,40037133,5882058
3518859,Guatapará,SP,Sudeste,7760,413.567,245363,87619,13971,74248,51313
3518909,Guzolândia,SP,Sudeste,5346,252.477,93585,23193,5722,31713,29313
3519006,Herculândia,SP,Sudeste,9649,364.252,355955,87683,73606,118034,46026
3519055,Holambra,SP,Sudeste,15605,65.577,1463401,509243,228722,498746,83857
3519071,Hortolândia,SP,Sudeste,237570,62.416,18377822,1575,5178931,8314851,1088112
3519105,Iacanga,SP,Sudeste,12002,547.393,658010,73945,48279,379965,63165
3519204,Iacri,SP,Sudeste,6269,321.948,316795,99988,27681,127935,30835
3519253,Iaras,SP,Sudeste,9786,401.381,168922,42584,10675,56934,46905
3519303,Ibaté,SP,Sudeste,35830,290.978,1159253,50894,407365,422490,155998
3519402,Ibirá,SP,Sudeste,12639,271.912,318126,48698,62072,126892,61802
3519501,Ibirarema,SP,Sudeste,7926,228.23,244614,40776,28915,109953,36499
3519600,Ibitinga,SP,Sudeste,61150,689.391,1965223,103104,407690,994119,262816
3519709,Ibiúna,SP,Sudeste,80062,1058.082,2370586,457846,391626,904427,376555
3519808,Icém,SP,Sudeste,8363,362.355,209289,30442,46755,74124,50869
3519907,Iepê,SP,Sudeste,8228,594.974,434356,83573,13880,222618,52062
3520004,Igaraçu do Tietê,SP,Sudeste,24821,97.747,381185,15880,23366,202870,104423
3520103,Igarapava,SP,Sudeste,30791,468.355,1299637,58078,163275,780396,129817
3520202,Igaratá,SP,Sudeste,9631,292.953,240165,2694,24559,128600,55879
3520301,Iguape,SP,Sudeste,31117,1978.795,1588620,102580,800549,497573,158331
3520400,Ilhabela,SP,Sudeste,36194,346.389,13956618,4355,9689118,3816794,311820
3520426,Ilha Comprida,SP,Sudeste,11552,196.567,1363561,5569,847860,397962,96873
3520442,Ilha Solteira,SP,Sudeste,26886,652.641,706075,73083,39868,408260,142701
3520509,Indaiatuba,SP,Sudeste,260690,311.545,22817117,46619,6772161,9716239,1241521
3520608,Indiana,SP,Sudeste,4873,129.367,86968,18006,3922,33370,27571
3520707,Indiaporã,SP,Sudeste,3876,279.606,111103,27338,5860,48192,24647
3520806,Inúbia Paulista,SP,Sudeste,4045,87.119,136681,9788,7680,81554,22846
3520905,Ipaussu,SP,Sudeste,15165,209.554,499099,37048,123713,210478,76944
3521002,Iperó,SP,Sudeste,38771,170.289,969694,21813,308393,333670,168088
3521101,Ipeúna,SP,Sudeste,7824,190.01,947912,24395,486814,272643,42255
3521150,Ipiguá,SP,Sudeste,5557,136.028,124259,19588,24359,39831,26171
3521200,Iporanga,SP,Sudeste,4180,1152.059,63459,7279,2987,22229,28851
3521309,Ipuã,SP,Sudeste,16794,466.461,442715,75494,40963,203007,90860
3521408,Iracemápolis,SP,Sudeste,24982,115.118,2127925,22556,714975,749839,122990
3521507,Irapuã,SP,Sudeste,8101,257.612,186223,73484,9689,59247,36458
3521606,Irapuru,SP,Sudeste,8356,214.461,109595,21816,2638,44503,35734
3521705,Itaberá,SP,Sudeste,17405,1100.247,1016119,304163,34938,485006,91961
3521804,Itaí,SP,Sudeste,27632,1092.884,924897,301407,68360,347177,126863
3521903,Itajobi,SP,Sudeste,15331,502.066,935220,195825,238575,333653,79969
3522000,Itaju,SP,Sudeste,3937,230.355,232257,45851,79572,59661,23865
3522109,Itanhaém,SP,Sudeste,104351,601.711,2369275,65653,159891,1451542,542815
3522158,Itaoca,SP,Sudeste,3332,183.015,53345,9352,6908,15328,19520
3522208,Itapecerica da Serra,SP,Sudeste,179574,150.742,4909299,26749,767377,2720394,725529
3522307,Itapetininga,SP,Sudeste,167106,1789.35,6359723,411250,1394943,3095971,685169
3522406,Itapeva,SP,Sudeste,95241,1826.258,3788992,991509,477193,1560790,431701
3522505,Itapevi,SP,Sudeste,244131,82.658,12854995,365,1967818,7477096,1016204
3522604,Itapira,SP,Sudeste,75683,518.416,4756331,76929,1922953,1743951,353902
3522653,Itapirapuã Paulista,SP,Sudeste,4294,406.478,52590,3029,2864,19854,24442
3522703,Itápolis,SP,Sudeste,43536,996.747,1630820,157620,315905,784293,202193
3522802,Itaporanga,SP,Sudeste,15197,507.997,305514,65059,12970,142141,69996
3522901,Itapuí,SP,Sudeste,14297,140.023,1003729,23468,300837,466055,65153
3523008,Itapura,SP,Sudeste,4994,301.653,104628,35615,4325,30535,29815
3523107,Itaquaquecetuba,SP,Sudeste,379082,82.622,9519618,15806,2351746,4428778,1324841
3523206,Itararé,SP,Sudeste,50778,1003.86,1182424,172774,118453,580730,218485
3523305,Itariri,SP,Sudeste,17754,273.667,438980,109347,13139,204462,76866
3523404,Itatiba,SP,Sudeste,124254,322.269,8245498,840130,2385198,2904493,612782
3523503,Itatinga,SP,Sudeste,21139,979.817,396660,47196,58662,162823,93133
3523602,Itirapina,SP,Sudeste,18610,564.603,1273184,97283,257540,382848,106990
3523701,Itirapuã,SP,Sudeste,6587,161.118,161835,73243,9458,41938,32246
3523800,Itobi,SP,Sudeste,7862,138.986,198366,65156,17153,71342,33121
3523909,Itu,SP,Sudeste,177150,640.719,10540813,61728,2778956,4851516,785616
3524006,Itupeva,SP,Sudeste,64330,200.876,8423279,90568,2380932,3601853,413889
3524105,Ituverava,SP,Sudeste,42259,704.659,1907193,124876,500865,801007,191840
3524204,Jaborandi,SP,Sudeste,6963,273.438,153278,53492,8042,49076,36614
3524303,Jaboticabal,SP,Sudeste,78029,706.602,3601183,247870,697109,1831273,389442
3524402,Jacareí,SP,Sudeste,237119,464.272,16080494,38512,5091966,6611049,954072
3524501,Jaci,SP,Sudeste,7322,145.133,676808,32380,290063,221721,37441
3524600,Jacupiranga,SP,Sudeste,17911,704.189,531089,122649,30011,253282,86629
3524709,Jaguariúna,SP,Sudeste,59921,141.391,13981302,20780,3759803,6870415,379153
3524808,Jales,SP,Sudeste,49291,368.574,1982125,88022,355473,1139428,219013
3524907,Jambeiro,SP,Sudeste,6828,184.413,352904,12071,112581,96688,38486
3525003,Jandira,SP,Sudeste,127734,17.449,4908360,729,1244035,2246180,552277
3525102,Jardinópolis,SP,Sudeste,45544,501.87,1580760,100311,227269,825790,239951
3525201,Jarinu,SP,Sudeste,31173,207.549,2997400,55015,565117,1683142,192492
3525300,Jaú,SP,Sudeste,153463,687.103,5582395,125735,878277,3302758,644925
3525409,Jeriquara,SP,Sudeste,3143,141.971,168937,97913,9837,34950,21197
3525508,Joanópolis,SP,Sudeste,13453,374.293,261558,25636,13741,141279,63362
3525607,João Ramalho,SP,Sudeste,4577,415.452,148675,84115,2977,33337,23600
3525706,José Bonifácio,SP,Sudeste,37707,860.2,1381751,166491,272610,626318,194283
3525805,Júlio Mesquita,SP,Sudeste,4824,128.183,58843,9939,1691,20852,23465
3525854,Jumirim,SP,Sudeste,3467,56.685,214000,18362,86777,55533,20608
3525904,Jundiaí,SP,Sudeste,426935,431.204,57670893,185537,11700444,29583739,2239148
3526001,Junqueirópolis,SP,Sudeste,20978,582.565,807879,73463,177595,380558,98821
3526100,Juquiá,SP,Sudeste,18627,812.799,366459,89324,21741,148762,86908
3526209,Juquitiba,SP,Sudeste,31844,522.169,573997,1253,78290,306245,134190
3526308,Lagoinha,SP,Sudeste,4882,255.472,73967,11329,3548,30228,25594
3526407,Laranjal Paulista,SP,Sudeste,29047,384.274,1411101,40154,509863,502219,146192
3526506,Lavínia,SP,Sudeste,12581,537.675,184896,69549,4259,50633,52776
3526605,Lavrinhas,SP,Sudeste,7361,167.067,133317,5804,22491,50203,39865
3526704,Leme,SP,Sudeste,105273,402.871,4101867,111182,983962,1929159,459955
3526803,Lençóis Paulista,SP,Sudeste,69533,809.541,4924228,97655,1872223,1952287,327596
3526902,Limeira,SP,Sudeste,310783,580.711,16060739,113031,4846074,7194793,1324329
3527009,Lindóia,SP,Sudeste,8201,48.756,246179,9519,76443,91645,43819
3527108,Lins,SP,Sudeste,78978,570.058,6763890,70627,3089441,2421186,300941
3527207,Lorena,SP,Sudeste,89532,414.16,3876663,18506,1316996,1702224,368780
3527256,Lourdes,SP,Sudeste,2311,113.94,43489,8581,1980,14230,17221
3527306,Louveira,SP,Sudeste,51007,55.738,19677151,37359,5764020,9636001,326980
3527405,Lucélia,SP,Sudeste,22022,314.81,584271,35246,142852,243594,104869
3527504,Lucianópolis,SP,Sudeste,2412,189.536,70465,26831,2954,19569,18427
3527603,Luís Antônio,SP,Sudeste,15628,598.257,1556607,90672,872248,332391,97912
3527702,Luiziânia,SP,Sudeste,5918,166.576,93809,25156,4672,32077,28993
3527801,Lupércio,SP,Sudeste,4608,155.171,98337,19870,15264,32157,25570
3527900,Lutécia,SP,Sudeste,2623,475.226,101173,50511,6704,21321,19555
3528007,Macatuba,SP,Sudeste,17263,224.514,643783,33950,82703,364670,79430
3528106,Macaubal,SP,Sudeste,8174,248.087,196952,55945,8254,85914,35700
3528205,Macedônia,SP,Sudeste,3686,327.567,90931,31397,6712,25017,24948
3528304,Magda,SP,Sudeste,3086,312.282,104128,39341,5487,34184,20300
3528403,Mairinque,SP,Sudeste,47723,210.149,2695116,22658,990051,989066,250617
3528502,Mairiporã,SP,Sudeste,103645,320.697,2288092,1027,439959,1139823,405640
3528601,Manduri,SP,Sudeste,9972,229.046,291908,69510,38517,109165,46613
3528700,Marabá Paulista,SP,Sudeste,6039,919.519,157011,82795,5129,28518,36866
3528809,Maracaí,SP,Sudeste,14069,533.498,517398,81317,67439,245176,74800
3528858,Marapoama,SP,Sudeste,3097,111.267,119694,37043,12996,37276,23402
3528908,Mariápolis,SP,Sudeste,4098,186.544,76482,29657,3687,20335,21020
3529005,Marília,SP,Sudeste,242249,1170.515,9756006,93385,1380458,6118707,1057288
3529104,Marinópolis,SP,Sudeste,2101,77.827,40067,9335,2086,13107,14130
3529203,Martinópolis,SP,Sudeste,26791,1253.564,754950,169681,87075,310024,133106
3529302,Matão,SP,Sudeste,84069,524.899,5356571,75388,2091849,2049721,349245
3529401,Mauá,SP,Sudeste,481725,61.937,20776213,22,7756772,7936388,1810087
3529500,Mendonça,SP,Sudeste,5638,195.151,374785,22400,121950,149490,36116
3529609,Meridiano,SP,Sudeste,3813,228.199,393842,40164,168841,116133,27333
3529658,Mesópolis,SP,Sudeste,1903,148.636,81615,43034,3124,16358,15979
3529708,Miguelópolis,SP,Sudeste,22480,820.849,1016137,198446,442258,230862,117465
3529807,Mineiros do Tietê,SP,Sudeste,13023,213.242,226257,31033,36451,81089,58852
3529906,Miracatu,SP,Sudeste,19511,1001.484,456953,66972,27338,232068,95529
3530003,Mira Estrela,SP,Sudeste,3125,216.825,70362,16878,5057,24737,21136
3530102,Mirandópolis,SP,Sudeste,29844,917.694,738742,153563,95680,310448,121764
3530201,Mirante do Paranapanema,SP,Sudeste,18415,1238.931,606917,136704,155339,174757,87262
3530300,Mirassol,SP,Sudeste,60768,243.228,2660334,47868,695647,1293727,276932
3530409,Mirassolândia,SP,Sudeste,4966,166.125,213295,76241,44075,51177,26523
3530508,Mococa,SP,Sudeste,69072,855.156,3043692,216965,752041,1389338,320873
3530607,Mogi das Cruzes,SP,Sudeste,455587,712.541,19604517,538094,4765447,9446543,1881376
3530706,Mogi Guaçu,SP,Sudeste,154146,812.753,6865386,269942,1916750,3010575,719541
3530805,Mogi Mirim,SP,Sudeste,94098,497.708,6313564,215753,1540840,2918109,544512
3530904,Mombuca,SP,Sudeste,3523,133.698,124517,24900,30102,35638,25990
3531001,Monções,SP,Sudeste,2274,104.352,58262,8346,6711,19728,18772
3531100,Mongaguá,SP,Sudeste,58567,142.755,1254605,6363,139857,717173,315588
3531209,Monte Alegre do Sul,SP,Sudeste,8181,110.308,252218,64320,22128,95326,43868
3531308,Monte Alto,SP,Sudeste,51039,346.95,2435240,259965,623780,1018819,228706
3531407,Monte Aprazível,SP,Sudeste,25651,495.559,766600,89783,167344,325577,119769
3531506,Monte Azul Paulista,SP,Sudeste,18928,263.462,639162,48168,53560,370223,99278
3531605,Monte Castelo,SP,Sudeste,4166,233.547,128088,45650,4061,49311,23246
3531704,Monteiro Lobato,SP,Sudeste,4739,332.742,83030,4867,10007,36350,24468
3531803,Monte Mor,SP,Sudeste,61707,240.566,4317764,88147,2105531,1150538,292570
3531902,Morro Agudo,SP,Sudeste,33598,1388.127,1225918,191536,293312,471700,161933
3532009,Morungaba,SP,Sudeste,13936,146.752,633324,27004,256012,186842,67704
3532058,Motuca,SP,Sudeste,4831,228.7,120696,36174,14866,36680,26838
3532108,Murutinga do Sul,SP,Sudeste,4525,250.873,88027,26037,2087,28329,28301
3532157,Nantes,SP,Sudeste,3215,286.647,142301,36996,2574,65533,24665
3532207,Narandiba,SP,Sudeste,4950,357.325,639076,36388,301694,176032,41936
3532306,Natividade da Serra,SP,Sudeste,6624,833.372,93391,14285,2821,35587,36723
3532405,Nazaré Paulista,SP,Sudeste,18866,326.254,465371,25910,87914,204047,94918
3532504,Neves Paulista,SP,Sudeste,8917,219.05,276248,36597,48015,123245,37968
3532603,Nhandeara,SP,Sudeste,11575,436.159,367777,62082,49514,170199,60295
3532702,Nipoã,SP,Sudeste,5381,137.609,95892,20240,7473,36311,26339
3532801,Nova Aliança,SP,Sudeste,7161,217.515,325933,37295,70222,156229,37123
3532827,Nova Campina,SP,Sudeste,9962,385.375,221079,22836,33544,47654,50738
3532843,Nova Canaã Paulista,SP,Sudeste,1824,124.473,46305,16904,2219,11891,13932
3532868,Nova Castilho,SP,Sudeste,1290,183.396,60665,31262,1548,11558,14844
3532900,Nova Europa,SP,Sudeste,11519,160.25,377461,22829,131314,124500,63485
3533007,Nova Granada,SP,Sudeste,21871,531.796,512829,104378,34425,246278,92661
3533106,Nova Guataporanga,SP,Sudeste,2333,34.158,36775,3230,1933,14554,15589
3533205,Nova Independência,SP,Sudeste,4135,265.029,213155,26718,82276,54787,32069
3533254,Novais,SP,Sudeste,6057,117.772,78660,16046,2315,27496,29897
3533304,Nova Luzitânia,SP,Sudeste,4217,73.816,60214,10946,2797,22924,21768
3533403,Nova Odessa,SP,Sudeste,61716,73.788,4020494,11172,1199729,1791037,316938
3533502,Novo Horizonte,SP,Sudeste,41765,931.743,1585955,158113,173155,883339,189013
3533601,Nuporanga,SP,Sudeste,7522,348.265,868092,76783,323152,317397,46170
3533700,Ocauçu,SP,Sudeste,4294,301.036,141366,57667,8463,42198,26862
3533809,Óleo,SP,Sudeste,2447,198.938,128272,82106,5391,20952,17363
3533908,Olímpia,SP,Sudeste,55477,802.555,2551145,117751,648286,1232950,265225
3534005,Onda Verde,SP,Sudeste,4462,242.946,205636,43061,22136,95643,27361
3534104,Oriente,SP,Sudeste,6569,218.668,129763,16499,13730,48833,31892
3534203,Orindiúva,SP,Sudeste,7318,247.378,640841,40120,247543,222996,41990
3534302,Orlândia,SP,Sudeste,44682,291.765,2579406,47662,974742,1017693,208564
3534401,Osasco,SP,Sudeste,701428,64.954,86111260,1392,4963982,58664576,3286923
3534500,Oscar Bressane,SP,Sudeste,2603,222.13,112882,42618,13757,32686,18510
3534609,Osvaldo Cruz,SP,Sudeste,33118,248.038,1087490,41704,266871,525323,131803
3534708,Ourinhos,SP,Sudeste,115139,295.818,3961571,53262,579224,2399698,520560
3534757,Ouroeste,SP,Sudeste,10712,288.648,548740,44082,191543,184148,77161
3534807,Ouro Verde,SP,Sudeste,8676,266.778,134986,31819,4093,50971,43104
3534906,Pacaembu,SP,Sudeste,14326,339.375,217695,36833,5200,100087,64972
3535002,Palestina,SP,Sudeste,13285,697.701,420420,100213,96730,129659,62550
3535101,Palmares Paulista,SP,Sudeste,13691,82.125,136419,11180,7223,59053,53013
3535200,Palmeira d'Oeste,SP,Sudeste,9173,318.74,215050,60535,12976,94050,38115
3535309,Palmital,SP,Sudeste,22322,548.407,900627,110010,109062,449960,111512
3535408,Panorama,SP,Sudeste,15944,356.05,317826,43883,23744,156405,75871
3535507,Paraguaçu Paulista,SP,Sudeste,46180,1001.492,1801748,117848,433251,854089,208125
3535606,Paraibuna,SP,Sudeste,18302,809.576,352398,14029,89623,134367,89640
3535705,Paraíso,SP,Sudeste,6536,155.186,275313,37033,87835,81044,34065
3535804,Paranapanema,SP,Sudeste,20588,1018.724,945145,243679,37732,456222,111472
3535903,Paranapuã,SP,Sudeste,4112,140.354,133065,57980,6059,41222,22122
3536000,Parapuã,SP,Sudeste,10934,366.664,741786,113240,229654,267073,52483
3536109,Pardinho,SP,Sudeste,6579,209.894,368271,33737,78986,177619,43416
3536208,Pariquera-Açu,SP,Sudeste,19797,359.414,586024,73700,37303,340428,86011
3536257,Parisi,SP,Sudeste,2177,84.737,53620,15227,1575,17337,17529
3536307,Patrocínio Paulista,SP,Sudeste,14941,602.848,1360809,394528,386103,366421,72400
3536406,Paulicéia,SP,Sudeste,7540,374.091,200145,32861,24657,87541,44687
3536505,Paulínia,SP,Sudeste,114508,138.777,52389437,18367,26746711,16124529,1228456
3536570,Paulistânia,SP,Sudeste,1835,256.178,48637,13961,1865,11916,17867
3536604,Paulo de Faria,SP,Sudeste,8973,737.986,269675,126868,11172,75107,46505
3536703,Pederneiras,SP,Sudeste,47523,727.482,3066261,116145,1125487,1031295,212007
3536802,Pedra Bela,SP,Sudeste,6127,158.587,118076,24264,6355,47984,32550
3536901,Pedranópolis,SP,Sudeste,2468,260.101,79887,33441,3677,19568,19843
3537008,Pedregulho,SP,Sudeste,16876,712.604,1731364,589566,651483,355373,78726
3537107,Pedreira,SP,Sudeste,48992,108.817,1502008,10275,356878,685061,226702
3537156,Pedrinhas Paulista,SP,Sudeste,3109,152.309,176652,21799,18484,96780,21954
3537206,Pedro de Toledo,SP,Sudeste,11507,670.44,178609,32676,8576,73921,53938
3537305,Penápolis,SP,Sudeste,64098,711.315,2082458,96863,299214,1174013,314785
3537404,Pereira Barreto,SP,Sudeste,25685,974.247,1087485,115617,87880,631252,130849
3537503,Pereiras,SP,Sudeste,8875,223.136,317964,36558,106160,96904,45466
3537602,Peruíbe,SP,Sudeste,69697,326.216,1966247,28423,433603,1045157,360440
3537701,Piacatu,SP,Sudeste,6093,232.488,119025,32846,5451,45596,30153
3537800,Piedade,SP,Sudeste,55731,746.868,1597083,475444,167587,622008,208790
3537909,Pilar do Sul,SP,Sudeste,29612,681.248,1276180,139941,48206,795121,131488
3538006,Pindamonhangaba,SP,Sudeste,171885,731.355,13742498,43052,6276328,4231575,775304
3538105,Pindorama,SP,Sudeste,17378,184.825,498801,32396,139678,197579,80182
3538204,Pinhalzinho,SP,Sudeste,15564,154.529,314651,54127,31328,139613,64723
3538303,Piquerobi,SP,Sudeste,3706,482.769,67093,16622,3845,20308,23239
3538501,Piquete,SP,Sudeste,13495,175.996,197854,4666,36176,90118,54603
3538600,Piracaia,SP,Sudeste,27617,385.568,661696,34500,104962,329291,119740
3538709,Piracicaba,SP,Sudeste,410275,1378.069,34555724,168946,9974330,14606755,1922644
3538808,Piraju,SP,Sudeste,29930,504.591,926203,91330,126490,496910,140956
3538907,Pirajuí,SP,Sudeste,25939,823.758,540058,88930,37446,269193,109070
3539004,Pirangi,SP,Sudeste,11524,215.809,364798,47357,73599,160335,52154
3539103,Pirapora do Bom Jesus,SP,Sudeste,19453,108.489,826672,232,358647,286915,104029
3539202,Pirapozinho,SP,Sudeste,27974,477.673,927781,34318,285286,371560,126887
3539301,Pirassununga,SP,Sudeste,77330,727.118,3312332,128540,592377,1720941,387142
3539400,Piratininga,SP,Sudeste,13890,402.409,278467,35313,22353,141605,58754
3539509,Pitangueiras,SP,Sudeste,40430,430.638,1389561,97629,240280,715107,177310
3539608,Planalto,SP,Sudeste,5370,289.825,193762,44813,44986,50656,36094
3539707,Platina,SP,Sudeste,3606,327.48,120019,44724,13438,25511,24422
3539806,Poá,SP,Sudeste,119221,17.264,3769347,3514,1004375,1688507,562105
3539905,Poloni,SP,Sudeste,6166,135.12,154423,33295,30294,45649,30755
3540002,Pompéia,SP,Sudeste,22326,784.674,1951861,47881,841053,653537,115359
3540101,Pongaí,SP,Sudeste,3385,183.399,94399,25947,4713,37104,21905
3540200,Pontal,SP,Sudeste,51717,356.371,1462865,81325,450924,540580,224954
3540259,Pontalinda,SP,Sudeste,4719,209.525,98030,38925,3923,27382,24129
3540309,Pontes Gestal,SP,Sudeste,2576,217.505,126663,23559,17562,32159,21651
3540408,Populina,SP,Sudeste,4136,315.938,117260,46157,5126,35944,26043
3540507,Porangaba,SP,Sudeste,10205,265.689,233734,65063,16479,91472,46302
3540606,Porto Feliz,SP,Sudeste,53698,556.706,3754666,227393,861157,1505564,267988
3540705,Porto Ferreira,SP,Sudeste,56848,244.906,2495873,65187,810505,890769,265957
3540754,Potim,SP,Sudeste,25603,44.643,308459,2966,42569,129451,104073
3540804,Potirendaba,SP,Sudeste,17668,342.492,620169,62041,186511,231343,81260
3540853,Pracinha,SP,Sudeste,4327,63.054,40969,5252,2023,11143,21417
3540903,Pradópolis,SP,Sudeste,22239,167.378,1096526,38147,395874,352139,129845
3541000,Praia Grande,SP,Sudeste,336454,149.652,8727831,5371,829936,5478765,1747690
3541059,Pratânia,SP,Sudeste,5371,175.1,126367,41597,8320,38295,28955
3541109,Presidente Alves,SP,Sudeste,4067,286.642,77333,24089,3405,24926,21861
3541208,Presidente Bernardes,SP,Sudeste,12943,749.233,331914,54728,17709,163406,68099
3541307,Presidente Epitácio,SP,Sudeste,44572,1260.281,1325522,95665,206442,740223,187911
3541406,Presidente Prudente,SP,Sudeste,231953,560.637,9242189,44944,1206433,6029072,919877
3541505,Presidente Venceslau,SP,Sudeste,39648,755.203,823130,33876,33625,543918,149855
3541604,Promissão,SP,Sudeste,41211,779.2,2115365,97930,869919,702534,201300
3541653,Quadra,SP,Sudeste,3902,205.672,144523,64415,4908,40333,28130
3541703,Quatá,SP,Sudeste,14309,651.341,821159,56281,266167,328347,67059
3541802,Queiroz,SP,Sudeste,3513,234.914,684733,101588,314270,163503,28491
3541901,Queluz,SP,Sudeste,13788,249.399,388523,4394,49016,225260,68470
3542008,Quintana,SP,Sudeste,6736,318.937,276284,55402,71634,89934,33547
3542107,Rafard,SP,Sudeste,9126,121.645,442883,20286,174144,141671,45998
3542206,Rancharia,SP,Sudeste,29743,1587.498,1381836,283383,281459,547758,143718
3542305,Redenção da Serra,SP,Sudeste,3827,309.441,66825,14008,3298,24435,22063
3542404,Regente Feijó,SP,Sudeste,20523,263.28,983725,72281,119719,534674,109416
3542503,Reginópolis,SP,Sudeste,10047,410.406,184875,69046,6299,55622,46939
3542602,Registro,SP,Sudeste,56463,722.201,2357409,114880,163776,1531137,270795
3542701,Restinga,SP,Sudeste,7762,245.746,211752,65327,31186,57625,43809
3542800,Ribeira,SP,Sudeste,3320,335.759,62081,14889,2322,22349,18943
3542909,Ribeirão Bonito,SP,Sudeste,13376,471.553,371778,73855,31299,184693,59740
3543006,Ribeirão Branco,SP,Sudeste,15984,697.5,595499,378479,22176,107844,74591
3543105,Ribeirão Corrente,SP,Sudeste,4786,148.332,319058,206883,12519,62649,30037
3543204,Ribeirão do Sul,SP,Sudeste,4537,203.208,224363,58713,12107,104315,28720
3543238,Ribeirão dos Índios,SP,Sudeste,2222,196.446,47001,13531,2080,12822,16997
3543253,Ribeirão Grande,SP,Sudeste,7686,333.363,116992,33355,7966,33482,38331
3543303,Ribeirão Pires,SP,Sudeste,125238,98.972,3891003,1771,868340,1974790,496761
3543402,Ribeirão Preto,SP,Sudeste,720116,650.916,39955306,120324,5374493,26672691,2865374
3543501,Riversul,SP,Sudeste,5364,385.878,92796,27094,5039,28007,28483
3543600,Rifaina,SP,Sudeste,3651,162.508,191158,36131,40688,70364,28659
3543709,Rincão,SP,Sudeste,10824,316.639,226043,47037,18982,93798,52240
3543808,Rinópolis,SP,Sudeste,9940,358.481,349026,106189,54594,121642,42651
3543907,Rio Claro,SP,Sudeste,209548,498.422,13245336,112217,4767918,5155245,1035055
3544004,Rio das Pedras,SP,Sudeste,36233,226.657,1787681,29941,401905,834683,175137
3544103,Rio Grande da Serra,SP,Sudeste,52009,36.341,960727,843,162026,506839,186093
3544202,Riolândia,SP,Sudeste,12856,631.897,268963,96918,14491,79812,67409
3544251,Rosana,SP,Sudeste,15929,744.011,1941772,70908,1521545,208093,121059
3544301,Roseira,SP,Sudeste,10888,129.847,374786,6311,90355,180997,55620
3544400,Rubiácea,SP,Sudeste,3195,236.484,78950,33639,3548,18348,20915
3544509,Rubinéia,SP,Sudeste,3191,242.877,102857,34686,4783,36348,22660
3544608,Sabino,SP,Sudeste,5638,305.285,175476,72684,5165,57896,31477
3544707,Sagres,SP,Sudeste,2427,147.935,54769,16300,2285,16791,17808
3544806,Sales,SP,Sudeste,6481,308.555,169480,44360,6382,78463,32930
3544905,Sales Oliveira,SP,Sudeste,12103,305.776,417237,67156,85088,173985,53602
3545001,Salesópolis,SP,Sudeste,17363,424.997,251752,27911,11189,128928,69564
3545100,Salmourão,SP,Sudeste,5372,172.934,96895,30981,4222,30835,27980
3545159,Saltinho,SP,Sudeste,8498,99.738,377871,18641,65924,189119,45259
3545209,Salto,SP,Sudeste,120779,133.057,9303487,14776,2891897,4214031,553967
3545308,Salto de Pirapora,SP,Sudeste,46285,280.412,2221477,19758,1024555,666589,195078
3545407,Salto Grande,SP,Sudeste,9396,188.441,273943,43115,48822,113273,46659
3545506,Sandovalina,SP,Sudeste,4405,455.856,318810,71526,144229,51479,39559
3545605,Santa Adélia,SP,Sudeste,15639,330.269,382546,82701,9912,197598,69164
3545704,Santa Albertina,SP,Sudeste,6036,272.692,214791,30195,55698,77797,32799
3545803,Santa Bárbara d'Oeste,SP,Sudeste,195278,271.03,7825507,37206,2030517,3641483,955416
3546009,Santa Branca,SP,Sudeste,14925,272.238,312819,7654,74785,133136,73039
3546108,Santa Clara d'Oeste,SP,Sudeste,2111,183.458,96783,32617,13088,25747,20226
3546207,Santa Cruz da Conceição,SP,Sudeste,4584,150.13,161651,26035,21340,64182,32999
3546256,Santa Cruz da Esperança,SP,Sudeste,2166,148.062,63457,22280,3183,17160,18944
3546306,Santa Cruz das Palmeiras,SP,Sudeste,35102,295.337,655974,59894,21538,380846,142123
3546405,Santa Cruz do Rio Pardo,SP,Sudeste,48207,1114.747,2786906,183710,770808,1248463,243413
3546504,Santa Ernestina,SP,Sudeste,5577,134.421,104373,15710,6348,46813,30066
3546603,Santa Fé do Sul,SP,Sudeste,32796,206.537,1344881,49563,245497,723953,193500
3546702,Santa Gertrudes,SP,Sudeste,27850,98.291,3895818,11776,2307248,723287,164236
3546801,Santa Isabel,SP,Sudeste,58529,363.332,1658733,75738,339689,803783,252992
3546900,Santa Lúcia,SP,Sudeste,8889,153.86,131128,39226,4057,44589,38222
3547007,Santa Maria da Serra,SP,Sudeste,6298,252.621,153024,29120,26485,55640,31763
3547106,Santa Mercedes,SP,Sudeste,2947,166.753,69068,19337,3218,24691,18600
3547205,Santana da Ponte Pensa,SP,Sudeste,1448,129.888,39913,12838,1770,10938,13117
3547304,Santana de Parnaíba,SP,Sudeste,145073,179.949,11544903,125769,2027288,6311004,1004321
3547403,Santa Rita d'Oeste,SP,Sudeste,2476,209.8,68135,20832,1878,25364,17301
3547502,Santa Rita do Passa Quatro,SP,Sudeste,27641,754.141,825835,88083,115490,408510,121170
3547601,Santa Rosa de Viterbo,SP,Sudeste,26960,288.576,833444,42430,218542,313616,125855
3547650,Santa Salete,SP,Sudeste,1558,79.192,42106,11392,2117,12833,13588
3547700,Santo Anastácio,SP,Sudeste,20855,552.876,555801,80282,81045,257093,89684
3547809,Santo André,SP,Sudeste,723889,175.782,32620295,1385,7782625,17322922,2818756
3547908,Santo Antônio da Alegria,SP,Sudeste,7024,310.311,211522,81214,7657,69244,41577
3548005,Santo Antônio de Posse,SP,Sudeste,23742,154.133,1870734,226780,376095,802557,121589
3548054,Santo Antônio do Aracanguá,SP,Sudeste,8541,1308.432,289678,109970,21801,82897,63317
3548104,Santo Antônio do Jardim,SP,Sudeste,5926,109.956,222833,89679,11352,77595,30209
3548203,Santo Antônio do Pinhal,SP,Sudeste,6843,133.008,148429,16761,7379,77468,39102
3548302,Santo Expedito,SP,Sudeste,3159,94.465,47273,6471,3327,17749,18407
3548401,Santópolis do Aguapeí,SP,Sudeste,4856,128.026,80653,11205,3839,36716,24003
3548500,Santos,SP,Sudeste,433991,281.033,24090173,5249,2150156,15770944,2400187
3548609,São Bento do Sapucaí,SP,Sudeste,10907,252.579,406647,39804,13677,283080,51154
3548708,São Bernardo do Campo,SP,Sudeste,849874,409.532,58277014,11196,13216248,29662760,3651105
3548807,São Caetano do Sul,SP,Sudeste,162763,15.331,15566768,31,3515560,8183229,1532318
3548906,São Carlos,SP,Sudeste,256915,1136.907,14141854,170583,3844335,6861134,1208302
3549003,São Francisco,SP,Sudeste,2813,75.579,51168,16634,2507,14799,16043
3549102,São João da Boa Vista,SP,Sudeste,92315,516.399,4135190,125955,943017,2146778,422206
3549201,São João das Duas Pontes,SP,Sudeste,2555,129.462,52612,16037,3695,14414,17036
3549250,São João de Iracema,SP,Sudeste,1942,178.396,51478,19378,1440,13453,15766
3549300,São João do Pau d'Alho,SP,Sudeste,2095,117.665,58493,19148,3111,17641,16271
3549409,São Joaquim da Barra,SP,Sudeste,52737,410.863,2191086,54709,727989,931320,228172
3549508,São José da Bela Vista,SP,Sudeste,8991,276.952,231517,95961,5787,70175,48908
3549607,São José do Barreiro,SP,Sudeste,4141,570.685,63347,9641,2432,22350,26617
3549706,São José do Rio Pardo,SP,Sudeste,55298,419.684,2375167,196940,472632,1153490,244885
3549805,São José do Rio Preto,SP,Sudeste,469173,431.944,20962615,64180,2145380,14508307,1854125
3549904,São José dos Campos,SP,Sudeste,737310,1099.409,45208808,25504,16459171,19457996,2884819
3549953,São Lourenço da Serra,SP,Sudeste,16127,186.456,285412,1859,27607,158624,72816
3550001,São Luiz do Paraitinga,SP,Sudeste,10693,617.315,204219,24929,12157,97556,57574
3550100,São Manuel,SP,Sudeste,41287,650.734,1340317,118878,195030,721871,159807
3550209,São Miguel Arcanjo,SP,Sudeste,33071,930.339,954225,391384,47115,328950,140484
3550308,São Paulo,SP,Sudeste,12396372,1521.202,828980747,61625,62513858,549767525,48453705
3550407,São Pedro,SP,Sudeste,36298,611.278,886336,64624,64261,514871,165476
3550506,São Pedro do Turvo,SP,Sudeste,7724,731.221,234365,91073,24161,61183,42699
3550605,São Roque,SP,Sudeste,93076,306.908,3450779,45529,602986,1906386,395963
3550704,São Sebastião,SP,Sudeste,91637,402.395,16008645,15864,9764264,5075981,695835
3550803,São Sebastião da Grama,SP,Sudeste,12137,252.41,428492,140654,31466,173856,54012
3550902,São Simão,SP,Sudeste,15446,617.252,501327,73198,60109,223997,84469
3551009,São Vicente,SP,Sudeste,370839,148.151,6121259,4376,510075,3598070,1568230
3551108,Sarapuí,SP,Sudeste,10493,352.592,203911,41315,30057,67774,48707
3551207,Sarutaiá,SP,Sudeste,3623,141.608,96558,43669,3996,25357,21771
3551306,Sebastianópolis do Sul,SP,Sudeste,3595,167.848,417499,40419,193533,114680,26258
3551405,Serra Azul,SP,Sudeste,15292,283.144,195523,46604,11240,62819,68651
3551504,Serrana,SP,Sudeste,46166,126.046,1349050,21356,227605,722884,236602
3551603,Serra Negra,SP,Sudeste,29669,203.734,845122,84670,62088,489895,127912
3551702,Sertãozinho,SP,Sudeste,128432,403.089,7109022,86717,2110801,3249541,660685
3551801,Sete Barras,SP,Sudeste,12731,1062.699,379170,180937,23883,98289,62559
3551900,Severínia,SP,Sudeste,17820,140.46,271912,19012,9150,141190,84017
3552007,Silveiras,SP,Sudeste,6375,414.782,92559,11715,3988,32206,40275
3552106,Socorro,SP,Sudeste,41690,449.029,1120219,113685,134640,581523,180395
3552205,Sorocaba,SP,Sudeste,695328,449.872,44533398,43587,11416524,20709422,2960148
3552304,Sud Mennucci,SP,Sudeste,7738,594.744,226784,82363,9945,74978,47715
3552403,Sumaré,SP,Sudeste,289875,153.465,16179892,328222,4539681,7114201,1149289
3552502,Suzano,SP,Sudeste,303397,206.236,14811514,365314,5291218,5335113,1214448
3552551,Suzanápolis,SP,Sudeste,4063,330.587,341981,36434,142423,96823,27419
3552601,Tabapuã,SP,Sudeste,12561,345.792,287137,77408,11556,121741,62128
3552700,Tabatinga,SP,Sudeste,16787,368.604,340423,78089,29680,133546,77090
3552809,Taboão da Serra,SP,Sudeste,297528,20.388,10291072,265,2086009,5310499,1252193
3552908,Taciba,SP,Sudeste,6371,607.267,186412,68763,10090,54417,46714
3553005,Taguaí,SP,Sudeste,14415,145.332,343428,55797,20166,171944,63892
3553104,Taiaçu,SP,Sudeste,6346,107.059,109907,28187,2700,44400,28776
3553203,Taiúva,SP,Sudeste,5562,132.459,139651,24191,20238,52323,31400
3553302,Tambaú,SP,Sudeste,23255,561.788,700419,78980,158477,304125,95553
3553401,Tanabi,SP,Sudeste,26231,747.218,1323570,132284,461061,480105,124695
3553500,Tapiraí,SP,Sudeste,7725,755.1,185138,68949,11579,55735,40565
3553609,Tapiratiba,SP,Sudeste,12940,221.891,301185,72224,25470,125754,60005
3553658,Taquaral,SP,Sudeste,2815,53.892,46862,7715,1851,14487,20224
3553708,Taquaritinga,SP,Sudeste,57547,594.335,1660014,115944,235409,885902,272970
3553807,Taquarituba,SP,Sudeste,23292,448.515,988152,132340,66621,574067,100749
3553856,Taquarivaí,SP,Sudeste,5968,231.792,367324,122948,16844,157444,35426
3553906,Tarabai,SP,Sudeste,7609,201.385,168350,16002,14259,60792,42013
3553955,Tarumã,SP,Sudeste,15361,302.913,897036,56414,342397,316519,77491
3554003,Tatuí,SP,Sudeste,124134,523.749,5076193,154857,1324244,2439455,526084
3554102,Taubaté,SP,Sudeste,320820,625.003,16199986,29196,4619437,7062456,1494813
3554201,Tejupá,SP,Sudeste,4452,296.189,138116,74289,4617,29409,25903
3554300,Teodoro Sampaio,SP,Sudeste,23395,1555.803,627028,125734,89635,265524,103986
3554409,Terra Roxa,SP,Sudeste,9502,221.541,174935,42624,15260,63208,45914
3554508,Tietê,SP,Sudeste,42946,404.396,2158402,64791,734290,854750,214404
3554607,Timburi,SP,Sudeste,2647,196.79,66301,24317,2844,17936,19347
3554656,Torre de Pedra,SP,Sudeste,2432,71.348,37757,2822,2481,14581,16230
3554706,Torrinha,SP,Sudeste,10100,315.267,284592,68706,27529,120261,45388
3554755,Trabiju,SP,Sudeste,1752,63.421,44920,9227,4963,12380,15982
3554805,Tremembé,SP,Sudeste,48228,191.094,896634,12195,180772,398575,215319
3554904,Três Fronteiras,SP,Sudeste,5856,151.594,122036,23088,8712,52012,31357
3554953,Tuiuti,SP,Sudeste,7058,126.731,181790,43333,6698,86971,31495
3555000,Tupã,SP,Sudeste,65615,627.986,2213337,193786,289545,1243052,275151
3555109,Tupi Paulista,SP,Sudeste,15670,244.77,340357,43825,9779,193548,73728
3555208,Turiúba,SP,Sudeste,2024,153.235,56425,21509,2347,15193,15777
3555307,Turmalina,SP,Sudeste,1667,147.797,73692,37999,3097,15558,14853
3555356,Ubarana,SP,Sudeste,6488,209.861,212639,37290,79175,50542,36674
3555406,Ubatuba,SP,Sudeste,92819,708.105,2705941,31827,381498,1654039,482565
3555505,Ubirajara,SP,Sudeste,4828,282.179,114468,30979,5088,40952,32486
3555604,Uchoa,SP,Sudeste,10191,252.434,401841,38484,143054,127884,50080
3555703,União Paulista,SP,Sudeste,1886,79.056,57595,20857,2473,16340,16202
3555802,Urânia,SP,Sudeste,9125,209.262,286014,89081,31475,107197,37626
3555901,Uru,SP,Sudeste,1142,146.901,46392,15392,1861,12626,15184
3556008,Urupês,SP,Sudeste,13965,323.916,483325,96843,39979,224435,75255
3556107,Valentim Gentil,SP,Sudeste,13732,149.741,437546,23345,141998,160684,61920
3556206,Valinhos,SP,Sudeste,133169,148.538,7969200,57998,1796026,3845353,657577
3556305,Valparaíso,SP,Sudeste,27154,857.661,1236297,138005,449114,379299,142461
3556354,Vargem,SP,Sudeste,10842,142.595,153401,12805,13570,72837,42707
3556404,Vargem Grande do Sul,SP,Sudeste,43368,267.178,1287339,59764,221265,670166,174876
3556453,Vargem Grande Paulista,SP,Sudeste,54315,42.489,2898203,43369,641802,1368882,275207
3556503,Várzea Paulista,SP,Sudeste,124269,35.12,3965839,2911,1326934,1594687,484951
3556602,Vera Cruz,SP,Sudeste,10804,247.716,240193,23928,8142,136683,48492
3556701,Vinhedo,SP,Sudeste,81516,80.95,12557909,14331,3476252,5428697,554172
3556800,Viradouro,SP,Sudeste,19133,217.726,443704,42304,60045,209494,90416
3556909,Vista Alegre do Alto,SP,Sudeste,9163,95.429,425058,33887,150924,144840,45134
3556958,Vitória Brasil,SP,Sudeste,1852,49.832,45179,7651,1931,18826,13866
3557006,Votorantim,SP,Sudeste,124468,184.186,3919236,3661,932430,1897868,549536
3557105,Votuporanga,SP,Sudeste,96106,420.703,3862540,63921,720558,2277198,387363
3557154,Zacarias,SP,Sudeste,2784,319.056,130189,60922,13184,29176,21355
3557204,Chavantes,SP,Sudeste,12418,188.727,266345,26826,20929,129522,64976
3557303,Estiva Gerbi,SP,Sudeste,11507,74.144,389432,55493,92781,133306,60521
4100103,Abatiá,PR,Sul,7360,228.717,221817,110596,9932,52305,40041
4100202,Adrianópolis,PR,Sul,5797,1349.311,368854,27453,209013,52302,35027
4100301,Agudos do Sul,PR,Sul,9567,192.261,216904,74699,12693,66287,48096
4100400,Almirante Tamandaré,PR,Sul,121420,194.228,1936255,51410,491204,702420,484339
4100459,Altamira do Paraná,PR,Sul,1429,386.945,96207,50691,3237,21899,15395
4100509,Altônia,PR,Sul,22293,661.56,462493,118591,29725,176953,102561
4100608,Alto Paraná,PR,Sul,14945,407.719,436261,208720,35430,98518,72866
4100707,Alto Piquiri,PR,Sul,9722,447.666,410780,177000,19871,130779,52293
4100806,Alvorada do Sul,PR,Sul,11598,424.25,338359,109216,17170,123759,64223
4100905,Amaporã,PR,Sul,6405,384.735,121114,42474,5477,30271,33435
4101002,Ampére,PR,Sul,19466,298.349,750364,137753,169446,256768,96991
4101051,Anahy,PR,Sul,2774,102.895,115042,54505,3389,29341,20354
4101101,Andirá,PR,Sul,19823,235.944,816503,119514,144802,351229,104427
4101150,Ângulo,PR,Sul,2931,106.021,154197,77282,4289,41446,21025
4101200,Antonina,PR,Sul,18919,891.582,700871,18046,170096,325314,106686
4101309,Antônio Olinto,PR,Sul,7421,469.62,233345,138049,9553,39590,36419
4101408,Apucarana,PR,Sul,137438,556.99,3874080,281831,834985,1691674,647972
4101507,Arapongas,PR,Sul,126545,382.215,4953989,373978,1385052,1960138,598775
4101606,Arapoti,PR,Sul,28480,1358.176,1447431,395494,248709,468196,141542
4101655,Arapuã,PR,Sul,2951,217.371,152146,84019,5073,33562,21176
4101705,Araruna,PR,Sul,14029,493.191,547353,177027,116101,131752,74333
4101804,Araucária,PR,Sul,148522,469.24,25266761,239813,14216620,6296603,1071309
4101853,Ariranha do Ivaí,PR,Sul,2026,234.076,128974,83235,4064,19942,17244
4101903,Assaí,PR,Sul,14792,440.347,539552,169082,73616,184025,77483
4102000,Assis Chateaubriand,PR,Sul,33306,980.727,1633260,545012,154437,600077,174974
4102109,Astorga,PR,Sul,26304,434.792,882920,224774,136158,321757,129181
4102208,Atalaia,PR,Sul,3871,137.663,177304,64318,17342,56704,24866
4102307,Balsa Nova,PR,Sul,13238,348.926,926185,103744,396062,221283,77569
4102406,Bandeirantes,PR,Sul,31061,445.192,1033468,303679,103442,406938,151934
4102505,Barbosa Ferraz,PR,Sul,11287,538.636,299363,119379,12842,92167,58176
4102604,Barracão,PR,Sul,10347,161.213,264230,56563,19831,113045,49326
4102703,Barra do Jacaré,PR,Sul,2781,115.855,150148,81200,19767,23424,19382
4102752,Bela Vista da Caroba,PR,Sul,3404,148.107,106924,51900,5251,23299,21031
4102802,Bela Vista do Paraíso,PR,Sul,15400,242.689,523791,92512,35045,265874,71347
4102901,Bituruna,PR,Sul,16411,1234.946,552342,184755,116904,121839,80945
4103008,Boa Esperança,PR,Sul,3991,302.739,285689,151515,9586,78681,28377
4103024,Boa Esperança do Iguaçu,PR,Sul,2437,151.797,142607,72330,6029,36066,18207
4103040,Boa Ventura de São Roque,PR,Sul,6343,620.453,361490,156297,37712,86560,38219
4103057,Boa Vista da Aparecida,PR,Sul,7524,266.175,185315,58202,9509,62500,43791
4103107,Bocaiúva do Sul,PR,Sul,13308,825.665,280327,27460,70572,89843,65680
4103156,Bom Jesus do Sul,PR,Sul,3472,176.129,115670,56419,5158,24618,23417
4103206,Bom Sucesso,PR,Sul,7103,322.755,157269,67069,9207,37717,34990
4103222,Bom Sucesso do Sul,PR,Sul,3244,195.931,300056,129625,14540,103513,22905
4103305,Borrazópolis,PR,Sul,6290,334.378,245673,86538,10020,92383,38042
4103354,Braganey,PR,Sul,5338,343.321,241526,122681,8546,64086,30850
4103370,Brasilândia do Sul,PR,Sul,2521,291.036,275949,123778,7906,99843,20017
4103404,Cafeara,PR,Sul,2973,185.8,114049,66301,4250,20231,18874
4103453,Cafelândia,PR,Sul,18783,274.904,1949226,229992,776572,615257,105889
4103479,Cafezal do Sul,PR,Sul,3975,335.392,148983,73027,5698,36753,24748
4103503,Califórnia,PR,Sul,8641,141.817,253205,67159,43267,73488,43228
4103602,Cambará,PR,Sul,25569,366.153,819036,174603,157114,287766,123832
4103701,Cambé,PR,Sul,108126,495.375,5029902,351441,1303755,2077407,498121
4103800,Cambira,PR,Sul,7967,164.786,280211,76794,40011,87855,41752
4103909,Campina da Lagoa,PR,Sul,13888,796.614,578373,254784,33306,184349,68097
4103958,Campina do Simão,PR,Sul,3831,448.424,150370,92967,6641,22016,23611
4104006,Campina Grande do Sul,PR,Sul,44072,539.245,2176024,26102,225265,1139910,226861
4104055,Campo Bonito,PR,Sul,3694,433.832,224661,140593,6417,41800,24709
4104105,Campo do Tenente,PR,Sul,8118,304.488,261270,101643,29520,70428,39483
4104204,Campo Largo,PR,Sul,135678,1243.551,5733187,122164,2000357,2061138,643888
4104253,Campo Magro,PR,Sul,30151,275.352,541601,65745,72170,189758,152076
4104303,Campo Mourão,PR,Sul,96102,749.637,5147310,358932,1138553,2496008,465698
4104402,Cândido de Abreu,PR,Sul,14606,1510.16,421637,189165,14694,115646,73109
4104428,Candói,PR,Sul,16126,1512.786,850048,411757,59586,230390,89637
4104451,Cantagalo,PR,Sul,13340,583.304,335944,140129,19340,92575,62182
4104501,Capanema,PR,Sul,19172,419.036,1106692,215803,358176,332727,97676
4104600,Capitão Leônidas Marques,PR,Sul,15887,280.063,1255526,111792,841187,172633,83732
4104659,Carambeí,PR,Sul,24225,649.68,1578833,489441,321463,463792,134051
4104709,Carlópolis,PR,Sul,14391,451.418,458638,183973,24698,151861,68975
4104808,Cascavel,PR,Sul,336073,2091.199,15786905,1206734,2651349,8089818,1624295
4104907,Castro,PR,Sul,72125,2531.503,3631156,778117,756481,1229472,404730
4105003,Catanduvas,PR,Sul,10144,580.421,355951,161222,19623,101839,49337
4105102,Centenário do Sul,PR,Sul,10704,371.834,440499,223750,22336,113829,56348
4105201,Cerro Azul,PR,Sul,17884,1341.189,405086,207857,28675,71098,85097
4105300,Céu Azul,PR,Sul,11872,1179.449,942758,282695,245901,249143,64563
4105409,Chopinzinho,PR,Sul,19083,959.692,909271,250635,140271,320929,114096
4105508,Cianorte,PR,Sul,84980,811.666,3039716,308192,731727,1273801,408343
4105607,Cidade Gaúcha,PR,Sul,12939,403.045,431473,63691,113412,143213,70932
4105706,Clevelândia,PR,Sul,16344,703.638,837980,336356,109084,248506,85081
4105805,Colombo,PR,Sul,249277,197.58,5693870,120834,1384799,2270675,1080431
4105904,Colorado,PR,Sul,24271,407.568,796267,93778,199590,314503,123079
4106001,Congonhinhas,PR,Sul,8896,535.963,285617,123366,20530,76941,45896
4106100,Conselheiro Mairinck,PR,Sul,3891,204.705,152425,89432,7305,26323,23558
4106209,Contenda,PR,Sul,19082,299.037,557577,148574,51947,210393,95183
4106308,Corbélia,PR,Sul,17162,529.137,1064177,491697,63613,342655,89847
4106407,Cornélio Procópio,PR,Sul,47840,635.1,1812202,249528,192800,910318,253467
4106456,Coronel Domingos Soares,PR,Sul,7538,1556.186,323716,153497,47898,55850,46119
4106506,Coronel Vivida,PR,Sul,20430,684.417,887309,235766,114170,325830,105491
4106555,Corumbataí do Sul,PR,Sul,3038,164.341,87683,32051,3604,24932,21535
4106571,Cruzeiro do Iguaçu,PR,Sul,4229,161.862,177173,69127,24122,41809,28334
4106605,Cruzeiro do Oeste,PR,Sul,20962,775.984,859368,174734,170202,329019,107758
4106704,Cruzeiro do Sul,PR,Sul,4430,259.103,205351,137157,5345,29577,25286
4106803,Cruz Machado,PR,Sul,18772,1478.35,505066,282127,18033,90466,91932
4106852,Cruzmaltina,PR,Sul,2892,312.299,151165,61845,3985,53306,18379
4106902,Curitiba,PR,Sul,1963726,434.892,98000491,17725,17640390,53112796,9131086
4107009,Curiúva,PR,Sul,15289,576.263,276029,78554,17237,89492,70568
4107108,Diamante do Norte,PR,Sul,4975,242.887,298207,32499,132136,82222,31484
4107124,Diamante do Sul,PR,Sul,3409,347.233,74736,36853,2359,12163,20948
4107157,Diamante D'Oeste,PR,Sul,5279,309.11,128031,60105,4585,26298,30496
4107207,Dois Vizinhos,PR,Sul,41424,418.648,2026447,330582,431388,844655,218079
4107256,Douradina,PR,Sul,8988,420.604,841228,39083,92462,270794,49562
4107306,Doutor Camargo,PR,Sul,5987,118.279,200365,62423,13783,75281,33019
4107405,Enéas Marques,PR,Sul,5906,192.203,311321,123923,43045,71151,34741
4107504,Engenheiro Beltrão,PR,Sul,13962,467.47,566606,221541,38040,193412,72055
4107520,Esperança Nova,PR,Sul,1633,141.286,65236,31790,4324,11499,14879
4107538,Entre Rios do Oeste,PR,Sul,4651,120.967,313143,90826,39233,113789,40828
4107546,Espigão Alto do Iguaçu,PR,Sul,3980,326.44,162811,86312,11581,30029,26590
4107553,Farol,PR,Sul,2995,289.232,215732,129271,7230,45365,22262
4107603,Faxinal,PR,Sul,17379,715.943,500122,128252,35226,206848,88000
4107652,Fazenda Rio Grande,PR,Sul,103750,116.678,3322418,37786,830522,1231704,516957
4107702,Fênix,PR,Sul,4734,234.099,212862,102353,7988,61016,28453
4107736,Fernandes Pinheiro,PR,Sul,5561,406.5,253838,149899,14574,42747,34688
4107751,Figueira,PR,Sul,7625,129.769,161492,26927,27219,54269,40155
4107801,Floraí,PR,Sul,4883,191.133,239257,96023,24892,71814,28933
4107850,Flor da Serra do Sul,PR,Sul,4583,255.721,182643,84792,7904,48376,29444
4107900,Floresta,PR,Sul,6926,158.226,271124,78022,25315,104605,39516
4108007,Florestópolis,PR,Sul,10360,246.853,400285,78723,114181,121173,57224
4108106,Flórida,PR,Sul,2709,83.046,80573,25786,6936,23532,20136
4108205,Formosa do Oeste,PR,Sul,6345,275.901,370767,175492,15490,114235,36591
4108304,Foz do Iguaçu,PR,Sul,257971,609.192,18969029,121178,11498565,4875584,1525285
4108320,Francisco Alves,PR,Sul,5942,321.898,290544,144206,11516,80857,34137
4108403,Francisco Beltrão,PR,Sul,93308,735.111,3694539,335289,701817,1762590,463783
4108452,Foz do Jordão,PR,Sul,4466,235.382,184044,94878,21446,31256,29364
4108502,General Carneiro,PR,Sul,13661,1071.183,445472,231882,30733,86947,68846
4108551,Godoy Moreira,PR,Sul,2850,131.012,72426,33704,2425,14145,19562
4108601,Goioerê,PR,Sul,28734,564.163,1074370,223081,119038,476624,146971
4108650,Goioxim,PR,Sul,6997,702.471,309145,186606,9455,62106,34774
4108700,Grandes Rios,PR,Sul,5379,314.198,172728,90143,6523,37212,30867
4108809,Guaíra,PR,Sul,33497,563.742,1139934,230163,94240,529851,176158
4108908,Guairaçá,PR,Sul,6635,493.94,273736,134784,21361,64652,37340
4108957,Guamiranga,PR,Sul,8881,244.795,295065,177783,12827,47360,43429
4109005,Guapirama,PR,Sul,3767,189.1,176952,88277,19731,33063,26031
4109104,Guaporema,PR,Sul,2239,201.15,78139,42793,2578,12351,17609
4109203,Guaraci,PR,Sul,5557,211.68,223863,127400,9462,40016,35207
4109302,Guaraniaçu,PR,Sul,11969,1238.32,512014,233522,23656,153137,66845
4109401,Guarapuava,PR,Sul,183755,3168.087,8309024,770157,1708279,3818192,872114
4109500,Guaraqueçaba,PR,Sul,7554,2011.357,118152,37589,5045,31309,39091
4109609,Guaratuba,PR,Sul,37974,1326.67,982125,73128,109604,488140,238838
4109658,Honório Serpa,PR,Sul,5030,502.235,298546,158256,34365,49536,32523
4109708,Ibaiti,PR,Sul,31854,898.221,878434,199418,105480,348301,141344
4109757,Ibema,PR,Sul,6387,145.446,182341,58003,26229,48947,34917
4109807,Ibiporã,PR,Sul,55688,297.742,3313394,121602,603664,1660097,299443
4109906,Icaraíma,PR,Sul,7671,675.24,249550,66809,37281,80144,46367
4110003,Iguaraçu,PR,Sul,4475,164.983,212505,77656,18293,69053,32693
4110052,Iguatu,PR,Sul,2251,106.937,83996,38942,4562,18868,17460
4110078,Imbaú,PR,Sul,13449,330.734,276156,48197,34663,101771,64957
4110102,Imbituva,PR,Sul,33306,756.535,1290790,361453,261988,404752,151013
4110201,Inácio Martins,PR,Sul,11117,936.208,265709,101217,34417,54553,55581
4110300,Inajá,PR,Sul,3122,194.704,58312,20996,2259,13147,18965
4110409,Indianópolis,PR,Sul,4472,122.622,507444,41810,262116,130385,27926
4110508,Ipiranga,PR,Sul,15327,900.721,615190,294455,51816,150993,77136
4110607,Iporã,PR,Sul,13642,647.894,597062,238911,60745,183916,74022
4110656,Iracema do Oeste,PR,Sul,2216,81.538,194366,124699,6051,37051,17443
4110706,Irati,PR,Sul,61439,999.517,2286211,504800,267646,938754,272816
4110805,Iretama,PR,Sul,10029,570.459,354163,135313,13045,124126,57769
4110904,Itaguajé,PR,Sul,4426,194.353,121778,53336,4008,30081,28037
4110953,Itaipulândia,PR,Sul,11588,330.846,524784,149413,99156,142583,93126
4111001,Itambaracá,PR,Sul,6516,207.342,223622,106051,19060,52654,33895
4111100,Itambé,PR,Sul,6110,243.822,228333,98249,10990,69347,34396
4111209,Itapejara d'Oeste,PR,Sul,12220,254.014,753014,173751,195557,247352,60657
4111258,Itaperuçu,PR,Sul,29493,322.991,626927,53165,128698,247633,133057
4111308,Itaúna do Sul,PR,Sul,2700,128.87,87750,14295,8834,35779,18501
4111407,Ivaí,PR,Sul,14049,607.848,497707,215149,69085,118415,61001
4111506,Ivaiporã,PR,Sul,31886,436.989,947821,148004,52882,504900,153085
4111555,Ivaté,PR,Sul,8294,410.156,203930,46070,42338,58861,43275
4111605,Ivatuba,PR,Sul,3299,96.661,143593,49911,4429,60017,20649
4111704,Jaboti,PR,Sul,5332,139.277,160051,79038,7861,37426,28441
4111803,Jacarezinho,PR,Sul,39268,602.528,1598029,176805,420022,637063,198992
4111902,Jaguapitã,PR,Sul,13861,475.004,1049382,154969,382480,324993,76076
4112009,Jaguariaíva,PR,Sul,35192,1453.066,1788853,238686,646482,421478,182517
4112108,Jandaia do Sul,PR,Sul,21281,187.6,790155,64851,142220,356678,109026
4112207,Janiópolis,PR,Sul,4948,335.65,241936,128426,8131,61263,31765
4112306,Japira,PR,Sul,4929,187.802,163418,101141,5238,22969,28865
4112405,Japurá,PR,Sul,9573,165.185,321178,67080,43049,123927,47535
4112504,Jardim Alegre,PR,Sul,11067,413.386,374099,107821,31739,145535,57504
4112603,Jardim Olinda,PR,Sul,1309,128.515,57044,27927,5197,8700,12086
4112702,Jataizinho,PR,Sul,12687,159.178,282676,62927,23121,103677,71168
4112751,Jesuítas,PR,Sul,8251,247.496,441972,150716,71730,134482,46752
4112801,Joaquim Távora,PR,Sul,12108,289.173,680977,78488,225950,242115,61403
4112900,Jundiaí do Sul,PR,Sul,3248,320.816,128060,80431,4459,18034,21198
4112959,Juranda,PR,Sul,7244,354.364,440931,196901,18487,151211,38579
4113007,Jussara,PR,Sul,7069,210.869,405133,72621,77982,167351,43887
4113106,Kaloré,PR,Sul,3996,193.299,165650,69414,8030,52171,25149
4113205,Lapa,PR,Sul,48651,2093.859,2841179,520135,924291,870209,241810
4113254,Laranjal,PR,Sul,5719,559.439,113016,54581,3015,21080,29347
4113304,Laranjeiras do Sul,PR,Sul,32167,673.688,1027729,189234,110914,465798,151572
4113403,Leópolis,PR,Sul,3896,344.918,227372,149004,7565,36126,26193
4113429,Lidianópolis,PR,Sul,3155,151.456,125681,57067,5246,34377,21818
4113452,Lindoeste,PR,Sul,4488,347.093,200871,83130,10496,61164,30975
4113502,Loanda,PR,Sul,23393,722.496,697950,68566,149006,295961,110714
4113601,Lobato,PR,Sul,4850,240.904,215564,64969,39903,63501,29830
4113700,Londrina,PR,Sul,580870,1652.569,23603698,529678,4346561,12880750,2807273
4113734,Luiziana,PR,Sul,7217,916.839,546858,333020,16282,122441,43415
4113759,Lunardelli,PR,Sul,4695,199.213,142210,63875,5933,37936,27193
4113809,Lupionópolis,PR,Sul,4969,121.066,131498,35068,8806,47727,29386
4113908,Mallet,PR,Sul,13697,760.224,758397,207590,243266,162104,70817
4114005,Mamborê,PR,Sul,12900,788.061,793177,378550,31894,245118,77962
4114104,Mandaguaçu,PR,Sul,23373,294.019,687733,140404,75552,294945,113990
4114203,Mandaguari,PR,Sul,34628,335.814,1835706,248432,553040,584091,180325
4114302,Mandirituba,PR,Sul,27750,379.179,665013,90686,123104,240245,139851
4114351,Manfrinópolis,PR,Sul,2442,215.779,81472,47357,3651,9666,17250
4114401,Mangueirinha,PR,Sul,16572,1055.458,1773268,345650,931337,321098,102783
4114500,Manoel Ribas,PR,Sul,13517,571.135,531488,210343,19582,189393,68739
4114609,Marechal Cândido Rondon,PR,Sul,54031,745.748,2923749,402858,596751,1159065,316083
4114708,Maria Helena,PR,Sul,5593,486.224,134443,62158,8429,27083,30380
4114807,Marialva,PR,Sul,36103,475.564,2654433,213750,775746,1135218,195926
4114906,Marilândia do Sul,PR,Sul,8793,384.424,466433,248064,21509,120931,45343
4115002,Marilena,PR,Sul,7093,232.363,174490,60446,18341,48707,36465
4115101,Mariluz,PR,Sul,10327,433.17,284359,122510,20163,75142,49974
4115200,Maringá,PR,Sul,436472,487.012,22655738,172761,3810259,12773898,2276663
4115309,Mariópolis,PR,Sul,6655,230.365,439911,201467,25949,130515,37734
4115358,Maripá,PR,Sul,5562,283.793,478110,221211,46594,130832,39773
4115408,Marmeleiro,PR,Sul,14407,387.612,635104,188979,57231,237898,79633
4115457,Marquinho,PR,Sul,4283,503.858,111454,60202,3718,18454,24264
4115507,Marumbi,PR,Sul,4676,208.47,103451,41168,3658,25663,27160
4115606,Matelândia,PR,Sul,18266,639.746,1096366,240536,350088,282710,100838
4115705,Matinhos,PR,Sul,35705,117.899,892232,2138,100643,495948,222353
4115739,Mato Rico,PR,Sul,3142,394.533,123187,75501,3830,16206,24051
4115754,Mauá da Serra,PR,Sul,10994,108.324,373698,79540,84767,110492,55488
4115804,Medianeira,PR,Sul,46940,328.732,2442040,204567,649314,1028150,232621
4115853,Mercedes,PR,Sul,5617,197.136,278211,90974,22880,92503,42855
4115903,Mirador,PR,Sul,2180,221.708,126635,82064,6845,15336,18226
4116000,Miraselva,PR,Sul,1786,90.294,52324,21784,1444,11508,15452
4116059,Missal,PR,Sul,10706,324.397,466420,189917,25758,139273,76439
4116109,Moreira Sales,PR,Sul,11966,353.772,306144,107788,16410,98336,65108
4116208,Morretes,PR,Sul,16485,684.58,389211,70268,31512,164931,89067
4116307,Munhoz de Melo,PR,Sul,4034,137.018,136929,78939,4183,22162,24846
4116406,Nossa Senhora das Graças,PR,Sul,4009,185.769,99515,46101,2725,21677,24483
4116505,Nova Aliança do Ivaí,PR,Sul,1560,131.272,51926,24994,1714,9143,14363
4116604,Nova América da Colina,PR,Sul,3424,129.476,97600,49258,3891,20506,19990
4116703,Nova Aurora,PR,Sul,10131,470.642,819755,322643,94743,262939,61741
4116802,Nova Cantu,PR,Sul,4827,555.488,348087,191391,12365,92098,32819
4116901,Nova Esperança,PR,Sul,28062,401.587,943181,162071,158375,380477,138361
4116950,Nova Esperança do Sudoeste,PR,Sul,5014,208.472,164792,80933,8916,31937,30920
4117008,Nova Fátima,PR,Sul,8120,283.423,314928,114884,21649,105070,44556
4117057,Nova Laranjeiras,PR,Sul,11462,1210.205,308284,147620,9799,73863,57857
4117107,Nova Londrina,PR,Sul,13188,269.389,442935,32686,84966,199081,68302
4117206,Nova Olímpia,PR,Sul,5846,136.347,109207,29924,6948,34857,30512
4117214,Nova Santa Bárbara,PR,Sul,4304,76.887,110742,39461,4005,33975,26452
4117222,Nova Santa Rosa,PR,Sul,8311,204.665,439747,165127,46636,136684,47149
4117255,Nova Prata do Iguaçu,PR,Sul,10540,352.565,492498,213068,38038,140879,63495
4117271,Nova Tebas,PR,Sul,5252,545.686,189788,91302,5936,45010,36981
4117297,Novo Itacolomi,PR,Sul,2836,161.411,91407,43906,5066,17807,19864
4117305,Ortigueira,PR,Sul,21783,2429.52,2726430,352475,1584559,434562,131232
4117404,Ourizona,PR,Sul,3423,176.457,166696,86417,5874,42791,21600
4117453,Ouro Verde do Oeste,PR,Sul,6036,293.042,318622,167025,23468,69363,35380
4117503,Paiçandu,PR,Sul,42251,171.379,1057696,67137,193441,487452,203270
4117602,Palmas,PR,Sul,52503,1557.903,1616525,220122,439630,553787,239151
4117701,Palmeira,PR,Sul,34109,1470.072,1642026,447202,291689,539660,174052
4117800,Palmital,PR,Sul,12755,817.647,330837,115135,19457,109376,63350
4117909,Palotina,PR,Sul,32389,651.238,2815815,447986,743747,1088132,175284
4118006,Paraíso do Norte,PR,Sul,14211,204.564,377239,42685,73119,145635,68853
4118105,Paranacity,PR,Sul,11685,348.631,325522,62878,68968,113243,56617
4118204,Paranaguá,PR,Sul,157378,822.838,13646908,16668,3084711,7071371,919806
4118303,Paranapoema,PR,Sul,3277,175.875,92021,44158,2355,21740,17529
4118402,Paranavaí,PR,Sul,89454,1202.266,3179798,363906,583753,1447194,437670
4118451,Pato Bragado,PR,Sul,5755,135.6,243483,86407,36130,59458,45182
4118501,Pato Branco,PR,Sul,84779,539.087,4548086,408866,744834,2254043,467787
4118600,Paula Freitas,PR,Sul,5942,421.409,439962,194529,24451,148287,32735
4118709,Paulo Frontin,PR,Sul,7418,363.351,396724,202961,22535,102995,40793
4118808,Peabiru,PR,Sul,14017,468.594,454229,200983,17227,133372,70771
4118857,Perobal,PR,Sul,6194,409.05,281883,142356,27833,59391,37064
4118907,Pérola,PR,Sul,11406,236.186,359685,41699,127884,109917,60220
4119004,Pérola d'Oeste,PR,Sul,6232,205.279,237952,100429,9307,76574,33318
4119103,Piên,PR,Sul,13015,254.792,919729,182050,414977,145384,69065
4119152,Pinhais,PR,Sul,134788,60.869,7962954,4480,1783687,3693100,667411
4119202,Pinhalão,PR,Sul,6323,220.625,251475,137423,22151,48388,34323
4119251,Pinhal de São Bento,PR,Sul,2742,97.463,80246,30967,6084,22604,17227
4119301,Pinhão,PR,Sul,32722,2001.588,1794773,367395,960323,246438,162691
4119400,Piraí do Sul,PR,Sul,25779,1345.417,1191670,420693,276399,257060,145264
4119509,Piraquara,PR,Sul,116852,227.042,1543847,62570,165151,615590,513814
4119608,Pitanga,PR,Sul,29686,1663.747,1140790,359232,102086,441483,148003
4119657,Pitangueiras,PR,Sul,3298,123.229,121843,62547,3369,27944,21537
4119707,Planaltina do Paraná,PR,Sul,4281,356.192,103914,31476,11426,27985,25925
4119806,Planalto,PR,Sul,13385,346.241,425326,145713,47649,130236,64200
4119905,Ponta Grossa,PR,Sul,358838,2054.732,19490249,334284,6532268,7693079,1685114
4119954,Pontal do Paraná,PR,Sul,28529,200.41,653317,4517,68288,351069,176181
4120002,Porecatu,PR,Sul,12587,291.663,554196,131803,178491,152261,65161
4120101,Porto Amazonas,PR,Sul,4899,186.581,163131,47941,30170,34766,28734
4120150,Porto Barreiro,PR,Sul,3133,361.02,170013,91064,3658,42303,22013
4120200,Porto Rico,PR,Sul,2554,217.676,108611,17173,7926,50463,24506
4120309,Porto Vitória,PR,Sul,4057,213.013,98738,46098,7941,16534,23660
4120333,Prado Ferreira,PR,Sul,3806,152.876,170927,58657,20456,46440,24982
4120358,Pranchita,PR,Sul,5035,226.14,329443,124246,44829,98233,34338
4120408,Presidente Castelo Branco,PR,Sul,5395,155.734,147400,52329,7209,47118,28751
4120507,Primeiro de Maio,PR,Sul,11138,414.442,371262,131100,30915,119967,59581
4120606,Prudentópolis,PR,Sul,52776,2247.141,1571730,590078,132978,491501,235553
4120655,Quarto Centenário,PR,Sul,4420,321.875,363003,216994,22267,74155,30103
4120705,Quatiguá,PR,Sul,7504,112.689,212114,40237,16949,88579,42877
4120804,Quatro Barras,PR,Sul,24253,180.471,1941120,6092,593342,647594,144992
4120853,Quatro Pontes,PR,Sul,4043,114.393,253567,103789,43399,57388,28399
4120903,Quedas do Iguaçu,PR,Sul,34707,821.503,1466517,215736,706653,297689,164753
4121000,Querência do Norte,PR,Sul,12257,914.763,261216,86166,11706,82397,61079
4121109,Quinta do Sol,PR,Sul,4444,326.177,257471,137817,8349,68653,26276
4121208,Quitandinha,PR,Sul,19388,447.024,509137,191101,40636,144915,94908
4121257,Ramilândia,PR,Sul,4500,237.196,113774,52603,8019,21351,26268
4121307,Rancho Alegre,PR,Sul,3760,167.646,185651,102585,12332,38598,24028
4121356,Rancho Alegre D'Oeste,PR,Sul,2602,241.386,234807,139734,19849,43343,20592
4121406,Realeza,PR,Sul,16976,353.416,743082,171980,73303,334125,84739
4121505,Rebouças,PR,Sul,14991,481.84,536432,245090,62845,123751,77435
4121604,Renascença,PR,Sul,6772,425.273,422523,212346,27168,112378,35959
4121703,Reserva,PR,Sul,26933,1635.535,757378,305688,43418,231693,122971
4121752,Reserva do Iguaçu,PR,Sul,8127,834.232,260028,147293,19022,39550,45120
4121802,Ribeirão Claro,PR,Sul,10622,629.224,383691,94301,77692,120801,66225
4121901,Ribeirão do Pinhal,PR,Sul,12869,374.732,338041,81410,54721,115235,65438
4122008,Rio Azul,PR,Sul,15433,599.056,729564,376924,92358,139733,77570
4122107,Rio Bom,PR,Sul,3162,177.836,104362,56390,4684,18816,20645
4122156,Rio Bonito do Iguaçu,PR,Sul,13240,681.406,441514,219281,12649,112201,68971
4122172,Rio Branco do Ivaí,PR,Sul,4121,376.109,115554,46704,4952,31445,25687
4122206,Rio Branco do Sul,PR,Sul,32635,811.425,1375599,72357,760895,283245,182478
4122305,Rio Negro,PR,Sul,34645,604.138,1298354,160343,404231,424438,166844
4122404,Rolândia,PR,Sul,68165,459.024,3574945,267983,1201520,1328014,351059
4122503,Roncador,PR,Sul,9447,742.121,598091,306950,21560,174745,54251
4122602,Rondon,PR,Sul,9664,555.125,350064,111022,71058,93652,49634
4122651,Rosário do Ivaí,PR,Sul,4595,377.47,129868,55080,6462,33099,28308
4122701,Sabáudia,PR,Sul,6954,190.329,705318,107204,223254,250641,43182
4122800,Salgado Filho,PR,Sul,3389,181.015,124341,70227,5244,21412,21799
4122909,Salto do Itararé,PR,Sul,4862,200.52,103656,47183,3867,21955,27173
4123006,Salto do Lontra,PR,Sul,14957,312.717,529891,196070,82370,144528,71900
4123105,Santa Amélia,PR,Sul,3208,78.045,100856,41455,10726,24075,19788
4123204,Santa Cecília do Pavão,PR,Sul,3253,105.076,153510,46765,20230,53864,21842
4123303,Santa Cruz de Monte Castelo,PR,Sul,7705,442.013,375096,185814,24429,100025,42024
4123402,Santa Fé,PR,Sul,12330,276.241,319674,86999,39833,110150,57614
4123501,Santa Helena,PR,Sul,27036,754.701,1465191,428588,268848,460882,174431
4123600,Santa Inês,PR,Sul,1568,156.935,51485,21604,2192,11103,14843
4123709,Santa Isabel do Ivaí,PR,Sul,8484,349.497,253123,50106,31798,100451,44318
4123808,Santa Izabel do Oeste,PR,Sul,14924,321.182,466992,205617,35281,123660,70570
4123824,Santa Lúcia,PR,Sul,3795,126.813,140108,55731,9014,40809,23496
4123857,Santa Maria do Oeste,PR,Sul,9210,836.669,267310,131410,13585,57279,49234
4123907,Santa Mariana,PR,Sul,11523,427.193,493066,229735,37091,136378,60071
4123956,Santa Mônica,PR,Sul,4052,259.957,91009,33299,7735,18513,24482
4124004,Santana do Itararé,PR,Sul,4916,251.269,171601,90255,8759,35354,29383
4124020,Santa Tereza do Oeste,PR,Sul,10055,326.19,582095,147054,163309,150886,59740
4124053,Santa Terezinha de Itaipu,PR,Sul,23927,268.258,687337,119495,63243,302584,122057
4124103,Santo Antônio da Platina,PR,Sul,46503,721.472,1505597,223510,167429,705008,213659
4124202,Santo Antônio do Caiuá,PR,Sul,2611,219.068,54056,18654,2208,12681,18263
4124301,Santo Antônio do Paraíso,PR,Sul,2032,167.014,106892,54728,8778,20338,18687
4124400,Santo Antônio do Sudoeste,PR,Sul,20354,325.651,648290,192802,110314,201078,97390
4124509,Santo Inácio,PR,Sul,5422,280.133,532112,73589,225914,151080,34050
4124608,São Carlos do Ivaí,PR,Sul,6961,225.079,396026,52617,183438,94381,39141
4124707,São Jerônimo da Serra,PR,Sul,11088,823.774,322891,174570,10025,68292,56026
4124806,São João,PR,Sul,10122,388.059,890618,194521,199756,331015,58591
4124905,São João do Caiuá,PR,Sul,5819,304.413,154592,61101,14923,35425,31450
4125001,São João do Ivaí,PR,Sul,9897,353.331,361197,136407,13519,131244,53133
4125100,São João do Triunfo,PR,Sul,15359,720.407,579555,365237,20749,94795,75582
4125209,São Jorge d'Oeste,PR,Sul,9005,379.545,473334,220621,40563,120414,56540
4125308,São Jorge do Ivaí,PR,Sul,5535,315.088,401315,213338,10353,116624,32620
4125357,São Jorge do Patrocínio,PR,Sul,5532,406.413,145367,47830,12208,39973,36314
4125407,São José da Boa Vista,PR,Sul,6115,399.667,229785,140451,9311,37411,34221
4125456,São José das Palmeiras,PR,Sul,3601,182.419,99024,39034,7584,23927,22887
4125506,São José dos Pinhais,PR,Sul,334620,946.435,27008910,507222,7764413,9987464,1790991
4125555,São Manoel do Paraná,PR,Sul,2165,95.381,62338,23364,3028,12156,19992
4125605,São Mateus do Sul,PR,Sul,47137,1341.714,1516858,428567,192137,552476,211211
4125704,São Miguel do Iguaçu,PR,Sul,27696,851.917,1470081,492674,129742,524579,181006
4125753,São Pedro do Iguaçu,PR,Sul,5745,308.324,247154,122592,8639,66273,33265
4125803,São Pedro do Ivaí,PR,Sul,11109,322.692,370121,96031,63873,113895,52009
4125902,São Pedro do Paraná,PR,Sul,2265,250.654,90323,23264,17043,23908,18540
4126009,São Sebastião da Amoreira,PR,Sul,8865,226.872,300152,131633,11694,88250,44969
4126108,São Tomé,PR,Sul,5778,218.623,163463,63347,13869,39265,34210
4126207,Sapopema,PR,Sul,6708,677.609,153880,55498,18014,32108,37603
4126256,Sarandi,PR,Sul,98888,103.501,2072735,114883,317349,948404,459866
4126272,Saudade do Iguaçu,PR,Sul,5578,152.084,786318,53838,631299,42754,46562
4126306,Sengés,PR,Sul,19441,1441.333,664790,175516,180896,155064,91411
4126355,Serranópolis do Iguaçu,PR,Sul,4460,482.394,291329,171489,8806,60183,33289
4126405,Sertaneja,PR,Sul,5149,444.492,416451,215491,29693,108785,37480
4126504,Sertanópolis,PR,Sul,16456,505.532,690780,168694,86587,274454,94505
4126603,Siqueira Campos,PR,Sul,21476,278.035,706556,128389,153892,258336,103399
4126652,Sulina,PR,Sul,2880,170.759,158520,79910,11679,34940,22010
4126678,Tamarana,PR,Sul,15277,472.155,391581,147207,44359,99022,74328
4126702,Tamboara,PR,Sul,5196,193.346,126316,38780,15285,32629,27346
4126801,Tapejara,PR,Sul,16480,591.399,496650,101722,109616,161423,87523
4126900,Tapira,PR,Sul,5452,434.371,153423,57915,9638,44613,30628
4127007,Teixeira Soares,PR,Sul,12761,902.793,616404,389144,24759,110095,61097
4127106,Telêmaco Borba,PR,Sul,80588,1382.86,4913441,297368,2683081,1180581,384408
4127205,Terra Boa,PR,Sul,17304,320.85,569416,140224,118096,173994,93077
4127304,Terra Rica,PR,Sul,17054,700.599,376155,93884,45470,125658,85518
4127403,Terra Roxa,PR,Sul,17562,800.807,896105,346675,91834,287032,93656
4127502,Tibagi,PR,Sul,20688,2977.933,1440060,788244,128749,317182,121519
4127601,Tijucas do Sul,PR,Sul,17295,671.889,576384,90338,138566,207823,85116
4127700,Toledo,PR,Sul,144601,1198.049,7482190,856166,1884833,3121508,731234
4127809,Tomazina,PR,Sul,7699,591.438,324156,176267,22257,68862,41015
4127858,Três Barras do Paraná,PR,Sul,12036,505.505,435956,195568,43267,103508,67449
4127882,Tunas do Paraná,PR,Sul,9269,668.478,144129,23876,25522,39479,44365
4127908,Tuneiras do Oeste,PR,Sul,8502,698.871,233721,102606,16188,56911,45741
4127957,Tupãssi,PR,Sul,8105,299.769,431427,175515,22907,145444,50160
4127965,Turvo,PR,Sul,12977,938.966,601622,162255,186098,131716,69752
4128005,Ubiratã,PR,Sul,20809,652.581,1713942,448939,437130,549035,120405
4128104,Umuarama,PR,Sul,113416,1234.537,4103610,152985,689552,2241976,535495
4128203,União da Vitória,PR,Sul,58298,719.998,1959155,107959,506840,866310,282874
4128302,Uniflor,PR,Sul,2623,94.819,99878,55560,4388,17309,18748
4128401,Uraí,PR,Sul,11233,237.81,367846,138593,40601,109926,56608
4128500,Wenceslau Braz,PR,Sul,19358,397.916,711221,162753,56342,325491,91625
4128534,Ventania,PR,Sul,12267,819.334,347603,162343,17864,81218,62643
4128559,Vera Cruz do Oeste,PR,Sul,8389,327.09,341108,173534,12069,91302,44296
4128609,Verê,PR,Sul,7094,311.801,499728,196796,56873,161876,41316
4128625,Alto Paraíso,PR,Sul,2630,967.772,113661,53554,6566,21954,25564
4128633,Doutor Ulysses,PR,Sul,5525,777.482,99207,47424,2354,15144,31658
4128658,Virmond,PR,Sul,4051,249.094,189728,85233,21429,44878,25156
4128708,Vitorino,PR,Sul,6879,308.218,498334,175238,43170,192138,37094
4128807,Xambrê,PR,Sul,5584,359.712,119631,40875,10467,29383,31975
4200051,Abdon Batista,SC,Sul,2534,237.517,75131,29846,3426,16052,22297
4200101,Abelardo Luz,SC,Sul,18015,953.992,785908,253354,99921,278883,100028
4200200,Agrolândia,SC,Sul,11160,206.815,396148,55176,127231,119960,61677
4200309,Agronômica,SC,Sul,5570,129.774,232893,69700,46955,58195,32887
4200408,Água Doce,SC,Sul,7160,1319.137,651092,194892,226011,145766,47717
4200507,Águas de Chapecó,SC,Sul,6544,139.511,137707,51529,8299,36815,35180
4200556,Águas Frias,SC,Sul,2341,76.631,163075,31273,29828,63112,18041
4200606,Águas Mornas,SC,Sul,6646,326.66,199590,51585,22263,77980,35814
4200705,Alfredo Wagner,SC,Sul,10136,733.489,336469,153641,17235,108411,43305
4200754,Alto Bela Vista,SC,Sul,1915,103.433,78996,31861,9183,16674,16834
4200804,Anchieta,SC,Sul,5477,232.348,203805,64150,34190,56864,34697
4200903,Angelina,SC,Sul,4686,499.998,174561,76673,17932,45588,28030
4201000,Anita Garibaldi,SC,Sul,6783,589.812,231507,85974,26832,64174,44289
4201109,Anitápolis,SC,Sul,3223,540.636,84568,30441,5423,23876,21332
4201208,Antônio Carlos,SC,Sul,8712,234.422,796531,244182,184385,230888,54865
4201257,Apiúna,SC,Sul,10951,493.49,442460,19360,141491,143997,65417
4201273,Arabutã,SC,Sul,4268,132.779,284414,89179,80034,61054,30939
4201307,Araquari,SC,Sul,40890,386.693,7488000,101624,2605745,2001888,244247
4201406,Araranguá,SC,Sul,69493,301.819,2385270,147412,374558,1319471,315506
4201505,Armazém,SC,Sul,8843,173.958,272106,55432,53719,86766,48585
4201604,Arroio Trinta,SC,Sul,3547,93.53,125953,38018,14180,40813,24724
4201653,Arvoredo,SC,Sul,2228,90.503,203872,47415,89091,28724,18326
4201703,Ascurra,SC,Sul,8021,112.884,244991,10123,53554,111424,43070
4201802,Atalanta,SC,Sul,3179,94.383,125981,40859,16357,40038,22867
4201901,Aurora,SC,Sul,5687,207.045,406918,104160,87277,128506,36177
4201950,Balneário Arroio do Silva,SC,Sul,13782,94.477,221907,22435,9397,107623,70841
4202008,Balneário Camboriú,SC,Sul,149227,45.214,7358669,22555,802039,4538550,1169952
4202057,Balneário Barra do Sul,SC,Sul,11271,108.914,254639,21374,23001,123508,70953
4202073,Balneário Gaivota,SC,Sul,11537,146.834,216995,28838,18807,89547,68767
4202081,Bandeirante,SC,Sul,2618,148.074,102212,28332,25086,21734,20735
4202099,Barra Bonita,SC,Sul,1625,92.561,52281,26896,2447,6992,14636
4202107,Barra Velha,SC,Sul,30539,138.947,2372445,63745,209301,1513430,195439
4202131,Bela Vista do Toldo,SC,Sul,6386,535.682,196847,110209,7115,35104,39437
4202156,Belmonte,SC,Sul,2712,93.852,57652,20641,1629,14240,19088
4202206,Benedito Novo,SC,Sul,11896,388.291,470160,20418,210167,118331,60692
4202305,Biguaçu,SC,Sul,70471,365.755,2670278,121061,434983,1379495,371032
4202404,Blumenau,SC,Sul,366418,518.619,20579490,120512,4729190,10521313,2024063
4202438,Bocaina do Sul,SC,Sul,3501,510.673,135898,78647,6732,22365,24015
4202453,Bombinhas,SC,Sul,20889,35.143,877594,33298,125698,484998,170919
4202503,Bom Jardim da Serra,SC,Sul,4801,938.516,371658,159136,117382,59480,29195
4202537,Bom Jesus,SC,Sul,3104,63.883,159057,27973,39682,54208,21129
4202578,Bom Jesus do Oeste,SC,Sul,2136,67.777,73702,31422,5717,16623,16905
4202602,Bom Retiro,SC,Sul,10153,1057.034,422363,199308,30128,121692,52323
4202701,Botuverá,SC,Sul,5396,296.256,430641,17497,233982,77253,35146
4202800,Braço do Norte,SC,Sul,34294,212.045,1745017,152487,453312,741550,185472
4202859,Braço do Trombudo,SC,Sul,3794,89.411,250151,16316,116826,54661,28222
4202875,Brunópolis,SC,Sul,2318,336.439,137959,73419,4470,37154,17538
4202909,Brusque,SC,Sul,140597,284.675,8724534,6559,2672351,3562044,810741
4203006,Caçador,SC,Sul,80017,983.424,4703416,207717,1946905,1441933,397420
4203105,Caibi,SC,Sul,6112,173.079,316775,79138,73932,101826,36403
4203154,Calmon,SC,Sul,3325,636.208,97691,52355,2924,14898,24423
4203204,Camboriú,SC,Sul,87179,210.568,2242672,43032,309179,1174322,441096
4203253,Capão Alto,SC,Sul,2467,1331.962,235019,115897,25047,54286,27450
4203303,Campo Alegre,SC,Sul,11985,499.216,699703,51047,320177,173332,69206
4203402,Campo Belo do Sul,SC,Sul,6889,1025.638,333024,188441,21835,66435,43283
4203501,Campo Erê,SC,Sul,8312,479.161,437829,125540,43502,189946,49384
4203600,Campos Novos,SC,Sul,36861,1717.697,2610347,443451,582985,1040697,234288
4203709,Canelinha,SC,Sul,12553,151.008,295662,7096,76485,112221,67377
4203808,Canoinhas,SC,Sul,54558,1148.036,2203147,475770,319195,942646,286613
4203907,Capinzal,SC,Sul,23218,244.057,1070740,90411,327183,406528,128724
4203956,Capivari de Baixo,SC,Sul,25477,53.222,1348603,15546,904014,241699,146954
4204004,Catanduvas,SC,Sul,11106,199.166,530881,43939,170812,191136,62785
4204103,Caxambu do Sul,SC,Sul,3462,140.873,164148,55787,22789,50031,25486
4204152,Celso Ramos,SC,Sul,2709,208.391,65903,18778,3400,17371,22632
4204178,Cerro Negro,SC,Sul,3013,418.544,141416,85043,5004,26597,21509
4204194,Chapadão do Lageado,SC,Sul,3025,124.866,97932,51856,4620,17082,21598
4204202,Chapecó,SC,Sul,227587,624.846,13694780,253596,3391868,7093466,1223422
4204251,Cocal do Sul,SC,Sul,16956,70.965,888493,32311,325651,294334,103190
4204301,Concórdia,SC,Sul,75683,799.194,4559829,312111,1115389,2177609,404194
4204350,Cordilheira Alta,SC,Sul,4585,83.556,434573,56052,54184,236369,33048
4204400,Coronel Freitas,SC,Sul,9900,233.698,381583,94459,85013,115395,55989
4204459,Coronel Martins,SC,Sul,2560,107.502,57378,22265,2196,13505,17308
4204509,Corupá,SC,Sul,16300,405.761,797605,208628,210024,219340,90822
4204558,Correia Pinto,SC,Sul,12315,647.388,591364,91134,207145,158987,76417
4204608,Criciúma,SC,Sul,219393,234.865,10065323,56718,2256227,5047336,1099694
4204707,Cunha Porã,SC,Sul,11150,220.099,927562,102198,199393,442216,62214
4204756,Cunhataí,SC,Sul,1972,54.811,66625,31377,2750,14789,14956
4204806,Curitibanos,SC,Sul,40037,949.865,1875348,116615,579542,794309,193630
4204905,Descanso,SC,Sul,8136,287.057,299006,110542,16286,112938,42212
4205001,Dionísio Cerqueira,SC,Sul,15592,378.843,636297,99876,23512,313645,84275
4205100,Dona Emma,SC,Sul,4224,178.157,165733,30065,55782,40421,26885
4205159,Doutor Pedrinho,SC,Sul,4164,374.205,175716,11819,73017,35047,25531
4205175,Entre Rios,SC,Sul,3232,103.888,60606,22462,1538,12751,22057
4205191,Ermo,SC,Sul,2059,65.311,176552,39966,59781,43246,16756
4205209,Erval Velho,SC,Sul,4423,208.841,183149,66925,17162,59725,27580
4205308,Faxinal dos Guedes,SC,Sul,10630,340.07,758371,192990,181048,206175,66221
4205357,Flor do Sertão,SC,Sul,1575,58.457,64278,18857,8933,16373,15712
4205407,Florianópolis,SC,Sul,516524,674.844,23559947,75454,1668679,15084989,2994962
4205431,Formosa do Sul,SC,Sul,2481,100.408,78637,26169,6718,22916,18802
4205456,Forquilhinha,SC,Sul,27621,183.351,1224548,136864,372147,436690,146185
4205506,Fraiburgo,SC,Sul,36723,549.188,1273659,203801,212542,518004,203633
4205555,Frei Rogério,SC,Sul,1918,158.775,102098,51735,5305,24725,17023
4205605,Galvão,SC,Sul,2711,139.836,99963,29836,9200,34300,20778
4205704,Garopaba,SC,Sul,24070,114.773,773365,20305,81404,446440,140980
4205803,Garuva,SC,Sul,18816,503.595,2033242,43213,920172,530169,118271
4205902,Gaspar,SC,Sul,71925,386.616,4157383,29665,1404881,1718818,374955
4206009,Governador Celso Ramos,SC,Sul,14739,127.556,449768,60335,39744,202324,112102
4206108,Grão-Pará,SC,Sul,6621,334.362,329166,101341,68405,90973,41192
4206207,Gravatal,SC,Sul,11652,165.718,387304,26387,99886,166678,62870
4206306,Guabiruba,SC,Sul,24922,172.173,1262926,4391,414396,416792,131963
4206405,Guaraciaba,SC,Sul,9964,331.766,454637,144044,58090,160055,57375
4206504,Guaramirim,SC,Sul,46757,267.514,2514410,74200,779485,1014761,268433
4206603,Guarujá do Sul,SC,Sul,5196,100.63,202565,35257,44679,68830,32309
4206652,Guatambú,SC,Sul,4692,206.196,354999,72173,125701,78248,33348
4206702,Herval d'Oeste,SC,Sul,22820,216.581,624023,50454,120451,271309,123250
4206751,Ibiam,SC,Sul,1952,146.009,75608,36937,7323,11343,16030
4206801,Ibicaré,SC,Sul,3154,156.439,145418,58346,15093,40151,22642
4206900,Ibirama,SC,Sul,19238,247.102,599219,25672,152575,245959,109123
4207007,Içara,SC,Sul,58055,230.393,3521710,121901,1133577,1545645,295489
4207106,Ilhota,SC,Sul,14531,253.024,1215356,57229,201934,623216,90685
4207205,Imaruí,SC,Sul,9764,542.238,252843,89816,32605,71819,51040
4207304,Imbituba,SC,Sul,45711,181.577,2502978,55967,317188,1431461,272305
4207403,Imbuia,SC,Sul,6284,119.113,260687,99350,13600,96354,35907
4207502,Indaial,SC,Sul,72346,430.799,3675993,26630,1340369,1413064,379570
4207577,Iomerê,SC,Sul,2979,113.986,227780,76072,69005,42988,21547
4207601,Ipira,SC,Sul,4367,155.651,107135,36027,6676,30390,29664
4207650,Iporã do Oeste,SC,Sul,9093,200.96,381311,142247,26587,136051,49874
4207684,Ipuaçu,SC,Sul,7643,261.081,321243,73961,108935,72261,44907
4207700,Ipumirim,SC,Sul,7647,245.921,465730,95165,155716,123090,46636
4207759,Iraceminha,SC,Sul,3901,165.147,133806,57592,6889,34912,25041
4207809,Irani,SC,Sul,10575,325.862,282690,73491,27435,107273,56262
4207858,Irati,SC,Sul,1887,77.912,56619,15730,6023,14663,16105
4207908,Irineópolis,SC,Sul,11354,589.698,458977,192747,22014,155141,65962
4208005,Itá,SC,Sul,6091,166.265,404732,68268,111763,131296,46219
4208104,Itaiópolis,SC,Sul,21889,1297.543,1047675,322531,233673,291374,120740
4208203,Itajaí,SC,Sul,226617,289.215,47757207,101270,3907278,20856461,1633112
4208302,Itapema,SC,Sul,69323,58.21,2889464,10291,645029,1422155,463824
4208401,Itapiranga,SC,Sul,17139,281.782,1064833,174837,326220,350414,101106
4208450,Itapoá,SC,Sul,21766,245.394,1688955,28726,69990,899610,162489
4208500,Ituporanga,SC,Sul,25619,336.588,1399717,278775,333171,530838,137445
4208609,Jaborá,SC,Sul,3899,182.483,181354,72986,17353,49531,27500
4208708,Jacinto Machado,SC,Sul,10337,430.704,529785,132480,130616,166197,53663
4208807,Jaguaruna,SC,Sul,20547,326.362,852029,105209,127554,454592,110327
4208906,Jaraguá do Sul,SC,Sul,184579,530.894,12053539,95606,4529692,4400392,1009005
4208955,Jardinópolis,SC,Sul,1520,68.499,67321,25434,7982,15332,15433
4209003,Joaçaba,SC,Sul,30684,241.637,2381234,88356,544798,1271907,199122
4209102,Joinville,SC,Sul,604708,1127.947,45074735,161182,11937738,18178228,3385040
4209151,José Boiteux,SC,Sul,5019,405.552,130477,33623,23591,34359,31991
4209177,Jupiá,SC,Sul,2083,91.448,88240,29350,15564,19185,17614
4209201,Lacerdópolis,SC,Sul,2248,69.036,137761,41278,26679,40171,17748
4209300,Lages,SC,Sul,157158,2637.66,6577420,240400,1298813,3380704,890545
4209409,Laguna,SC,Sul,46424,333.26,1093923,130256,93220,570498,230254
4209458,Lajeado Grande,SC,Sul,1408,65.348,59139,28335,3658,12087,12769
4209508,Laurentino,SC,Sul,7154,79.333,444804,23768,129537,187364,42970
4209607,Lauro Müller,SC,Sul,15380,271.852,418821,48823,102072,152681,88515
4209706,Lebon Régis,SC,Sul,12122,941.64,416800,165854,54324,112207,62185
4209805,Leoberto Leal,SC,Sul,2960,293.6,119785,55114,7669,31542,21642
4209854,Lindóia do Sul,SC,Sul,4530,190.171,151920,78963,9559,30004,27443
4209904,Lontras,SC,Sul,12497,197.586,466218,41001,98154,192804,67560
4210001,Luiz Alves,SC,Sul,13347,260.106,792775,185372,230216,201607,75814
4210035,Luzerna,SC,Sul,5683,117.099,292995,35526,105928,83326,37480
4210050,Macieira,SC,Sul,1757,261.208,59147,28093,4482,8734,16001
4210100,Mafra,SC,Sul,56825,1404.084,2490227,356576,515468,1085597,297160
4210209,Major Gercino,SC,Sul,3465,306.058,62144,15987,5362,14825,23113
4210308,Major Vieira,SC,Sul,8209,520.816,300319,113611,33331,87932,45266
4210407,Maracajá,SC,Sul,7461,62.902,273081,27992,49645,126148,40907
4210506,Maravilha,SC,Sul,26463,170.339,1794179,68494,628961,658210,146974
4210555,Marema,SC,Sul,1703,104.184,97312,58960,2752,15543,17169
4210605,Massaranduba,SC,Sul,17330,374.459,751874,128166,212483,239001,94532
4210704,Matos Costa,SC,Sul,2442,435.391,62590,26709,2730,12893,18318
4210803,Meleiro,SC,Sul,6989,186.439,340386,115204,41942,120232,41733
4210852,Mirim Doce,SC,Sul,2257,337.991,89444,31814,17260,17616,18073
4210902,Modelo,SC,Sul,4227,92.346,170306,47080,32810,52394,25848
4211009,Mondaí,SC,Sul,12034,200.276,1089189,79175,535335,281766,65790
4211058,Monte Carlo,SC,Sul,9945,191.278,233427,54207,44193,64314,58333
4211108,Monte Castelo,SC,Sul,8263,560.743,237437,57035,31228,87533,44921
4211207,Morro da Fumaça,SC,Sul,18095,82.818,922592,16711,360134,301441,101688
4211256,Morro Grande,SC,Sul,2884,260.143,145130,44194,35893,33322,21274
4211306,Navegantes,SC,Sul,85734,111.377,6143029,138103,1013213,2910950,495145
4211405,Nova Erechim,SC,Sul,5163,65.087,248377,60835,56167,81070,31585
4211454,Nova Itaberaba,SC,Sul,4327,137.388,189439,42747,55346,40191,28887
4211504,Nova Trento,SC,Sul,15010,402.852,691559,23443,330221,187247,78783
4211603,Nova Veneza,SC,Sul,15515,295.061,1074610,114355,378007,353832,87589
4211652,Novo Horizonte,SC,Sul,2366,151.722,119844,42781,25358,26465,17162
4211702,Orleans,SC,Sul,23161,549.859,1188044,152445,326660,424858,129321
4211751,Otacílio Costa,SC,Sul,19201,847.253,998100,127280,390055,258871,118179
4211801,Ouro,SC,Sul,7251,213.543,252631,95435,24856,74519,41740
4211850,Ouro Verde,SC,Sul,2197,188.568,137266,74510,4115,36254,17302
4211876,Paial,SC,Sul,1444,86.048,58314,21085,4617,13081,14903
4211892,Painel,SC,Sul,2352,738.331,84941,48032,2389,14479,17930
4211900,Palhoça,SC,Sul,178679,394.85,8210037,51110,1158658,4245621,1022737
4212007,Palma Sola,SC,Sul,7321,330.878,332287,96306,12033,153513,43614
4212056,Palmeira,SC,Sul,2673,289.097,187897,66429,55811,30195,21428
4212106,Palmitos,SC,Sul,16144,351.051,913813,269137,58690,429786,81902
4212205,Papanduva,SC,Sul,19521,764.737,853826,199739,188620,293591,97692
4212239,Paraíso,SC,Sul,3284,180.338,143301,43924,28162,36931,23525
4212254,Passo de Torres,SC,Sul,9269,92.638,237368,28781,19958,119723,53194
4212270,Passos Maia,SC,Sul,4072,617.092,175185,102387,10860,28027,27749
4212304,Paulo Lopes,SC,Sul,7642,446.165,250073,39666,28558,118372,45716
4212403,Pedras Grandes,SC,Sul,3931,159.891,243931,59675,62213,71958,26323
4212502,Penha,SC,Sul,34022,57.752,1037153,66822,121453,551779,197201
4212601,Peritiba,SC,Sul,2733,96.168,120957,30537,15847,46292,19602
4212650,Pescaria Brava,SC,Sul,10225,106.853,119468,5294,10430,43533,54237
4212700,Petrolândia,SC,Sul,5873,306.76,223564,86523,20709,69276,33952
4212809,Balneário Piçarras,SC,Sul,24385,99.355,1513947,59633,233847,667487,160299
4212908,Pinhalzinho,SC,Sul,21103,128.726,1514219,84313,575318,538923,120275
4213005,Pinheiro Preto,SC,Sul,3635,61.011,227282,40509,65359,58766,25547
4213104,Piratuba,SC,Sul,3637,146.088,801159,37415,620211,98281,33492
4213153,Planalto Alegre,SC,Sul,2907,63.1,141935,47353,7827,55787,20966
4213203,Pomerode,SC,Sul,34561,214.299,2806453,31201,976319,805348,221105
4213302,Ponte Alta,SC,Sul,4619,575.17,175776,58456,36993,38960,30719
4213351,Ponte Alta do Norte,SC,Sul,3426,396.882,166641,65666,32647,31434,24536
4213401,Ponte Serrada,SC,Sul,11674,560.731,291075,80923,26542,106173,60652
4213500,Porto Belo,SC,Sul,22466,93.673,1472149,33796,136544,945434,149322
4213609,Porto União,SC,Sul,35685,848.779,1149833,107608,300732,462955,172604
4213708,Pouso Redondo,SC,Sul,17965,356.539,719081,76167,212709,269089,90165
4213807,Praia Grande,SC,Sul,7305,284.36,223279,44600,25348,100509,37441
4213906,Presidente Castello Branco,SC,Sul,1526,65.433,75923,31305,2815,19773,16864
4214003,Presidente Getúlio,SC,Sul,17973,297.16,985125,79440,397134,317799,101843
4214102,Presidente Nereu,SC,Sul,2279,224.748,62744,24918,3698,14876,17076
4214151,Princesa,SC,Sul,2950,85.598,135911,32983,44960,22469,21876
4214201,Quilombo,SC,Sul,9773,278.983,462642,85829,128114,153807,52106
4214300,Rancho Queimado,SC,Sul,2897,286.461,165751,69531,13839,50271,22354
4214409,Rio das Antas,SC,Sul,6199,314.913,288090,128246,42450,56437,42430
4214508,Rio do Campo,SC,Sul,5864,502.095,212941,72003,27790,63253,36732
4214607,Rio do Oeste,SC,Sul,7552,245.057,276136,109044,31932,78362,41643
4214706,Rio dos Cedros,SC,Sul,11937,555.473,475005,39232,151591,172072,62156
4214805,Rio do Sul,SC,Sul,72931,260.817,3690347,31947,765570,1987907,416920
4214904,Rio Fortuna,SC,Sul,4630,302.39,302785,104014,93511,58556,28559
4215000,Rio Negrinho,SC,Sul,42684,907.42,1614643,75101,497243,632678,229572
4215059,Rio Rufino,SC,Sul,2484,282.571,70066,32641,2976,14339,18188
4215075,Riqueza,SC,Sul,4525,191.061,147665,46111,21103,43372,28553
4215109,Rodeio,SC,Sul,11647,129.001,390081,25957,108787,139167,61352
4215208,Romelândia,SC,Sul,4584,223.333,111333,48643,2743,28343,27674
4215307,Salete,SC,Sul,7674,177.887,318174,40586,110222,99286,45288
4215356,Saltinho,SC,Sul,3727,156.568,93630,37067,6830,22345,23614
4215406,Salto Veloso,SC,Sul,4792,104.531,266923,26234,87874,93630,30706
4215455,Sangão,SC,Sul,13128,82.984,466692,19910,149923,127810,65697
4215505,Santa Cecília,SC,Sul,17004,1145.845,662060,70364,240240,192888,95047
4215554,Santa Helena,SC,Sul,2178,81.004,103613,33039,21176,24205,17306
4215604,Santa Rosa de Lima,SC,Sul,2151,203.218,72830,27208,7335,15555,19354
4215653,Santa Rosa do Sul,SC,Sul,8397,150.299,199094,53004,10615,74695,47029
4215679,Santa Terezinha,SC,Sul,8760,715.551,268988,121067,26612,61305,47939
4215687,Santa Terezinha do Progresso,SC,Sul,2317,119.653,65119,24151,7355,13079,17483
4215695,Santiago do Sul,SC,Sul,1211,73.335,48482,16312,4128,12064,13890
4215703,Santo Amaro da Imperatriz,SC,Sul,23907,344.235,1256507,36488,620128,399328,135384
4215752,São Bernardino,SC,Sul,2239,149.891,88164,30720,15766,18982,17345
4215802,São Bento do Sul,SC,Sul,86317,495.772,4697511,64366,1915426,1657827,482136
4215901,São Bonifácio,SC,Sul,2791,461.438,112432,26427,23823,33869,19387
4216008,São Carlos,SC,Sul,11456,162.12,520825,118742,150364,147121,64044
4216057,São Cristóvão do Sul,SC,Sul,5646,345.903,219812,28269,66091,65461,33660
4216107,São Domingos,SC,Sul,9422,367.525,450004,111814,101209,157898,48437
4216206,São Francisco do Sul,SC,Sul,54751,493.266,8516615,37018,3145502,3223222,361017
4216255,São João do Oeste,SC,Sul,6423,163.747,353230,109596,62043,110046,38884
4216305,São João Batista,SC,Sul,39719,200.765,1029819,19831,306958,393246,193175
4216354,São João do Itaperiú,SC,Sul,3784,151.885,338152,94603,110152,76218,27268
4216404,São João do Sul,SC,Sul,7332,184.375,282920,106917,22832,95292,41540
4216503,São Joaquim,SC,Sul,27322,1888.634,1133378,483707,56441,404482,140728
4216602,São José,SC,Sul,253705,150.499,13840195,9971,1507100,7911688,1337225
4216701,São José do Cedro,SC,Sul,13811,280.76,568200,109036,112565,215672,77647
4216800,São José do Cerrito,SC,Sul,8054,948.714,318824,155721,47799,65133,40051
4216909,São Lourenço do Oeste,SC,Sul,24501,356.193,1389521,88702,404413,545332,146849
4217006,São Ludgero,SC,Sul,13886,106.765,929265,178637,286433,270385,76314
4217105,São Martinho,SC,Sul,3162,224.566,109266,35910,9945,34208,20829
4217154,São Miguel da Boa Vista,SC,Sul,1794,72.755,50300,22593,1164,9622,15343
4217204,São Miguel do Oeste,SC,Sul,41246,234.202,2174480,84879,529496,1106142,222905
4217253,São Pedro de Alcântara,SC,Sul,6046,139.196,101140,21106,7299,33888,32675
4217303,Saudades,SC,Sul,9874,205.781,527168,98201,179098,133040,52751
4217402,Schroeder,SC,Sul,22605,165.237,759499,33413,230649,278337,116520
4217501,Seara,SC,Sul,17610,309.627,1178644,156687,394792,388888,102127
4217550,Serra Alta,SC,Sul,3249,90.564,118038,37282,14639,37124,20484
4217600,Siderópolis,SC,Sul,14176,262.004,679557,34887,291547,221068,76079
4217709,Sombrio,SC,Sul,31084,143.457,910386,180626,133752,382999,146622
4217758,Sul Brasil,SC,Sul,2386,113.125,83395,36760,6052,19602,16668
4217808,Taió,SC,Sul,18576,693.847,844678,134781,183930,330866,99964
4217907,Tangará,SC,Sul,8648,390.044,600872,136334,201333,147617,56454
4217956,Tigrinhos,SC,Sul,1606,56.962,65554,24486,7996,14314,15465
4218004,Tijucas,SC,Sul,39889,279.159,2438156,48606,556676,1155307,231877
4218103,Timbé do Sul,SC,Sul,5338,328.507,154885,59263,7969,47077,32400
4218202,Timbó,SC,Sul,45703,128.313,2534741,14515,876012,1009577,255853
4218251,Timbó Grande,SC,Sul,8003,596.344,303296,64362,117478,55595,46241
4218301,Três Barras,SC,Sul,19455,436.496,1522852,59846,882484,296497,118301
4218350,Treviso,SC,Sul,4002,156.61,232257,9545,118205,56045,34855
4218400,Treze de Maio,SC,Sul,7104,159.833,199732,43533,30055,68779,38459
4218509,Treze Tílias,SC,Sul,8138,185.937,829532,66979,309995,295248,52869
4218608,Trombudo Central,SC,Sul,7506,109.648,437965,45095,177041,110191,44658
4218707,Tubarão,SC,Sul,107143,301.485,4817596,73585,856170,2843749,535584
4218756,Tunápolis,SC,Sul,4507,132.939,182316,88933,10300,45322,29431
4218806,Turvo,SC,Sul,13080,235.104,737916,146869,166715,287802,68873
4218855,União do Oeste,SC,Sul,2364,92.857,85132,35505,5737,21614,18822
4218905,Urubici,SC,Sul,11311,1021.371,356315,118694,14822,139498,63726
4218954,Urupema,SC,Sul,2453,350.472,88459,46234,3277,18283,18344
4219002,Urussanga,SC,Sul,21419,254.954,1087691,49833,466994,328297,124566
4219101,Vargeão,SC,Sul,3569,166.685,201010,60911,35579,61806,24089
4219150,Vargem,SC,Sul,2387,350.606,116146,25472,49988,19098,19085
4219176,Vargem Bonita,SC,Sul,4411,299.807,539920,49497,290998,103029,32861
4219200,Vidal Ramos,SC,Sul,6321,346.932,354849,87141,96484,99593,40076
4219309,Videira,SC,Sul,54145,384.127,3456102,266365,990766,1432744,305964
4219358,Vitor Meireles,SC,Sul,4907,370.414,142288,54767,11893,39554,29483
4219408,Witmarsum,SC,Sul,4032,153.776,175208,41815,45945,48648,27069
4219507,Xanxerê,SC,Sul,52290,377.426,2639977,152013,470725,1456984,263250
4219606,Xavantina,SC,Sul,3873,218.032,211880,103298,31516,43524,25472
4219705,Xaxim,SC,Sul,29254,293.628,1471922,168907,526442,452698,164829
4219853,Zortéa,SC,Sul,3432,190.179,103657,36854,4274,32246,25637
4220000,Balneário Rincão,SC,Sul,13129,63.42,294751,8564,24828,165235,73319
4300034,Aceguá,RS,Sul,4981,1551.339,458226,269423,20614,99176,45050
4300059,Água Santa,RS,Sul,3738,291.503,547413,158098,24609,266706,28221
4300109,Agudo,RS,Sul,16344,534.624,667877,201173,101413,195298,99025
4300208,Ajuricaba,RS,Sul,6951,322.674,521060,247931,36131,152360,44355
4300307,Alecrim,RS,Sul,5710,316.394,162073,61909,4543,54718,32254
4300406,Alegrete,RS,Sul,72493,7800.428,3079886,1129605,260842,1042682,431648
4300455,Alegria,RS,Sul,3287,172.794,156623,75782,3775,39468,27214
4300471,Almirante Tamandaré do Sul,RS,Sul,1935,265.042,276412,156682,28161,52314,19605
4300505,Alpestre,RS,Sul,5885,325.979,196384,67276,25566,44935,50267
4300554,Alto Alegre,RS,Sul,1590,115.335,106142,62503,2952,20172,15899
4300570,Alto Feliz,RS,Sul,3043,78.175,161549,43493,51051,25889,23132
4300604,Alvorada,RS,Sul,212352,71.7,3302273,1326,475712,1415572,1066413
4300638,Amaral Ferrador,RS,Sul,7136,505.983,147633,58337,4029,35723,44830
4300646,Ametista do Sul,RS,Sul,7396,93.704,177772,25211,44190,44540,45173
4300661,André da Rocha,RS,Sul,1351,331.208,193090,137605,5517,29134,14485
4300703,Anta Gorda,RS,Sul,5941,242.1,322293,130820,20626,98989,36053
4300802,Antônio Prado,RS,Sul,13041,347.541,797513,83539,262422,254353,80503
4300851,Arambaré,RS,Sul,3544,518.193,285089,190606,10440,46394,31119
4300877,Araricá,RS,Sul,5840,35.391,236432,1258,91220,66929,45460
4300901,Aratiba,RS,Sul,6145,342.279,946972,113659,698597,64230,53002
4301008,Arroio do Meio,RS,Sul,21121,157.088,1536560,89636,618764,452912,120175
4301057,Arroio do Sal,RS,Sul,10483,119.16,285580,3597,25137,153272,79718
4301073,Arroio do Padre,RS,Sul,2966,124.693,76785,32441,2805,14103,23741
4301107,Arroio dos Ratos,RS,Sul,14201,425.791,357348,85045,37878,120838,88920
4301206,Arroio do Tigre,RS,Sul,13452,315.132,429273,163723,28258,131096,78882
4301305,Arroio Grande,RS,Sul,18185,2508.557,1131512,675999,45049,246321,112714
4301404,Arvorezinha,RS,Sul,10422,269.31,336248,83484,35137,129312,58532
4301503,Augusto Pestana,RS,Sul,6545,348.231,504184,243198,22390,161680,41168
4301552,Áurea,RS,Sul,3517,156.727,163439,68471,13628,43895,26470
4301602,Bagé,RS,Sul,121518,4090.36,3748437,398452,422684,1781942,769883
4301636,Balneário Pinhal,RS,Sul,14645,102.387,312095,26133,23357,139668,100671
4301651,Barão,RS,Sul,6232,124.757,308102,39226,130019,51687,36778
4301701,Barão de Cotegipe,RS,Sul,6616,260.505,341674,123848,37643,105471,40890
4301750,Barão do Triunfo,RS,Sul,7550,436.101,142319,65886,4638,22594,43581
4301800,Barracão,RS,Sul,5237,515.469,317085,185122,18380,62411,36671
4301859,Barra do Guarita,RS,Sul,3266,62.801,56812,18574,2434,12019,21840
4301875,Barra do Quaraí,RS,Sul,4238,1055.937,386183,263546,14222,58128,36264
4301909,Barra do Ribeiro,RS,Sul,13618,729.316,507428,222007,49672,123807,77893
4301925,Barra do Rio Azul,RS,Sul,1621,146.995,80748,52726,1288,8898,15671
4301958,Barra Funda,RS,Sul,2563,60.437,165030,38373,33653,49364,23271
4302006,Barros Cassal,RS,Sul,11167,647.994,244514,103558,8188,56711,64832
4302055,Benjamin Constant do Sul,RS,Sul,1924,132.351,49314,19516,2756,8674,16897
4302105,Bento Gonçalves,RS,Sul,123090,272.287,7498525,104329,2456586,2985354,747145
4302154,Boa Vista das Missões,RS,Sul,2087,196.064,238522,159797,5544,43131,18848
4302204,Boa Vista do Buricá,RS,Sul,6712,109.541,326887,82079,41300,129473,40622
4302220,Boa Vista do Cadeado,RS,Sul,2466,701.221,468752,331894,10627,81630,25043
4302238,Boa Vista do Incra,RS,Sul,2628,504.114,384174,273986,9128,60471,27162
4302253,Boa Vista do Sul,RS,Sul,2773,94.399,120127,32490,25930,24111,20597
4302303,Bom Jesus,RS,Sul,11270,2622.837,613624,328272,47849,139984,71006
4302352,Bom Princípio,RS,Sul,14446,88.66,906596,35807,295438,308256,83716
4302378,Bom Progresso,RS,Sul,1858,89.206,86280,41337,3421,18498,19308
4302402,Bom Retiro do Sul,RS,Sul,12448,102.54,403056,33550,123410,126227,73366
4302451,Boqueirão do Leão,RS,Sul,7691,265.952,150395,69998,6637,27464,41281
4302501,Bossoroca,RS,Sul,6135,1610.056,490599,312724,11968,97786,44676
4302584,Bozano,RS,Sul,2099,200.497,227410,130940,6094,55050,19490
4302600,Braga,RS,Sul,3271,132.044,130949,61985,3709,32156,25879
4302659,Brochier,RS,Sul,5132,105.353,117701,28095,13387,35675,31076
4302709,Butiá,RS,Sul,20963,752.187,543351,128895,89501,168310,122448
4302808,Caçapava do Sul,RS,Sul,33476,3048.147,1122674,257114,195154,387618,200891
4302907,Cacequi,RS,Sul,12291,2373.507,623088,367037,21461,134337,78988
4303004,Cachoeira do Sul,RS,Sul,81552,3736.064,3542706,972404,478214,1327162,446325
4303103,Cachoeirinha,RS,Sul,132144,43.778,6458504,977,1448296,2967072,803119
4303202,Cacique Doble,RS,Sul,5083,204.055,169236,89383,7003,34254,32990
4303301,Caibaté,RS,Sul,4802,261.303,264916,128980,11318,75428,32966
4303400,Caiçara,RS,Sul,4659,189.16,149122,76575,6779,28812,32500
4303509,Camaquã,RS,Sul,66686,1680.168,2723674,652970,379941,1037104,386751
4303558,Camargo,RS,Sul,2750,138.069,520483,92102,239340,101305,23645
4303608,Cambará do Sul,RS,Sul,6383,1181.811,242578,54920,55579,68094,45874
4303673,Campestre da Serra,RS,Sul,3402,538.487,204703,113111,17513,32825,26843
4303707,Campina das Missões,RS,Sul,5325,224.801,239170,118961,10526,64133,34014
4303806,Campinas do Sul,RS,Sul,5422,276.162,399404,201010,15214,117777,41060
4303905,Campo Bom,RS,Sul,69981,60.579,3600083,2915,1385783,1091223,430988
4304002,Campo Novo,RS,Sul,4273,220.719,325740,103577,23096,120446,33233
4304101,Campos Borges,RS,Sul,3272,226.202,150034,75520,8165,33185,24841
4304200,Candelária,RS,Sul,31475,944.735,1078191,291983,179061,335931,177487
4304309,Cândido Godói,RS,Sul,6106,247.047,358438,145175,52331,96238,39387
4304358,Candiota,RS,Sul,9707,933.628,2744010,130044,2351042,118675,83194
4304408,Canela,RS,Sul,45957,253.002,1595265,20844,399882,730740,290269
4304507,Canguçu,RS,Sul,56370,3526.253,1660011,592457,55072,588605,313331
4304606,Canoas,RS,Sul,349728,130.789,21995418,10475,8390682,8593966,1909022
4304614,Canudos do Vale,RS,Sul,1693,82.908,67988,39535,1619,9596,15174
4304622,Capão Bonito do Sul,RS,Sul,1628,526.85,342053,239236,14393,55520,19330
4304630,Capão da Canoa,RS,Sul,55009,98.383,1966028,3528,283086,1110289,381133
4304655,Capão do Cipó,RS,Sul,3745,1007.796,644965,456954,15373,112278,31879
4304663,Capão do Leão,RS,Sul,25462,783.196,830088,153536,207563,230051,161810
4304671,Capivari do Sul,RS,Sul,4793,412.889,386834,152886,32111,128651,35720
4304689,Capela de Santana,RS,Sul,12183,182.756,298588,30505,78967,85476,73388
4304697,Capitão,RS,Sul,2770,73.967,95379,49037,6214,13521,23589
4304705,Carazinho,RS,Sul,62413,666.694,3846858,253866,381382,2185545,347812
4304713,Caraá,RS,Sul,8426,294.606,165661,54790,22492,28401,52836
4304804,Carlos Barbosa,RS,Sul,30630,230.061,3529584,82339,1713025,769589,177809
4304853,Carlos Gomes,RS,Sul,1327,83.155,70447,41661,4651,8908,13486
4304903,Casca,RS,Sul,9070,272.041,717921,184465,132679,250559,57729
4304952,Caseiros,RS,Sul,3228,235.863,199197,80795,9773,65870,23293
4305009,Catuípe,RS,Sul,8631,583.184,638112,355153,21001,170918,55794
4305108,Caxias do Sul,RS,Sul,523716,1652.32,31688552,275560,9594399,13646712,2900076
4305116,Centenário,RS,Sul,2865,134.23,120779,70857,5188,19732,21406
4305124,Cerrito,RS,Sul,6005,451.699,161328,86122,4997,28124,37338
4305132,Cerro Branco,RS,Sul,4720,158.025,90159,35784,3880,17471,30068
4305157,Cerro Grande,RS,Sul,2281,73.438,74182,41836,1568,9790,19157
4305173,Cerro Grande do Sul,RS,Sul,12579,324.908,203184,58730,9902,53907,67103
4305207,Cerro Largo,RS,Sul,14243,176.643,796777,83746,73911,386545,79882
4305306,Chapada,RS,Sul,9211,684.247,741828,393768,47387,196006,55834
4305355,Charqueadas,RS,Sul,41705,217.362,1736983,61425,778258,458583,247455
4305371,Charrua,RS,Sul,3228,198.748,149352,90807,3415,25606,23860
4305405,Chiapetta,RS,Sul,3684,397.179,388836,274522,12098,63176,29504
4305439,Chuí,RS,Sul,6832,202.387,370303,42648,56821,179585,46916
4305447,Chuvisca,RS,Sul,5518,220.471,129741,65543,3534,18186,38157
4305454,Cidreira,RS,Sul,16897,243.419,362063,25702,23369,170701,116238
4305504,Ciríaco,RS,Sul,4693,274.35,264361,139555,15409,63665,28339
4305587,Colinas,RS,Sul,2466,60.732,87210,35744,9887,15813,21511
4305603,Colorado,RS,Sul,3088,286.295,338158,212850,11958,70279,25694
4305702,Condor,RS,Sul,6766,463.568,624707,292443,69822,163927,48087
4305801,Constantina,RS,Sul,9903,203.614,432350,128556,37066,164809,58640
4305835,Coqueiro Baixo,RS,Sul,1490,112.638,52164,28712,1306,6659,13917
4305850,Coqueiros do Sul,RS,Sul,2267,277.147,190145,116789,6204,35213,21976
4305871,Coronel Barros,RS,Sul,2521,163.684,226126,102961,14258,66180,23944
4305900,Coronel Bicaco,RS,Sul,7213,492.303,515154,288705,16533,132231,49320
4305934,Coronel Pilar,RS,Sul,1602,105.668,49060,23451,3094,7208,13373
4305959,Cotiporã,RS,Sul,3824,173.207,167929,45673,36946,42108,27241
4305975,Coxilha,RS,Sul,2731,422.101,422465,297298,18742,64409,27603
4306007,Crissiumal,RS,Sul,13269,362.194,508979,188788,50484,151934,81612
4306056,Cristal,RS,Sul,8121,682.138,308908,155760,15154,70820,50145
4306072,Cristal do Sul,RS,Sul,2840,97.077,94741,56692,2158,11622,21791
4306106,Cruz Alta,RS,Sul,59561,1360.548,4609397,776890,418956,2347109,363716
4306130,Cruzaltense,RS,Sul,1765,166.883,144764,84741,3963,31309,17014
4306205,Cruzeiro do Sul,RS,Sul,12457,155.058,533004,90458,123218,176438,68256
4306304,David Canabarro,RS,Sul,4732,174.734,229364,102178,9455,70792,30991
4306320,Derrubadas,RS,Sul,2718,360.851,148408,92003,5332,24307,22098
4306353,Dezesseis de Novembro,RS,Sul,2331,217.363,57175,21163,1282,12312,20327
4306379,Dilermando de Aguiar,RS,Sul,2991,600.518,267902,182179,12581,39326,24861
4306403,Dois Irmãos,RS,Sul,33547,66.114,2188545,20708,783120,857273,180613
4306429,Dois Irmãos das Missões,RS,Sul,1992,226.072,199195,135693,7712,25410,21328
4306452,Dois Lajeados,RS,Sul,3410,133.535,172602,59127,33173,43611,23798
4306502,Dom Feliciano,RS,Sul,15556,1355.195,356860,155678,9626,86600,89194
4306551,Dom Pedro de Alcântara,RS,Sul,2520,78.219,65534,9320,4159,24986,20427
4306601,Dom Pedrito,RS,Sul,38222,5194.051,2210948,1052204,132722,654686,230116
4306700,Dona Francisca,RS,Sul,2958,114.149,106596,35158,17506,25118,21546
4306734,Doutor Maurício Cardoso,RS,Sul,4380,255.731,260797,146063,7346,64511,30486
4306759,Doutor Ricardo,RS,Sul,1967,107.96,78891,27781,11112,18028,16041
4306767,Eldorado do Sul,RS,Sul,42490,509.614,2120269,183079,264187,921465,277194
4306809,Encantado,RS,Sul,23047,140.006,1168358,51929,316052,486207,118210
4306908,Encruzilhada do Sul,RS,Sul,26039,3347.861,1080949,568396,46321,250060,160617
4306924,Engenho Velho,RS,Sul,932,71.191,73214,38447,1812,14091,15826
4306932,Entre-Ijuís,RS,Sul,8350,552.986,687578,279914,26464,259975,56228
4306957,Entre Rios do Sul,RS,Sul,2724,119.912,207517,51457,91376,30196,23373
4306973,Erebango,RS,Sul,2978,152.793,180479,84384,11793,45078,25560
4307005,Erechim,RS,Sul,107368,429.164,6882629,154750,2043872,2980185,601023
4307054,Ernestina,RS,Sul,3171,238.558,265549,144265,24064,54905,28734
4307104,Herval,RS,Sul,6807,1759.717,253608,148385,6999,45702,45769
4307203,Erval Grande,RS,Sul,4780,285.677,150883,56127,8639,39985,34394
4307302,Erval Seco,RS,Sul,6697,357.181,353968,168828,18709,100330,43147
4307401,Esmeralda,RS,Sul,3291,829.587,392860,251709,10501,83223,29503
4307450,Esperança do Sul,RS,Sul,2846,148.909,116731,57991,7135,21234,24288
4307500,Espumoso,RS,Sul,15594,783.642,1113106,441676,83366,388810,94964
4307559,Estação,RS,Sul,5924,99.757,350708,59750,61396,135646,41751
4307609,Estância Velha,RS,Sul,51292,51.779,1875498,6183,566386,760897,304437
4307708,Esteio,RS,Sul,83352,27.676,3749900,3288,858326,1719601,567831
4307807,Estrela,RS,Sul,34669,185.026,2171447,140488,783046,779327,201242
4307815,Estrela Velha,RS,Sul,3646,281.613,197415,111419,4820,41884,29326
4307831,Eugênio de Castro,RS,Sul,2310,418.069,405444,262515,24038,76349,23052
4307864,Fagundes Varela,RS,Sul,2750,134.295,197919,62113,68806,30454,20474
4307906,Farroupilha,RS,Sul,73758,361.341,4398457,197884,1454550,1555709,383353
4308003,Faxinal do Soturno,RS,Sul,6651,169.514,270106,39560,31045,130308,40444
4308052,Faxinalzinho,RS,Sul,2256,143.321,103166,59134,4169,17920,18334
4308078,Fazenda Vilanova,RS,Sul,4680,84.794,140824,40274,14592,41377,33091
4308102,Feliz,RS,Sul,13728,94.832,589355,22682,142280,269349,79081
4308201,Flores da Cunha,RS,Sul,31352,276.241,2538142,132842,1041599,671374,184102
4308250,Floriano Peixoto,RS,Sul,1709,168.521,103059,60221,3994,18326,16077
4308300,Fontoura Xavier,RS,Sul,10181,583.239,227470,66321,9638,77012,59677
4308409,Formigueiro,RS,Sul,6569,578.875,302801,143622,24976,72394,43389
4308433,Forquetinha,RS,Sul,2389,93.275,58940,25693,4023,8957,18031
4308458,Fortaleza dos Valos,RS,Sul,4252,650.512,564773,326663,14528,150493,38230
4308508,Frederico Westphalen,RS,Sul,31675,265.181,1430611,140905,239545,703067,173079
4308607,Garibaldi,RS,Sul,35794,168.492,2997969,61666,1269431,883295,199142
4308656,Garruchos,RS,Sul,2851,803.737,200967,127993,4530,34145,26567
4308706,Gaurama,RS,Sul,5447,204.428,282773,86794,56106,77731,34874
4308805,General Câmara,RS,Sul,8339,510.01,276374,159707,10674,49266,48734
4308854,Gentil,RS,Sul,1619,184.715,190648,102371,4869,51921,17306
4308904,Getúlio Vargas,RS,Sul,16158,287.466,793664,170451,130786,319888,98029
4309001,Giruá,RS,Sul,15729,857.059,1202945,541032,118633,343643,108909
4309050,Glorinha,RS,Sul,8304,323.955,461888,33555,231699,90694,59466
4309100,Gramado,RS,Sul,36864,239.341,2658034,24733,344064,1625287,323249
4309126,Gramado dos Loureiros,RS,Sul,2036,131.396,94580,57395,3811,13272,17060
4309159,Gramado Xavier,RS,Sul,4378,217.515,109483,57595,3573,14484,31233
4309209,Gravataí,RS,Sul,285564,468.288,10261656,25205,3311021,3803173,1466510
4309258,Guabiju,RS,Sul,1478,146.925,132788,87150,4016,22320,13956
4309308,Guaíba,RS,Sul,98331,376.166,8284825,68927,1766359,2809357,604961
4309407,Guaporé,RS,Sul,26199,297.545,1149055,106750,361091,412649,150071
4309506,Guarani das Missões,RS,Sul,7393,290.7,362625,134877,24643,126535,44084
4309555,Harmonia,RS,Sul,4967,48.557,245497,35724,62570,79980,32733
4309571,Herveiras,RS,Sul,3019,118.261,71143,31312,1842,12318,23430
4309605,Horizontina,RS,Sul,19446,229.694,2608198,133348,1183862,536138,138632
4309654,Hulha Negra,RS,Sul,6894,822.608,314488,113252,65217,59011,45969
4309704,Humaitá,RS,Sul,4712,135.01,229249,91923,9765,75569,29202
4309753,Ibarama,RS,Sul,4393,195.426,112227,46539,9246,20266,30134
4309803,Ibiaçá,RS,Sul,4690,348.778,367295,203367,22580,86498,34572
4309902,Ibiraiaras,RS,Sul,7267,292.16,399693,170383,13934,121260,45181
4309951,Ibirapuitã,RS,Sul,3988,307.164,213522,128142,5443,42146,28405
4310009,Ibirubá,RS,Sul,20474,607.185,1722057,453393,350983,563822,126455
4310108,Igrejinha,RS,Sul,37754,138.303,1888887,6833,811507,606401,215988
4310207,Ijuí,RS,Sul,84041,688.982,5190405,461043,1147434,2332812,616328
4310306,Ilópolis,RS,Sul,4054,123.602,140570,47224,16023,39699,26941
4310330,Imbé,RS,Sul,23721,39.766,626823,2210,55541,328751,192559
4310363,Imigrante,RS,Sul,3103,71.716,519190,37061,321419,73120,24048
4310405,Independência,RS,Sul,6054,358.283,494166,204431,52110,121348,45053
4310413,Inhacorá,RS,Sul,2207,113.749,110557,63724,3602,19696,18989
4310439,Ipê,RS,Sul,6736,599.032,298583,157806,23865,59626,41114
4310462,Ipiranga do Sul,RS,Sul,1871,158.71,177629,105825,7494,38424,18276
4310504,Iraí,RS,Sul,7046,181.579,254492,77564,18100,93988,41342
4310538,Itaara,RS,Sul,5573,172.801,286659,26282,22621,184612,37428
4310553,Itacurubi,RS,Sul,3456,1120.874,246287,180541,5758,28861,26937
4310579,Itapuca,RS,Sul,2037,184.673,94235,62473,3105,9410,17644
4310603,Itaqui,RS,Sul,37363,3406.606,2186929,915962,294873,559324,228506
4310652,Itati,RS,Sul,2377,205.06,86739,42314,3417,17029,20651
4310702,Itatiba do Sul,RS,Sul,3143,212.669,81707,36841,3600,14349,23883
4310751,Ivorá,RS,Sul,1854,122.93,71911,41548,2311,9839,16479
4310801,Ivoti,RS,Sul,25068,63.092,1180387,12454,301034,538473,140319
4310850,Jaboticaba,RS,Sul,3738,127.589,136730,63649,4741,35795,26462
4310876,Jacuizinho,RS,Sul,2718,339.399,224027,164173,5454,26934,22931
4310900,Jacutinga,RS,Sul,3532,178.009,232301,114478,14831,60351,26346
4311007,Jaguarão,RS,Sul,26327,2051.845,1059396,475652,42338,332572,146322
4311106,Jaguari,RS,Sul,10684,675.314,378020,124483,27616,136531,63585
4311122,Jaquirana,RS,Sul,3611,908.879,94042,36157,6380,22163,23894
4311130,Jari,RS,Sul,3472,853.08,469006,377841,11496,46621,26345
4311155,Jóia,RS,Sul,8571,1238.918,975410,709902,23080,152744,59506
4311205,Júlio de Castilhos,RS,Sul,19159,1929.544,1925175,741245,55762,770553,123015
4311239,Lagoa Bonita do Sul,RS,Sul,2939,109.758,68916,32861,2739,9193,21737
4311254,Lagoão,RS,Sul,6469,387.486,154690,84630,3921,22374,39334
4311270,Lagoa dos Três Cantos,RS,Sul,1604,138.602,157140,97987,4454,30410,17177
4311304,Lagoa Vermelha,RS,Sul,27751,1260.227,1513404,402253,272241,542868,150959
4311403,Lajeado,RS,Sul,86005,91.231,5596183,25702,1374061,2761482,475196
4311429,Lajeado do Bugre,RS,Sul,2569,67.947,74875,35159,5288,10851,20955
4311502,Lavras do Sul,RS,Sul,7410,2600.969,497629,319049,12786,91111,58453
4311601,Liberato Salzano,RS,Sul,5087,245.627,172443,88838,7007,37321,30384
4311627,Lindolfo Collor,RS,Sul,6193,33.351,365850,7993,220582,63318,38215
4311643,Linha Nova,RS,Sul,1724,63.502,65579,38086,3032,8218,14506
4311700,Machadinho,RS,Sul,5411,335.198,272824,123141,12848,80885,38958
4311718,Maçambará,RS,Sul,4539,1682.82,582043,445452,16905,66429,39318
4311734,Mampituba,RS,Sul,2965,156.653,70214,28644,4263,11759,23368
4311759,Manoel Viana,RS,Sul,7315,1390.696,546972,369994,17095,90881,52659
4311775,Maquiné,RS,Sul,6747,613.58,190484,36972,34598,62270,42909
4311791,Maratá,RS,Sul,2713,82.063,80817,34016,4254,16322,22769
4311809,Marau,RS,Sul,45523,649.77,3060022,398072,982152,985665,270008
4311908,Marcelino Ramos,RS,Sul,4239,229.759,167825,55058,16950,54123,30892
4311981,Mariana Pimentel,RS,Sul,3892,338.45,104496,47538,2701,20193,28863
4312005,Mariano Moro,RS,Sul,1987,98.727,72888,33820,4087,13185,18421
4312054,Marques de Souza,RS,Sul,3981,125.714,124135,44743,9400,33053,26645
4312104,Mata,RS,Sul,4760,316.121,169006,62877,14224,47468,31021
4312138,Mato Castelhano,RS,Sul,2543,238.268,168255,92071,4277,38930,22796
4312153,Mato Leitão,RS,Sul,4627,46.799,180537,38710,46484,43432,35264
4312179,Mato Queimado,RS,Sul,1611,114.653,88446,56533,2399,11894,15455
4312203,Maximiliano de Almeida,RS,Sul,4254,208.439,161123,67400,14018,42503,28732
4312252,Minas do Leão,RS,Sul,8130,424.339,279177,99414,12178,80398,50976
4312302,Miraguaí,RS,Sul,4899,131.236,190386,61065,33761,45073,32556
4312351,Montauri,RS,Sul,1430,82.23,98138,53648,7553,13424,14264
4312377,Monte Alegre dos Campos,RS,Sul,3237,549.455,109730,60996,3321,15267,27568
4312385,Monte Belo do Sul,RS,Sul,2514,69.726,94435,30045,18665,16188,20884
4312401,Montenegro,RS,Sul,66157,425.023,5752345,130558,2376131,1700796,408415
4312427,Mormaço,RS,Sul,3139,146.191,153334,69723,4160,43619,23899
4312443,Morrinhos do Sul,RS,Sul,2891,166.224,81466,33149,3620,17330,23556
4312450,Morro Redondo,RS,Sul,6609,244.645,132445,26386,14466,36616,42294
4312476,Morro Reuter,RS,Sul,6570,89.412,274167,46513,88453,71028,40902
4312500,Mostardas,RS,Sul,12888,1977.442,643326,348815,38140,147719,79312
4312609,Muçum,RS,Sul,4967,111.247,301852,30773,134584,77631,32475
4312617,Muitos Capões,RS,Sul,3184,1193.23,1122086,677494,180344,168323,29916
4312625,Muliterno,RS,Sul,1901,111.132,91988,58337,2700,12059,16753
4312658,Não-Me-Toque,RS,Sul,17886,361.689,2207535,214105,907581,622861,113869
4312674,Nicolau Vergueiro,RS,Sul,1667,154.995,146252,83655,3286,32920,17366
4312708,Nonoai,RS,Sul,11574,468.962,525507,129571,31826,231881,69842
4312757,Nova Alvorada,RS,Sul,3698,148.861,236575,84527,12326,73776,27751
4312807,Nova Araçá,RS,Sul,4890,75.514,327226,62894,107503,79823,30723
4312906,Nova Bassano,RS,Sul,10089,211.611,802207,135480,400424,145877,57170
4312955,Nova Boa Vista,RS,Sul,1731,93.733,145343,55103,27608,31340,16189
4313003,Nova Bréscia,RS,Sul,3345,102.994,141144,60100,16171,30521,24290
4313011,Nova Candelária,RS,Sul,2677,97.579,229431,87287,58652,37000,21586
4313037,Nova Esperança do Sul,RS,Sul,5465,191.0,172366,39991,35830,47678,33980
4313060,Nova Hartz,RS,Sul,22147,62.319,805698,3903,416575,189504,123990
4313086,Nova Pádua,RS,Sul,2563,102.643,100211,37257,13694,21632,17933
4313102,Nova Palma,RS,Sul,6519,314.613,382689,105605,87139,118831,42493
4313201,Nova Petrópolis,RS,Sul,21717,290.164,972689,57426,200432,415781,135472
4313300,Nova Prata,RS,Sul,28021,259.941,1730043,94572,597217,589996,177061
4313334,Nova Ramada,RS,Sul,2195,255.264,304678,160982,34708,64641,20333
4313359,Nova Roma do Sul,RS,Sul,3743,149.767,169305,45506,40091,37190,28823
4313375,Nova Santa Rita,RS,Sul,30482,218.153,2487522,40368,615231,866891,201355
4313391,Novo Cabrais,RS,Sul,4246,192.998,133172,68698,6485,23258,29878
4313409,Novo Hamburgo,RS,Sul,247303,222.536,10037923,28060,2274986,5086531,1289673
4313425,Novo Machado,RS,Sul,3191,218.836,186355,111829,4556,35026,26806
4313441,Novo Tiradentes,RS,Sul,2189,75.428,74729,39001,1546,13685,17643
4313466,Novo Xingu,RS,Sul,1705,79.851,75034,39697,2606,13183,16769
4313490,Novo Barreiro,RS,Sul,4185,123.344,135200,56439,8135,33504,29760
4313508,Osório,RS,Sul,46815,663.878,1819038,62369,252178,999383,333844
4313607,Paim Filho,RS,Sul,3731,182.115,167646,76430,9641,43673,26684
4313656,Palmares do Sul,RS,Sul,11342,949.201,735606,171623,266750,177310,77086
4313706,Palmeira das Missões,RS,Sul,32967,1421.101,2215057,980810,82280,772013,203815
4313805,Palmitinho,RS,Sul,7056,144.181,271643,82356,42592,81138,48358
4313904,Panambi,RS,Sul,44583,491.57,3167752,263177,1330221,929974,261823
4313953,Pantano Grande,RS,Sul,8995,841.225,533689,180370,103903,146545,61122
4314001,Paraí,RS,Sul,7793,121.745,424447,82993,112018,119138,46142
4314027,Paraíso do Sul,RS,Sul,7635,337.534,207386,87615,6397,56385,45257
4314035,Pareci Novo,RS,Sul,3885,57.485,136435,37733,9819,44875,28720
4314050,Parobé,RS,Sul,59419,108.707,1390320,6234,383042,563796,311126
4314068,Passa Sete,RS,Sul,5790,304.266,132983,70066,3656,20411,34432
4314076,Passo do Sobrado,RS,Sul,6612,265.133,229641,97046,26115,44827,43115
4314100,Passo Fundo,RS,Sul,206103,784.407,12552867,329161,1433975,7675071,1141234
4314134,Paulo Bento,RS,Sul,2303,149.669,195870,66393,61249,29248,20831
4314159,Paverama,RS,Sul,8541,171.863,242458,63293,57713,51681,48839
4314175,Pedras Altas,RS,Sul,1928,1373.985,386190,306315,9382,40636,22859
4314209,Pedro Osório,RS,Sul,7683,603.757,270651,139067,12283,65306,43708
4314308,Pejuçara,RS,Sul,3840,414.106,464212,304802,13124,96260,31228
4314407,Pelotas,RS,Sul,343826,1608.78,10778176,434024,1319878,5896027,1916619
4314423,Picada Café,RS,Sul,5780,84.28,386453,16997,184984,84104,40958
4314456,Pinhal,RS,Sul,2581,68.222,123342,54475,15905,22656,21851
4314464,Pinhal da Serra,RS,Sul,1896,438.11,304725,84947,147784,21729,25847
4314472,Pinhal Grande,RS,Sul,4309,478.11,931834,164251,654427,61969,36280
4314498,Pinheirinho do Vale,RS,Sul,4926,105.385,131549,65037,7035,21482,33793
4314506,Pinheiro Machado,RS,Sul,12122,2249.176,397726,111162,76850,110610,73157
4314548,Pinto Bandeira,RS,Sul,3068,104.801,74286,21671,7831,15657,20160
4314555,Pirapó,RS,Sul,2205,293.723,94672,54201,1949,15563,20300
4314605,Piratini,RS,Sul,20743,3538.3,880277,518081,47488,158182,124245
4314704,Planalto,RS,Sul,9957,228.552,252508,50624,32545,89005,60291
4314753,Poço das Antas,RS,Sul,2105,67.618,131757,30989,42236,26068,18115
4314779,Pontão,RS,Sul,3898,502.709,403317,284899,11537,61232,32841
4314787,Ponte Preta,RS,Sul,1501,99.504,96049,58572,3403,13963,15298
4314803,Portão,RS,Sul,38081,159.298,1662403,54304,596854,538541,202732
4314902,Porto Alegre,RS,Sul,1492530,495.39,81563063,36860,6584097,54872539,7908539
4315008,Porto Lucena,RS,Sul,4514,250.876,135662,58768,3437,38774,29152
4315057,Porto Mauá,RS,Sul,2332,105.811,89350,44034,1950,20167,18537
4315073,Porto Vera Cruz,RS,Sul,1258,114.284,45212,22095,895,7466,13406
4315107,Porto Xavier,RS,Sul,10144,281.497,210927,37565,9214,85068,62229
4315131,Pouso Novo,RS,Sul,1586,105.338,61420,25753,2617,15434,14726
4315149,Presidente Lucena,RS,Sul,2972,49.628,213813,16630,106418,42038,21216
4315156,Progresso,RS,Sul,6235,256.039,166517,72788,9272,40017,37690
4315172,Protásio Alves,RS,Sul,1929,171.994,93263,51781,8702,12457,15902
4315206,Putinga,RS,Sul,3861,216.159,133443,61639,11236,28620,24715
4315305,Quaraí,RS,Sul,22531,3139.995,625752,201581,25408,234118,123786
4315313,Quatro Irmãos,RS,Sul,1860,268.971,185963,122342,8272,30121,18487
4315321,Quevedos,RS,Sul,2793,543.359,299304,198235,6706,53345,25438
4315354,Quinze de Novembro,RS,Sul,3810,223.072,255121,142176,15233,54708,30018
4315404,Redentora,RS,Sul,11782,303.705,232904,103317,6119,50361,62347
4315453,Relvado,RS,Sul,2068,108.188,82687,48501,3140,12857,15346
4315503,Restinga Sêca,RS,Sul,15702,968.62,673423,277830,53166,206020,92180
4315552,Rio dos Índios,RS,Sul,2571,235.854,136486,75282,3847,27259,23216
4315602,Rio Grande,RS,Sul,212881,2682.867,13282201,440806,4237229,5052638,1322966
4315701,Rio Pardo,RS,Sul,38257,2051.112,1390525,571617,106576,405450,222503
4315750,Riozinho,RS,Sul,4698,239.09,155849,7066,64500,36461,31216
4315800,Roca Sales,RS,Sul,11556,208.108,576083,78996,257697,125811,66705
4315909,Rodeio Bonito,RS,Sul,5868,83.278,279280,79225,21891,86621,40816
4315958,Rolador,RS,Sul,2270,295.326,161914,109714,3583,21606,22482
4316006,Rolante,RS,Sul,21591,296.09,731611,27747,223350,263319,124385
4316105,Ronda Alta,RS,Sul,10633,418.675,471554,201777,17613,161711,59303
4316204,Rondinha,RS,Sul,5033,252.454,268874,139558,7479,70575,36428
4316303,Roque Gonzales,RS,Sul,6750,349.074,437026,105671,210361,66231,41169
4316402,Rosário do Sul,RS,Sul,39210,4343.656,1381976,507512,60427,498669,214818
4316428,Sagrada Família,RS,Sul,2601,77.889,82616,38776,2647,17594,19971
4316436,Saldanha Marinho,RS,Sul,2596,221.554,254248,145084,5558,66453,21682
4316451,Salto do Jacuí,RS,Sul,12512,507.698,1213458,204202,772162,128571,81145
4316477,Salvador das Missões,RS,Sul,2734,94.312,178470,66042,18015,55160,22287
4316501,Salvador do Sul,RS,Sul,7975,99.156,337663,73681,72996,102286,46830
4316600,Sananduva,RS,Sul,16382,504.438,843826,214643,108381,320789,92857
4316709,Santa Bárbara do Sul,RS,Sul,7813,975.799,1336030,703242,52271,404253,58478
4316733,Santa Cecília do Sul,RS,Sul,1630,200.056,143880,105055,3275,16218,16703
4316758,Santa Clara do Sul,RS,Sul,6755,86.442,339107,40527,141859,79171,43990
4316808,Santa Cruz do Sul,RS,Sul,132271,733.898,9815201,244597,2071990,3858200,831550
4316907,Santa Maria,RS,Sul,285159,1780.194,9562066,390982,1097558,5489815,1488180
4316956,Santa Maria do Herval,RS,Sul,6382,140.437,279409,83767,67733,67164,39010
4316972,Santa Margarida do Sul,RS,Sul,2593,955.299,361016,241654,13718,62356,24804
4317004,Santana da Boa Vista,RS,Sul,8037,1418.805,364901,236344,10503,56975,52405
4317103,Sant'Ana do Livramento,RS,Sul,75647,6946.407,2823928,639519,455492,1088430,442510
4317202,Santa Rosa,RS,Sul,73882,489.38,3732053,258499,925505,1562774,456264
4317251,Santa Tereza,RS,Sul,1722,73.669,49851,19685,3582,9796,14179
4317301,Santa Vitória do Palmar,RS,Sul,29298,5206.977,1755631,822390,264676,375765,218294
4317400,Santiago,RS,Sul,49298,2414.195,2021451,425749,107701,1011024,263576
4317509,Santo Ângelo,RS,Sul,77544,679.34,3180273,332632,469693,1604726,415011
4317558,Santo Antônio do Palma,RS,Sul,2118,126.094,119797,67582,5314,22526,17377
4317608,Santo Antônio da Patrulha,RS,Sul,43397,1049.583,1680505,182190,465688,587258,241372
4317707,Santo Antônio das Missões,RS,Sul,9930,1710.869,673946,432306,16959,130644,62008
4317756,Santo Antônio do Planalto,RS,Sul,2018,203.44,189470,97950,21846,32868,23501
4317806,Santo Augusto,RS,Sul,13813,467.775,848439,335207,56338,297949,80567
4317905,Santo Cristo,RS,Sul,14177,367.202,784071,229303,74579,280685,84796
4317954,Santo Expedito do Sul,RS,Sul,2287,125.595,128953,78804,7142,17819,20432
4318002,São Borja,RS,Sul,59768,3616.69,2570766,795875,274240,928203,351229
4318051,São Domingos do Sul,RS,Sul,3091,78.67,123436,46577,23318,23453,22904
4318101,São Francisco de Assis,RS,Sul,18081,2506.975,804124,437723,23417,197345,113929
4318200,São Francisco de Paula,RS,Sul,21871,3317.794,1026518,475151,92413,261246,133620
4318309,São Gabriel,RS,Sul,62187,5053.46,2723193,1040024,225013,921002,343476
4318408,São Jerônimo,RS,Sul,24569,935.596,667014,102922,83039,295957,132545
4318424,São João da Urtiga,RS,Sul,4625,171.029,184149,77046,5998,56507,29044
4318432,São João do Polêsine,RS,Sul,2535,78.32,104818,22131,10295,43975,18987
4318440,São Jorge,RS,Sul,2808,125.62,133331,69618,11306,24650,21053
4318457,São José das Missões,RS,Sul,2491,98.125,93351,43978,2842,19654,22782
4318465,São José do Herval,RS,Sul,1917,102.912,59113,21945,1774,14688,17179
4318481,São José do Hortêncio,RS,Sul,4924,63.709,117866,19147,25039,31916,29968
4318499,São José do Inhacorá,RS,Sul,2040,77.732,183794,58444,60201,32019,19396
4318507,São José do Norte,RS,Sul,27866,1071.824,792704,117293,241974,213839,168617
4318606,São José do Ouro,RS,Sul,6911,335.287,463018,164757,24719,185888,41392
4318614,São José do Sul,RS,Sul,2464,54.764,94019,36730,12292,16810,19824
4318622,São José dos Ausentes,RS,Sul,3559,1173.907,155632,73182,13519,35332,27676
4318705,São Leopoldo,RS,Sul,240378,103.009,10855414,2470,2557762,4500358,1425925
4318804,São Lourenço do Sul,RS,Sul,43501,2036.125,1701071,654873,111238,562264,253480
4318903,São Luiz Gonzaga,RS,Sul,33124,1295.522,1903783,561193,188430,774792,185592
4319000,São Marcos,RS,Sul,21756,256.159,1145393,48242,409878,374442,121566
4319109,São Martinho,RS,Sul,5336,171.245,354030,144527,27836,115880,35339
4319125,São Martinho da Serra,RS,Sul,3228,669.547,336100,232319,8615,54426,26838
4319158,São Miguel das Missões,RS,Sul,7692,1228.447,867930,564984,25771,182819,56202
4319208,São Nicolau,RS,Sul,5153,485.588,228047,130814,6672,44769,37331
4319307,São Paulo das Missões,RS,Sul,5654,223.942,200549,87915,13699,50196,38248
4319356,São Pedro da Serra,RS,Sul,3881,35.207,113228,29124,23684,24306,25680
4319364,São Pedro das Missões,RS,Sul,2025,79.894,114178,55256,2471,27989,20752
4319372,São Pedro do Butiá,RS,Sul,2950,107.559,161665,89212,13584,27501,23843
4319406,São Pedro do Sul,RS,Sul,16100,873.394,532258,168610,45733,182433,96283
4319505,São Sebastião do Caí,RS,Sul,26161,114.293,899461,31530,204863,384946,146704
4319604,São Sepé,RS,Sul,23492,2204.779,1331321,588230,99057,405917,141868
4319703,São Valentim,RS,Sul,3220,154.45,135541,52067,11896,37300,25007
4319711,São Valentim do Sul,RS,Sul,2248,91.898,95576,37286,18640,17227,16907
4319737,São Valério do Sul,RS,Sul,2732,107.402,90430,55412,2365,11523,19611
4319752,São Vendelino,RS,Sul,2288,31.935,95748,8265,33259,22670,18034
4319802,São Vicente do Sul,RS,Sul,8742,1174.822,730555,278836,217462,129519,55458
4319901,Sapiranga,RS,Sul,80514,136.473,3615599,9686,1531904,1187852,467532
4320008,Sapucaia do Sul,RS,Sul,142508,58.247,4204086,6545,1366830,1455496,821088
4320107,Sarandi,RS,Sul,25024,351.717,1299139,171575,213644,583686,146496
4320206,Seberi,RS,Sul,10678,300.827,617245,156819,89974,230598,69508
4320230,Sede Nova,RS,Sul,2875,119.312,157535,82627,6573,36574,21613
4320263,Segredo,RS,Sul,7465,245.17,163088,81879,5049,29253,42350
4320305,Selbach,RS,Sul,5114,176.471,375174,152710,39413,107103,33865
4320321,Senador Salgado Filho,RS,Sul,2761,147.068,149060,88836,4533,24903,24020
4320354,Sentinela do Sul,RS,Sul,5635,282.13,136267,50449,17886,25998,32852
4320404,Serafina Corrêa,RS,Sul,18074,163.31,782303,106448,174289,297531,111847
4320453,Sério,RS,Sul,1889,98.131,59572,30780,2618,8230,15210
4320503,Sertão,RS,Sul,5220,440.631,534503,350092,29203,91283,43071
4320552,Sertão Santana,RS,Sul,6586,252.013,314768,43701,58188,123081,40126
4320578,Sete de Setembro,RS,Sul,1931,129.238,105652,66907,3978,13631,18323
4320602,Severiano de Almeida,RS,Sul,3607,167.598,149414,71165,7539,34216,28853
4320651,Silveira Martins,RS,Sul,2365,119.285,86631,39602,4195,18826,19911
4320677,Sinimbu,RS,Sul,10152,510.213,213482,76341,9103,53608,63600
4320701,Sobradinho,RS,Sul,15041,128.823,438644,62845,35675,213709,84076
4320800,Soledade,RS,Sul,31067,1215.056,1405196,383180,186754,519655,175955
4320859,Tabaí,RS,Sul,4816,94.754,142087,67975,8288,25783,33341
4320909,Tapejara,RS,Sul,24973,238.082,1644548,132150,592962,500711,143803
4321006,Tapera,RS,Sul,10569,179.935,640275,147802,106202,234121,60781
4321105,Tapes,RS,Sul,17363,805.452,603914,268830,50516,160666,93456
4321204,Taquara,RS,Sul,57740,452.572,1568880,31087,295705,778293,302819
4321303,Taquari,RS,Sul,26907,349.967,1094083,104214,371987,330219,142459
4321329,Taquaruçu do Sul,RS,Sul,3081,76.917,188858,67474,7460,68915,24131
4321352,Tavares,RS,Sul,5484,610.106,124254,44681,3154,34252,35985
4321402,Tenente Portela,RS,Sul,13385,337.495,579215,134996,37447,280479,77897
4321436,Terra de Areia,RS,Sul,11323,142.304,291340,20329,21543,146487,69435
4321451,Teutônia,RS,Sul,34275,177.795,1576011,117910,445991,584228,206825
4321469,Tio Hugo,RS,Sul,3078,113.944,174784,65149,14830,51230,27019
4321477,Tiradentes do Sul,RS,Sul,5532,236.653,196243,87340,6524,52624,35129
4321493,Toropi,RS,Sul,2753,198.316,101334,45506,2255,26656,21301
4321501,Torres,RS,Sul,39381,161.627,1382107,49869,169906,796069,252182
4321600,Tramandaí,RS,Sul,53507,142.878,1234556,16773,113567,671817,334146
4321626,Travesseiro,RS,Sul,2331,80.681,78088,38219,12164,7632,17121
4321634,Três Arroios,RS,Sul,2620,148.601,141197,58790,11257,37427,20557
4321667,Três Cachoeiras,RS,Sul,11174,251.483,308570,29246,27495,151157,62881
4321709,Três Coroas,RS,Sul,28948,165.285,805149,11291,290945,256720,152964
4321808,Três de Maio,RS,Sul,23846,421.461,1353676,218442,179926,625864,141469
4321832,Três Forquilhas,RS,Sul,2643,217.386,64219,25510,3100,11674,21560
4321857,Três Palmeiras,RS,Sul,4232,180.599,178530,68918,11505,54088,28923
4321907,Três Passos,RS,Sul,23799,268.902,1033034,165138,164114,444842,152402
4321956,Trindade do Sul,RS,Sul,5781,268.417,351371,107356,86868,83911,39986
4322004,Triunfo,RS,Sul,30159,817.625,12982404,186213,7196781,2420609,318807
4322103,Tucunduva,RS,Sul,5612,181.198,259332,91248,10976,99462,36500
4322152,Tunas,RS,Sul,4585,217.302,120845,61120,3008,22614,28373
4322186,Tupanci do Sul,RS,Sul,1447,135.243,94728,56294,3614,16290,15371
4322202,Tupanciretã,RS,Sul,24182,2253.234,2052015,1096641,62815,597037,149536
4322251,Tupandi,RS,Sul,5019,59.447,533593,60507,294613,79559,36282
4322301,Tuparendi,RS,Sul,7730,307.71,383535,141235,34282,129732,46879
4322327,Turuçu,RS,Sul,3408,253.635,163727,87414,5126,34061,29207
4322343,Ubiretama,RS,Sul,1952,125.876,110732,69554,1771,17370,18172
4322350,União da Serra,RS,Sul,1084,131.154,91174,62755,2766,10011,13321
4322376,Unistalda,RS,Sul,2306,602.387,149067,101856,3867,19726,20395
4322400,Uruguaiana,RS,Sul,126766,5702.098,3717113,927382,310420,1454889,723940
4322509,Vacaria,RS,Sul,66916,2124.492,3245679,882934,326465,1287635,399044
4322525,Vale Verde,RS,Sul,3531,329.727,130453,66470,8981,22445,26666
4322533,Vale do Sol,RS,Sul,11873,328.275,272714,111975,12127,64925,69323
4322541,Vale Real,RS,Sul,6046,45.085,198294,28472,60634,50655,37393
4322558,Vanini,RS,Sul,2130,64.905,94776,50984,4063,17747,18959
4322608,Venâncio Aires,RS,Sul,72373,772.588,3732042,279546,1116190,1374333,404103
4322707,Vera Cruz,RS,Sul,27325,309.621,826722,78996,126284,336224,167609
4322806,Veranópolis,RS,Sul,26813,289.397,1738706,63959,702406,530389,145985
4322855,Vespasiano Corrêa,RS,Sul,1776,113.622,119440,72326,5844,18754,16130
4322905,Viadutos,RS,Sul,4628,268.072,204582,108404,10096,48725,29302
4323002,Viamão,RS,Sul,257330,1496.506,4335081,239233,682028,1744921,1286878
4323101,Vicente Dutra,RS,Sul,4530,193.025,126515,67359,4233,21076,30826
4323200,Victor Graeff,RS,Sul,2840,238.133,295872,160658,23958,67007,24926
4323309,Vila Flores,RS,Sul,3407,107.703,297553,53069,124030,56045,25605
4323358,Vila Lângaro,RS,Sul,2070,151.695,168933,96347,11929,29615,20946
4323408,Vila Maria,RS,Sul,4368,181.061,389407,142343,77707,87428,30011
4323457,Vila Nova do Sul,RS,Sul,4274,508.278,195943,97360,22738,34997,31041
4323507,Vista Alegre,RS,Sul,2726,77.63,137064,66668,6775,31375,22613
4323606,Vista Alegre do Prata,RS,Sul,1553,119.327,85229,43156,3168,16575,16382
4323705,Vista Gaúcha,RS,Sul,2858,90.022,103513,52502,3346,22084,20474
4323754,Vitória das Missões,RS,Sul,3052,258.312,159528,90826,6333,27260,23414
4323770,Westfália,RS,Sul,3046,63.665,264840,70247,81692,51828,26321
4323804,Xangri-lá,RS,Sul,17126,60.756,733160,4233,93836,388915,176285
5000203,Água Clara,MS,Centro-Oeste,16025,7781.558,1211925,437795,352321,181128,139219
5000252,Alcinópolis,MS,Centro-Oeste,5489,4397.518,237904,123964,8570,35896,53930
5000609,Amambai,MS,Centro-Oeste,40247,4193.742,2033695,575059,104045,768519,286134
5000708,Anastácio,MS,Centro-Oeste,25336,2913.177,609913,141825,87227,166075,167535
5000807,Anaurilândia,MS,Centro-Oeste,9116,3415.657,410374,204618,21680,80933,73747
5000856,Angélica,MS,Centro-Oeste,11081,1283.627,883913,444216,147321,150568,84082
5000906,Antônio João,MS,Centro-Oeste,9082,1142.895,866590,247294,17466,364115,67177
5001003,Aparecida do Taboado,MS,Centro-Oeste,26386,2751.485,1660199,278535,748574,315031,175058
5001102,Aquidauana,MS,Centro-Oeste,48184,17087.021,1116844,226683,92770,387659,317299
5001243,Aral Moreira,MS,Centro-Oeste,12511,1653.86,1255601,577099,45028,362336,97297
5001508,Bandeirantes,MS,Centro-Oeste,7281,3357.926,780114,497303,28142,124785,68046
5001904,Bataguassu,MS,Centro-Oeste,23620,2392.476,1055097,85011,350539,322249,169532
5002001,Batayporã,MS,Centro-Oeste,11368,1826.578,603790,250906,146448,88016,84482
5002100,Bela Vista,MS,Centro-Oeste,24842,4899.44,931638,314007,156573,211913,179183
5002159,Bodoquena,MS,Centro-Oeste,7802,2591.933,332561,81005,91751,61203,67658
5002209,Bonito,MS,Centro-Oeste,22401,5373.016,1130067,392626,74436,383924,161882
5002308,Brasilândia,MS,Centro-Oeste,11835,5803.542,833889,585629,23561,89139,95094
5002407,Caarapó,MS,Centro-Oeste,31005,2115.73,1967108,724827,254080,531620,226835
5002605,Camapuã,MS,Centro-Oeste,13675,6238.127,607830,293526,26167,141526,99840
5002704,Campo Grande,MS,Centro-Oeste,916001,8082.978,35187899,817072,4733467,17725191,6698410
5002803,Caracol,MS,Centro-Oeste,6247,2943.206,174649,94656,5206,19608,47534
5002902,Cassilândia,MS,Centro-Oeste,22063,3658.252,712341,163062,99014,236092,147713
5002951,Chapadão do Sul,MS,Centro-Oeste,26499,3252.327,2655075,928310,162235,975755,227969
5003108,Corguinho,MS,Centro-Oeste,6158,2639.657,144630,62694,6669,22118,46540
5003157,Coronel Sapucaia,MS,Centro-Oeste,15449,1023.727,336178,141260,16888,55494,104976
5003207,Corumbá,MS,Centro-Oeste,112669,64432.45,3847165,552127,925418,1154617,916154
5003256,Costa Rica,MS,Centro-Oeste,21456,4159.384,2556159,1105812,714565,408076,173558
5003306,Coxim,MS,Centro-Oeste,33547,6391.486,1225785,231015,88165,519894,239508
5003454,Deodápolis,MS,Centro-Oeste,13043,828.533,461295,166400,46584,117437,92703
5003488,Dois Irmãos do Buriti,MS,Centro-Oeste,11547,2431.609,310923,131333,19290,54669,88683
5003504,Douradina,MS,Centro-Oeste,6025,280.457,214592,80041,8179,60136,46443
5003702,Dourados,MS,Centro-Oeste,227990,4062.236,12300149,1094473,1908026,5904077,1672708
5003751,Eldorado,MS,Centro-Oeste,12447,1012.796,524691,176774,67917,132451,93128
5003801,Fátima do Sul,MS,Centro-Oeste,19152,315.333,699103,91262,219465,202185,130667
5003900,Figueirão,MS,Centro-Oeste,3066,4879.932,142133,79301,4324,18367,31839
5004007,Glória de Dourados,MS,Centro-Oeste,9934,493.434,280101,111024,12519,71550,66578
5004106,Guia Lopes da Laguna,MS,Centro-Oeste,9754,1225.426,350228,143262,35945,77687,68577
5004304,Iguatemi,MS,Centro-Oeste,16273,2957.41,788191,392061,72902,145742,114848
5004403,Inocência,MS,Centro-Oeste,7566,5761.19,406133,195214,30825,77735,74063
5004502,Itaporã,MS,Centro-Oeste,25478,1342.764,1124125,406843,65378,336943,167141
5004601,Itaquiraí,MS,Centro-Oeste,21604,2063.717,1258878,515009,261027,234747,144114
5004700,Ivinhema,MS,Centro-Oeste,23277,2003.43,1461628,649498,168303,358756,166244
5004809,Japorã,MS,Centro-Oeste,9372,416.605,165050,66159,5539,19038,68206
5004908,Jaraguari,MS,Centro-Oeste,7342,2912.836,370994,228391,15672,47872,54184
5005004,Jardim,MS,Centro-Oeste,26375,2126.133,930098,144956,62973,400948,189002
5005103,Jateí,MS,Centro-Oeste,4015,1933.316,474840,338630,22474,43379,46601
5005152,Juti,MS,Centro-Oeste,6861,1569.176,483743,300467,43655,60776,51745
5005202,Ladário,MS,Centro-Oeste,24040,354.255,371028,10073,20633,146436,161628
5005251,Laguna Carapã,MS,Centro-Oeste,7496,1725.78,1097292,638470,33781,241900,65632
5005400,Maracaju,MS,Centro-Oeste,48944,5396.905,4517627,1611912,227801,1634691,341151
5005608,Miranda,MS,Centro-Oeste,28423,5471.436,631602,147166,49121,190504,198719
5005681,Mundo Novo,MS,Centro-Oeste,18578,478.38,942239,69123,129911,370575,132235
5005707,Naviraí,MS,Centro-Oeste,56484,3189.667,2901635,661576,638145,880331,418240
5005806,Nioaque,MS,Centro-Oeste,13794,3909.44,447265,150217,70853,93428,101978
5006002,Nova Alvorada do Sul,MS,Centro-Oeste,22967,4025.012,2282707,871386,687235,364808,175333
5006200,Nova Andradina,MS,Centro-Oeste,56057,4770.685,3281855,879100,709579,967042,360737
5006259,Novo Horizonte do Sul,MS,Centro-Oeste,3556,849.19,279117,160619,13450,49009,34885
5006275,Paraíso das Águas,MS,Centro-Oeste,5751,5061.433,1296594,602118,479839,101986,57599
5006309,Paranaíba,MS,Centro-Oeste,42401,5405.48,1587295,333389,261244,556927,283200
5006358,Paranhos,MS,Centro-Oeste,14576,1307.092,286014,110808,10663,43898,108282
5006408,Pedro Gomes,MS,Centro-Oeste,7568,3553.782,268953,116243,10770,63280,56475
5006606,Ponta Porã,MS,Centro-Oeste,95320,5359.354,4771500,1701865,474228,1455556,644753
5006903,Porto Murtinho,MS,Centro-Oeste,17460,17505.2,464125,217886,15372,79270,127182
5007109,Ribas do Rio Pardo,MS,Centro-Oeste,25310,17315.283,1965364,1241379,145635,243322,208444
5007208,Rio Brilhante,MS,Centro-Oeste,38844,3983.562,3298707,1255137,779063,685532,291657
5007307,Rio Negro,MS,Centro-Oeste,4758,1828.8,130213,47637,5470,28333,39216
5007406,Rio Verde de Mato Grosso,MS,Centro-Oeste,20025,8173.868,601958,225647,33145,147518,152106
5007505,Rochedo,MS,Centro-Oeste,5120,1309.574,231964,82061,49565,43078,41138
5007554,Santa Rita do Pardo,MS,Centro-Oeste,7948,6142.001,467080,290326,39688,48422,65285
5007695,São Gabriel do Oeste,MS,Centro-Oeste,27660,3849.875,2185644,731872,216125,715969,226971
5007703,Sete Quedas,MS,Centro-Oeste,10751,839.117,418189,157935,18179,121998,73190
5007802,Selvíria,MS,Centro-Oeste,6555,3254.917,1721432,320151,1242520,51818,79465
5007901,Sidrolândia,MS,Centro-Oeste,60792,5265.695,3327696,1333078,285786,895613,409721
5007935,Sonora,MS,Centro-Oeste,20158,4185.528,1024261,345329,283719,187667,136012
5007950,Tacuru,MS,Centro-Oeste,11795,1784.207,313035,148043,11098,50220,83373
5007976,Taquarussu,MS,Centro-Oeste,3588,1052.232,181313,104124,7506,22952,39064
5008008,Terenos,MS,Centro-Oeste,22721,2845.723,717675,310427,94288,113117,150784
5008305,Três Lagoas,MS,Centro-Oeste,125137,10217.071,11704743,1276855,5676737,2556096,992375
5008404,Vicentina,MS,Centro-Oeste,6115,312.429,371816,97421,147918,49175,48061
5100102,Acorizal,MT,Centro-Oeste,5309,850.763,109140,12827,27602,20731,34813
5100201,Água Boa,MT,Centro-Oeste,26679,7549.308,2000535,837748,113732,665871,186787
5100250,Alta Floresta,MT,Centro-Oeste,52105,8955.41,2111630,304018,331997,843988,360619
5100300,Alto Araguaia,MT,Centro-Oeste,19714,5402.308,1172814,317457,356187,265691,144167
5100359,Alto Boa Vista,MT,Centro-Oeste,7092,2248.414,264000,147567,5954,42472,54705
5100409,Alto Garças,MT,Centro-Oeste,12323,3858.153,1197572,733646,31959,262253,91794
5100508,Alto Paraguai,MT,Centro-Oeste,11587,1847.354,166610,58132,9344,20660,72135
5100607,Alto Taquari,MT,Centro-Oeste,11413,1436.582,1295710,761360,164177,202758,102661
5100805,Apiacás,MT,Centro-Oeste,10431,20489.024,233790,60100,19195,58006,75906
5101001,Araguaiana,MT,Centro-Oeste,3064,6380.7,126561,70564,2863,17544,29171
5101209,Araguainha,MT,Centro-Oeste,909,675.231,28025,11080,656,4027,10645
5101258,Araputanga,MT,Centro-Oeste,17078,1639.733,655066,56999,248915,175741,112902
5101308,Arenápolis,MT,Centro-Oeste,9399,417.337,232216,37471,25029,85706,65550
5101407,Aripuanã,MT,Centro-Oeste,23067,24678.135,1445988,147198,708396,281353,160782
5101605,Barão de Melgaço,MT,Centro-Oeste,8165,11374.872,124583,43827,3098,17839,55060
5101704,Barra do Bugres,MT,Centro-Oeste,35642,5976.864,1568772,524102,402716,299581,228919
5101803,Barra do Garças,MT,Centro-Oeste,61702,8363.149,2578984,247955,408368,1213553,415398
5101852,Bom Jesus do Araguaia,MT,Centro-Oeste,6830,4266.636,769106,574190,17164,88563,52748
5101902,Brasnorte,MT,Centro-Oeste,20571,15968.355,2087054,1399305,107247,321329,153670
5102504,Cáceres,MT,Centro-Oeste,95339,24495.51,2264298,284352,196608,914128,621375
5102603,Campinápolis,MT,Centro-Oeste,16223,5978.985,437258,168172,50162,79609,115618
5102637,Campo Novo do Parecis,MT,Centro-Oeste,36917,9428.586,6910185,3914050,611562,1603395,296085
5102678,Campo Verde,MT,Centro-Oeste,44033,4770.631,4992842,2685845,499107,1148911,316656
5102686,Campos de Júlio,MT,Centro-Oeste,7245,6792.808,3302451,2203536,452791,418802,77463
5102694,Canabrava do Norte,MT,Centro-Oeste,4711,3449.037,267165,184014,10694,26180,34873
5102702,Canarana,MT,Centro-Oeste,22101,10855.181,2931363,1549542,82115,896013,167661
5102793,Carlinda,MT,Centro-Oeste,10094,2421.788,299341,120378,7870,81197,63032
5102850,Castanheira,MT,Centro-Oeste,8782,3713.466,215078,92442,15275,34439,57491
5103007,Chapada dos Guimarães,MT,Centro-Oeste,22521,6603.252,1214478,628407,151429,222123,154141
5103056,Cláudia,MT,Centro-Oeste,12338,3843.561,1068338,574830,195094,160446,84617
5103106,Cocalinho,MT,Centro-Oeste,5716,16563.136,297648,142466,56082,35310,43871
5103205,Colíder,MT,Centro-Oeste,33855,3112.091,1269286,174427,328068,414779,218353
5103254,Colniza,MT,Centro-Oeste,41117,27960.237,849011,169490,200018,171997,241541
5103304,Comodoro,MT,Centro-Oeste,21249,21485.018,1258117,558607,157721,295145,147976
5103353,Confresa,MT,Centro-Oeste,32076,5802.314,1536916,380571,195347,587752,205418
5103361,Conquista D'Oeste,MT,Centro-Oeste,4163,2684.676,143169,61146,3454,31173,35852
5103379,Cotriguaçu,MT,Centro-Oeste,20717,9469.957,324391,91200,42461,46902,123388
5103403,Cuiabá,MT,Centro-Oeste,623614,4327.448,29743722,41675,4673683,15660070,4405104
5103437,Curvelândia,MT,Centro-Oeste,5267,357.128,123824,52758,8338,20245,34212
5103452,Denise,MT,Centro-Oeste,9626,1273.178,529572,394638,12265,46490,61649
5103502,Diamantino,MT,Centro-Oeste,22311,8263.397,5746756,4006059,328695,944443,180517
5103601,Dom Aquino,MT,Centro-Oeste,8087,2183.603,673289,495489,24296,70314,56515
5103700,Feliz Natal,MT,Centro-Oeste,14847,11661.514,1044834,667703,64120,158019,99402
5103809,Figueirópolis D'Oeste,MT,Centro-Oeste,3411,891.448,83603,32737,5799,13336,26606
5103858,Gaúcha do Norte,MT,Centro-Oeste,7913,16908.375,1290850,970655,29120,166012,65705
5103908,General Carneiro,MT,Centro-Oeste,5726,4514.917,481705,365513,12233,44376,41261
5103957,Glória D'Oeste,MT,Centro-Oeste,2990,833.13,89215,44368,3678,13607,22603
5104104,Guarantã do Norte,MT,Centro-Oeste,36439,4725.281,1099092,153431,151232,426165,237399
5104203,Guiratinga,MT,Centro-Oeste,15740,5043.899,727107,485423,20504,91775,101934
5104500,Indiavaí,MT,Centro-Oeste,2806,592.495,103576,21529,45529,8671,24788
5104526,Ipiranga do Norte,MT,Centro-Oeste,8182,3422.016,1924821,1367636,42407,346303,68500
5104542,Itanhangá,MT,Centro-Oeste,7030,2909.745,721420,512063,17815,102870,52401
5104559,Itaúba,MT,Centro-Oeste,3609,4521.79,418990,263415,41839,56835,34888
5104609,Itiquira,MT,Centro-Oeste,13727,8698.814,2144680,1265968,404165,258685,120601
5104807,Jaciara,MT,Centro-Oeste,27696,2429.678,1197725,381273,176336,336354,196914
5104906,Jangada,MT,Centro-Oeste,8420,1114.302,188752,61526,8282,47602,54902
5105002,Jauru,MT,Centro-Oeste,8377,1345.411,348767,47838,169612,53081,62278
5105101,Juara,MT,Centro-Oeste,35275,22632.713,1365473,431733,147653,419165,237288
5105150,Juína,MT,Centro-Oeste,41190,26397.173,1332790,250712,100749,542418,270626
5105176,Juruena,MT,Centro-Oeste,16811,3207.837,297859,52326,45673,70980,102136
5105200,Juscimeira,MT,Centro-Oeste,11124,2291.307,528595,250163,89158,76345,83728
5105234,Lambari D'Oeste,MT,Centro-Oeste,6246,1810.547,244948,121377,42855,26342,43741
5105259,Lucas do Rio Verde,MT,Centro-Oeste,69671,3674.596,6891172,1953082,1486385,2264709,507012
5105309,Luciara,MT,Centro-Oeste,2036,4282.733,41158,12064,1037,7675,18115
5105507,Vila Bela da Santíssima Trindade,MT,Centro-Oeste,16412,13484.71,639027,381367,14853,85716,121429
5105580,Marcelândia,MT,Centro-Oeste,10107,12285.486,674525,385462,42609,131364,72053
5105606,Matupá,MT,Centro-Oeste,17017,5228.272,1282800,280820,149367,562856,123366
5105622,Mirassol d'Oeste,MT,Centro-Oeste,28135,1085.486,835566,114806,134638,291078,186152
5105903,Nobres,MT,Centro-Oeste,15332,3908.739,1114842,215544,525084,179905,105133
5106000,Nortelândia,MT,Centro-Oeste,5858,1336.754,325635,226505,13100,31674,40309
5106109,Nossa Senhora do Livramento,MT,Centro-Oeste,13093,5537.413,387788,69051,107499,86627,87606
5106158,Nova Bandeirantes,MT,Centro-Oeste,16052,9556.661,343302,117579,26635,63981,108766
5106174,Nova Nazaré,MT,Centro-Oeste,4013,4034.539,140562,82846,3220,12735,34845
5106182,Nova Lacerda,MT,Centro-Oeste,6861,4780.426,445568,208742,115588,45940,51332
5106190,Nova Santa Helena,MT,Centro-Oeste,3755,2385.611,333226,176509,8739,88491,32464
5106208,Nova Brasilândia,MT,Centro-Oeste,3656,3290.032,109110,51809,4054,16889,29218
5106216,Nova Canaã do Norte,MT,Centro-Oeste,12876,5953.099,909101,339667,336203,104782,88009
5106224,Nova Mutum,MT,Centro-Oeste,48222,9536.814,6036492,2572710,996679,1580127,360404
5106232,Nova Olímpia,MT,Centro-Oeste,20820,1327.266,732047,183303,226127,131534,132988
5106240,Nova Ubiratã,MT,Centro-Oeste,12492,12460.736,3270100,2465115,91086,454585,104701
5106257,Nova Xavantina,MT,Centro-Oeste,21695,5491.972,1033180,336268,214315,254059,147033
5106265,Novo Mundo,MT,Centro-Oeste,9545,5800.759,486222,300696,9695,78784,70321
5106273,Novo Horizonte do Norte,MT,Centro-Oeste,4069,920.048,101476,48013,2854,15373,29706
5106281,Novo São Joaquim,MT,Centro-Oeste,4837,5225.595,862983,676017,22099,81493,47981
5106299,Paranaíta,MT,Centro-Oeste,11291,4814.149,796134,164183,423540,83441,92704
5106307,Paranatinga,MT,Centro-Oeste,23250,24166.632,2135755,1364451,136219,335700,181885
5106315,Novo Santo Antônio,MT,Centro-Oeste,2769,4394.78,56622,18120,1397,8451,25978
5106372,Pedra Preta,MT,Centro-Oeste,17547,3841.672,1575720,882230,275604,207284,129215
5106422,Peixoto de Azevedo,MT,Centro-Oeste,35695,14433.775,918432,236598,96539,264958,236860
5106455,Planalto da Serra,MT,Centro-Oeste,2637,2437.59,231865,168182,10574,19567,26002
5106505,Poconé,MT,Centro-Oeste,33386,17156.759,709415,123051,58186,245860,212519
5106653,Pontal do Araguaia,MT,Centro-Oeste,6972,2742.482,123203,45650,5127,21770,44274
5106703,Ponte Branca,MT,Centro-Oeste,1525,701.138,31217,6083,881,6954,15343
5106752,Pontes e Lacerda,MT,Centro-Oeste,46105,8545.292,2436063,286490,768925,811091,290737
5106778,Porto Alegre do Norte,MT,Centro-Oeste,12849,3971.721,568644,280276,60950,107555,86786
5106802,Porto dos Gaúchos,MT,Centro-Oeste,5344,6846.668,1318753,1050260,32985,134047,48416
5106828,Porto Esperidião,MT,Centro-Oeste,12176,5835.278,308567,110153,44632,50781,83090
5106851,Porto Estrela,MT,Centro-Oeste,2794,2045.467,83532,36153,7489,9956,26156
5107008,Poxoréu,MT,Centro-Oeste,15936,6915.298,1077680,725270,83754,113984,108759
5107040,Primavera do Leste,MT,Centro-Oeste,63876,5470.383,6964815,2198721,851689,2655163,495095
5107065,Querência,MT,Centro-Oeste,18386,17799.989,4259261,2209267,221938,1319710,168015
5107107,São José dos Quatro Marcos,MT,Centro-Oeste,18788,1282.763,448462,87546,34778,160829,118594
5107156,Reserva do Cabaçal,MT,Centro-Oeste,2754,1331.677,47446,13911,992,7764,22237
5107180,Ribeirão Cascalheira,MT,Centro-Oeste,10450,11354.555,756776,491685,20432,121579,74444
5107198,Ribeirãozinho,MT,Centro-Oeste,2439,624.997,188968,133760,5588,19811,21620
5107206,Rio Branco,MT,Centro-Oeste,5147,539.287,107188,16442,14185,31128,36077
5107248,Santa Carmem,MT,Centro-Oeste,4600,3812.09,1032285,657556,30498,239203,40129
5107263,Santo Afonso,MT,Centro-Oeste,3164,1166.382,161534,110427,3346,13649,28462
5107297,São José do Povo,MT,Centro-Oeste,4102,489.737,58942,18622,1659,7022,29166
5107305,São José do Rio Claro,MT,Centro-Oeste,21351,4525.304,1465536,865854,150782,231391,140333
5107354,São José do Xingu,MT,Centro-Oeste,5646,7465.563,934646,710340,18727,117695,48286
5107404,São Pedro da Cipa,MT,Centro-Oeste,4823,344.33,69263,15919,2123,13084,34383
5107578,Rondolândia,MT,Centro-Oeste,4069,12658.341,114345,55095,7291,11531,35722
5107602,Rondonópolis,MT,Centro-Oeste,239613,4824.02,17294386,591965,4177515,8137399,1703554
5107701,Rosário Oeste,MT,Centro-Oeste,16999,7339.443,534979,193392,63758,112064,122834
5107743,Santa Cruz do Xingu,MT,Centro-Oeste,2700,5623.39,320546,233384,6115,41255,25505
5107750,Salto do Céu,MT,Centro-Oeste,3226,1753.378,94294,47604,2923,11877,27573
5107768,Santa Rita do Trivelato,MT,Centro-Oeste,3602,4747.042,1236019,985892,25158,138703,38653
5107776,Santa Terezinha,MT,Centro-Oeste,8547,6466.223,300549,196457,6345,26562,59588
5107792,Santo Antônio do Leste,MT,Centro-Oeste,5459,3403.593,1019938,852008,21976,68955,44010
5107800,Santo Antônio de Leverger,MT,Centro-Oeste,17188,9469.139,820042,510804,56654,93425,123866
5107859,São Félix do Araguaia,MT,Centro-Oeste,11934,16682.473,1622830,1054201,32646,348940,97587
5107875,Sapezal,MT,Centro-Oeste,27485,13614.552,6978522,5004239,354855,1047191,224632
5107883,Serra Nova Dourada,MT,Centro-Oeste,1705,1490.793,75359,44730,1395,7593,18904
5107909,Sinop,MT,Centro-Oeste,148960,3990.87,9623193,998734,1687806,4579648,1014002
5107925,Sorriso,MT,Centro-Oeste,94941,9293.629,12522102,4271404,1690561,4601812,689453
5107941,Tabaporã,MT,Centro-Oeste,9357,8439.05,1319770,1044250,32693,119646,71488
5107958,Tangará da Serra,MT,Centro-Oeste,107631,11636.825,5584812,1448813,735972,2044464,711775
5108006,Tapurah,MT,Centro-Oeste,14380,4492.539,2007623,1400411,53348,340459,103032
5108055,Terra Nova do Norte,MT,Centro-Oeste,9284,2399.736,502243,241201,30997,117292,73497
5108105,Tesouro,MT,Centro-Oeste,3761,4244.073,312770,249418,6585,23218,24028
5108204,Torixoréu,MT,Centro-Oeste,3487,2398.383,211334,131665,9362,33138,28287
5108303,União do Sul,MT,Centro-Oeste,3455,4590.628,504202,394220,14030,45265,29990
5108352,Vale de São Domingos,MT,Centro-Oeste,3124,1901.545,77128,32076,1417,11496,26994
5108402,Várzea Grande,MT,Centro-Oeste,290383,724.279,9916032,82367,1955766,4626025,1809845
5108501,Vera,MT,Centro-Oeste,11731,3058.364,1291884,935631,49843,159865,78839
5108600,Vila Rica,MT,Centro-Oeste,26946,7436.383,879112,394344,25646,226562,163088
5108808,Nova Guarita,MT,Centro-Oeste,4407,1121.928,167410,94213,5495,25115,34150
5108857,Nova Marilândia,MT,Centro-Oeste,3332,1905.744,422820,63057,220418,67703,31425
5108907,Nova Maringá,MT,Centro-Oeste,9056,11553.479,1204704,932442,30039,126766,66947
5108956,Nova Monte Verde,MT,Centro-Oeste,9375,5139.307,367193,106212,69469,96511,64093
5200050,Abadia de Goiás,GO,Centro-Oeste,9158,143.357,353748,14325,79644,155678,60678
5200100,Abadiânia,GO,Centro-Oeste,20873,1044.555,445369,81208,56946,168161,93489
5200134,Acreúna,GO,Centro-Oeste,22710,1566.742,1051903,480043,71132,310693,116135
5200159,Adelândia,GO,Centro-Oeste,2515,115.385,48810,11914,3546,12209,18976
5200175,Água Fria de Goiás,GO,Centro-Oeste,5843,2023.636,533256,389836,20266,70533,33486
5200209,Água Limpa,GO,Centro-Oeste,1809,458.836,63867,25090,2355,14060,19321
5200258,Águas Lindas de Goiás,GO,Centro-Oeste,222850,191.817,2463488,6072,186286,1132538,901917
5200308,Alexânia,GO,Centro-Oeste,28360,846.876,1128156,105083,251302,460093,155999
5200506,Aloândia,GO,Centro-Oeste,1976,102.094,63743,25349,2284,16604,15747
5200555,Alto Horizonte,GO,Centro-Oeste,6796,500.342,1280308,22507,859700,224657,79589
5200605,Alto Paraíso de Goiás,GO,Centro-Oeste,7751,2594.998,297039,97359,16671,114355,42900
5200803,Alvorada do Norte,GO,Centro-Oeste,8749,1268.347,173153,35089,13428,66611,46927
5200829,Amaralina,GO,Centro-Oeste,3875,1343.742,109093,68022,2297,12870,22760
5200852,Americano do Brasil,GO,Centro-Oeste,6220,133.834,91419,19265,6683,23793,32062
5200902,Amorinópolis,GO,Centro-Oeste,3011,406.93,118920,69835,3714,20331,20814
5201108,Anápolis,GO,Centro-Oeste,396526,935.672,17789474,161293,4987783,7616894,2012007
5201207,Anhanguera,GO,Centro-Oeste,1171,55.569,21702,2271,966,6630,10637
5201306,Anicuns,GO,Centro-Oeste,22113,976.038,512612,99063,104993,162532,105536
5201405,Aparecida de Goiânia,GO,Centro-Oeste,601844,279.954,16981188,19867,3572576,8176960,2641853
5201454,Aparecida do Rio Doce,GO,Centro-Oeste,2474,603.254,110094,57934,3768,20141,22908
5201504,Aporé,GO,Centro-Oeste,4266,2899.237,395754,147836,121354,64606,40635
5201603,Araçu,GO,Centro-Oeste,3450,149.776,73510,24834,6279,18263,20309
5201702,Aragarças,GO,Centro-Oeste,20410,661.677,277756,13454,16941,128218,93219
5201801,Aragoiânia,GO,Centro-Oeste,10680,218.125,174344,27201,19461,61081,51896
5202155,Araguapaz,GO,Centro-Oeste,7795,2188.1,180146,77950,5884,45919,39325
5202353,Arenópolis,GO,Centro-Oeste,2462,1075.535,222600,95196,74065,25638,21457
5202502,Aruanã,GO,Centro-Oeste,10340,3054.773,291985,131988,14177,78811,47505
5202601,Aurilândia,GO,Centro-Oeste,3000,565.514,81585,27653,10984,20253,17379
5202809,Avelinópolis,GO,Centro-Oeste,2401,170.228,68067,25738,5632,14157,19523
5203104,Baliza,GO,Centro-Oeste,5418,1780.173,123257,73980,3076,14237,28884
5203203,Barro Alto,GO,Centro-Oeste,11643,1080.268,1573641,45848,1064606,247966,85848
5203302,Bela Vista de Goiás,GO,Centro-Oeste,31004,1274.034,1481064,348945,416513,401186,161036
5203401,Bom Jardim de Goiás,GO,Centro-Oeste,8912,1901.137,257679,108477,7271,81211,40145
5203500,Bom Jesus de Goiás,GO,Centro-Oeste,26069,1405.605,1229697,468019,141206,402036,122512
5203559,Bonfinópolis,GO,Centro-Oeste,10120,121.915,121159,16092,7078,43245,45241
5203575,Bonópolis,GO,Centro-Oeste,4579,1635.319,156648,100676,4054,20673,25983
5203609,Brazabrantes,GO,Centro-Oeste,3812,125.326,93847,19618,25767,20792,20589
5203807,Britânia,GO,Centro-Oeste,5815,1458.459,198125,77031,18870,53149,33699
5203906,Buriti Alegre,GO,Centro-Oeste,9515,901.932,467748,158510,94978,125539,50073
5203939,Buriti de Goiás,GO,Centro-Oeste,2464,202.576,56930,14711,5902,15751,17238
5203962,Buritinópolis,GO,Centro-Oeste,3272,246.075,88916,6817,48900,8917,21186
5204003,Cabeceiras,GO,Centro-Oeste,8098,1126.434,475971,317473,25969,69517,46313
5204102,Cachoeira Alta,GO,Centro-Oeste,12843,1657.226,281720,75368,19680,95113,66742
5204201,Cachoeira de Goiás,GO,Centro-Oeste,1336,424.49,38880,15156,902,8480,12224
5204250,Cachoeira Dourada,GO,Centro-Oeste,7997,528.281,69505,95420,-477324,95657,58522
5204300,Caçu,GO,Centro-Oeste,16525,2254.34,912901,134187,422400,174598,99267
5204409,Caiapônia,GO,Centro-Oeste,19304,8627.961,821715,432944,45810,196185,100780
5204508,Caldas Novas,GO,Centro-Oeste,95183,1608.523,3001268,304224,523720,1386591,548356
5204557,Caldazinha,GO,Centro-Oeste,3900,251.72,84657,23979,4725,24255,24689
5204607,Campestre de Goiás,GO,Centro-Oeste,3662,272.734,72754,25999,3867,16347,23080
5204656,Campinaçu,GO,Centro-Oeste,3628,1978.386,110528,47630,2675,23756,30387
5204706,Campinorte,GO,Centro-Oeste,12880,1064.541,333043,80925,19802,138430,59589
5204805,Campo Alegre de Goiás,GO,Centro-Oeste,7884,2450.111,846766,601035,29171,134817,49614
5204854,Campo Limpo de Goiás,GO,Centro-Oeste,8087,156.113,165123,33731,30821,42972,41185
5204904,Campos Belos,GO,Centro-Oeste,20124,735.126,315342,25554,24250,141671,93029
5204953,Campos Verdes,GO,Centro-Oeste,1526,443.125,56359,17152,2756,19530,13297
5205000,Carmo do Rio Verde,GO,Centro-Oeste,10299,419.821,488110,65913,80474,218762,48906
5205059,Castelândia,GO,Centro-Oeste,3380,299.228,91630,36696,3467,25279,21610
5205109,Catalão,GO,Centro-Oeste,113091,3826.37,9916890,951795,3701563,2773902,631798
5205208,Caturaí,GO,Centro-Oeste,5132,205.065,100787,22114,13181,29648,28663
5205307,Cavalcante,GO,Centro-Oeste,9740,6948.78,383048,22565,238438,47941,62838
5205406,Ceres,GO,Centro-Oeste,22407,213.07,734719,25785,130436,389624,107834
5205455,Cezarina,GO,Centro-Oeste,8794,417.08,385020,68945,157547,66979,43015
5205471,Chapadão do Céu,GO,Centro-Oeste,10797,2184.076,2188780,859977,624395,447795,76653
5205497,Cidade Ocidental,GO,Centro-Oeste,74370,389.984,1006341,56617,140151,380861,355806
5205513,Cocalzinho de Goiás,GO,Centro-Oeste,20771,1785.339,436380,120085,71289,111833,104740
5205521,Colinas do Sul,GO,Centro-Oeste,3339,1707.519,70463,13671,4150,20841,26760
5205703,Córrego do Ouro,GO,Centro-Oeste,2254,458.077,74387,36399,3783,14246,16604
5205802,Corumbá de Goiás,GO,Centro-Oeste,11223,1064.833,260271,103063,27669,62770,54365
5205901,Corumbaíba,GO,Centro-Oeste,10012,1864.277,709290,131904,264264,175413,64419
5206206,Cristalina,GO,Centro-Oeste,61385,6153.921,4602541,2359812,357524,1198552,338480
5206305,Cristianópolis,GO,Centro-Oeste,2962,221.624,120120,56846,6953,28899,20392
5206404,Crixás,GO,Centro-Oeste,17136,4673.039,699386,102033,258407,183375,98042
5206503,Cromínia,GO,Centro-Oeste,3458,364.918,99576,41944,5127,24275,22516
5206602,Cumari,GO,Centro-Oeste,2820,568.365,96880,51542,5690,16922,17052
5206701,Damianópolis,GO,Centro-Oeste,3302,417.625,44989,9056,1460,13272,18405
5206800,Damolândia,GO,Centro-Oeste,2944,86.057,52509,13510,5155,13012,18293
5206909,Davinópolis,GO,Centro-Oeste,2094,482.857,583107,34945,508937,13892,22546
5207105,Diorama,GO,Centro-Oeste,2477,685.382,96859,58354,2420,14007,18926
5207253,Doverlândia,GO,Centro-Oeste,7174,3227.558,400905,249247,11603,76730,46706
5207352,Edealina,GO,Centro-Oeste,3678,598.218,405228,160143,105132,74548,28588
5207402,Edéia,GO,Centro-Oeste,12559,1469.099,923375,292859,276707,212998,76524
5207501,Estrela do Norte,GO,Centro-Oeste,3253,301.139,74811,24612,4728,18858,21490
5207535,Faina,GO,Centro-Oeste,6527,1949.685,167618,82348,4976,34090,37542
5207600,Fazenda Nova,GO,Centro-Oeste,5471,1279.107,152416,62007,11896,42337,28647
5207808,Firminópolis,GO,Centro-Oeste,13604,422.34,272142,103146,12782,81856,60078
5207907,Flores de Goiás,GO,Centro-Oeste,17415,3695.106,250972,121602,6894,34448,77433
5208004,Formosa,GO,Centro-Oeste,125705,5804.292,3248097,246645,550540,1483808,588759
5208103,Formoso,GO,Centro-Oeste,4098,843.42,111687,34893,5313,36404,24829
5208152,Gameleira de Goiás,GO,Centro-Oeste,3923,588.328,312545,226395,10370,39524,27254
5208301,Divinópolis de Goiás,GO,Centro-Oeste,4701,828.874,91720,23008,12664,20844,28268
5208400,Goianápolis,GO,Centro-Oeste,11217,166.642,294420,50289,57852,93630,60448
5208509,Goiandira,GO,Centro-Oeste,5650,569.917,202210,52612,44477,64032,28413
5208608,Goianésia,GO,Centro-Oeste,72045,1547.319,1888440,110520,453001,772297,339379
5208707,Goiânia,GO,Centro-Oeste,1555626,729.296,59870499,77119,8482383,34800495,7800994
5208806,Goianira,GO,Centro-Oeste,46278,213.772,1102805,30259,234856,482661,220238
5208905,Goiás,GO,Centro-Oeste,22122,3108.423,763779,184855,45584,358903,115782
5209101,Goiatuba,GO,Centro-Oeste,34307,2479.591,2169650,660508,429845,639414,253404
5209150,Gouvelândia,GO,Centro-Oeste,6076,827.373,169400,79082,5568,37706,40341
5209200,Guapó,GO,Centro-Oeste,14206,514.178,347725,55742,44458,132189,82523
5209291,Guaraíta,GO,Centro-Oeste,1905,205.533,52186,22364,1870,8887,17267
5209408,Guarani de Goiás,GO,Centro-Oeste,3801,1221.054,86104,26374,12527,16825,24940
5209457,Guarinos,GO,Centro-Oeste,1681,593.188,64356,22792,1619,21517,14125
5209606,Heitoraí,GO,Centro-Oeste,3742,228.615,83890,37701,3221,16764,21789
5209705,Hidrolândia,GO,Centro-Oeste,22533,952.122,1329218,173494,156419,644519,120019
5209804,Hidrolina,GO,Centro-Oeste,3450,583.756,87757,42688,3332,18015,20192
5209903,Iaciara,GO,Centro-Oeste,14215,1547.183,226552,66072,8044,66778,69704
5209937,Inaciolândia,GO,Centro-Oeste,6275,689.201,237550,130636,8689,52946,35638
5209952,Indiara,GO,Centro-Oeste,15962,955.419,656345,253437,108501,167237,79093
5210000,Inhumas,GO,Centro-Oeste,53655,614.887,1406365,205173,252602,550896,264791
5210109,Ipameri,GO,Centro-Oeste,27365,4382.863,2429509,845635,697983,528073,155639
5210158,Ipiranga de Goiás,GO,Centro-Oeste,2892,244.209,69954,30261,3460,13547,19298
5210208,Iporá,GO,Centro-Oeste,31471,1027.249,876399,94745,92074,432734,165769
5210307,Israelândia,GO,Centro-Oeste,2772,579.19,71479,27459,3476,16370,20441
5210406,Itaberaí,GO,Centro-Oeste,44329,1461.916,1805075,416898,371599,599172,216126
5210562,Itaguari,GO,Centro-Oeste,4684,142.652,98151,26088,6822,31364,26747
5210604,Itaguaru,GO,Centro-Oeste,5184,241.029,104100,25263,8087,34847,29500
5210802,Itajá,GO,Centro-Oeste,4412,2082.736,131521,60633,3230,29369,30791
5210901,Itapaci,GO,Centro-Oeste,23850,952.998,547603,78764,119768,189238,110927
5211008,Itapirapuã,GO,Centro-Oeste,4380,2047.874,222293,114879,9333,56666,30112
5211206,Itapuranga,GO,Centro-Oeste,25597,1281.404,553625,124885,37039,221762,125116
5211305,Itarumã,GO,Centro-Oeste,7337,3437.367,324864,139681,59794,64307,44784
5211404,Itauçu,GO,Centro-Oeste,8968,383.066,219256,30610,47402,77907,41133
5211503,Itumbiara,GO,Centro-Oeste,106845,2447.014,5324712,391457,1546835,2118942,585656
5211602,Ivolândia,GO,Centro-Oeste,2295,1260.841,139635,65132,35794,14623,17670
5211701,Jandaia,GO,Centro-Oeste,6001,863.087,426843,184825,106907,74542,38667
5211800,Jaraguá,GO,Centro-Oeste,52160,1848.947,919843,156684,107877,352478,227558
5211909,Jataí,GO,Centro-Oeste,103221,7178.792,7997057,2484525,1518953,2690885,531943
5212006,Jaupaci,GO,Centro-Oeste,2843,528.783,83166,37007,4205,17530,21176
5212055,Jesúpolis,GO,Centro-Oeste,2497,115.211,39675,9137,2046,9172,17300
5212105,Joviânia,GO,Centro-Oeste,7417,446.258,342155,164043,13891,105068,40799
5212204,Jussara,GO,Centro-Oeste,18266,4092.34,693526,226436,45589,269503,89655
5212253,Lagoa Santa,GO,Centro-Oeste,1652,463.289,51870,16875,1900,13731,16208
5212303,Leopoldo de Bulhões,GO,Centro-Oeste,7663,476.137,343236,216804,22748,49783,40153
5212501,Luziânia,GO,Centro-Oeste,214645,3962.107,5400879,689769,1507828,1787115,913219
5212600,Mairipotaba,GO,Centro-Oeste,2358,468.029,88307,51289,3779,13782,16732
5212709,Mambaí,GO,Centro-Oeste,9277,858.27,107552,3838,4490,43088,43240
5212808,Mara Rosa,GO,Centro-Oeste,9234,1695.463,291278,109069,19139,93629,48552
5212907,Marzagão,GO,Centro-Oeste,2263,225.518,68550,16217,2501,24595,19087
5212956,Matrinchã,GO,Centro-Oeste,4321,1150.503,170669,90557,6283,41602,24995
5213004,Maurilândia,GO,Centro-Oeste,14568,389.959,247923,89701,9761,68843,65957
5213053,Mimoso de Goiás,GO,Centro-Oeste,2575,1380.701,247572,185537,9977,27007,20463
5213087,Minaçu,GO,Centro-Oeste,28518,2854.137,1296753,61463,792835,223450,169171
5213103,Mineiros,GO,Centro-Oeste,69477,9042.844,3288959,1029207,441782,1125853,394001
5213400,Moiporá,GO,Centro-Oeste,1471,452.314,53255,24443,1509,10060,15041
5213509,Monte Alegre de Goiás,GO,Centro-Oeste,8759,3119.86,120282,53753,2850,19671,39115
5213707,Montes Claros de Goiás,GO,Centro-Oeste,8037,2900.397,498816,276410,52726,100941,43671
5213756,Montividiu,GO,Centro-Oeste,13935,1869.581,1604454,1097040,73781,287639,82412
5213772,Montividiu do Norte,GO,Centro-Oeste,4538,1337.232,108845,54148,3059,20246,26335
5213806,Morrinhos,GO,Centro-Oeste,46955,2846.299,1857571,513310,307884,620853,234254
5213855,Morro Agudo de Goiás,GO,Centro-Oeste,2217,282.333,54837,20875,1831,11976,17425
5213905,Mossâmedes,GO,Centro-Oeste,4120,684.882,131845,67544,6347,25002,26533
5214002,Mozarlândia,GO,Centro-Oeste,16077,1738.516,1025089,80222,439354,292783,91072
5214051,Mundo Novo,GO,Centro-Oeste,4540,2141.534,180856,85620,5126,46717,30801
5214101,Mutunópolis,GO,Centro-Oeste,3749,955.069,86431,42209,2403,16552,21136
5214408,Nazário,GO,Centro-Oeste,9375,281.147,276931,45541,83517,74645,42561
5214507,Nerópolis,GO,Centro-Oeste,30931,204.713,1021269,43501,310827,378096,151368
5214606,Niquelândia,GO,Centro-Oeste,47064,9846.293,1291841,411950,174749,323793,252947
5214705,Nova América,GO,Centro-Oeste,2362,209.432,48893,15226,1362,11028,18858
5214804,Nova Aurora,GO,Centro-Oeste,2236,307.335,71042,15851,24639,12541,15139
5214838,Nova Crixás,GO,Centro-Oeste,13020,7308.681,628584,357188,14720,143932,80709
5214861,Nova Glória,GO,Centro-Oeste,8063,411.753,141181,44330,6188,42622,39187
5214879,Nova Iguaçu de Goiás,GO,Centro-Oeste,2939,625.625,61477,25308,2200,13135,17959
5214903,Nova Roma,GO,Centro-Oeste,3208,2136.725,66589,30814,5256,10957,16609
5215009,Nova Veneza,GO,Centro-Oeste,10193,122.354,197285,19980,52418,58414,45702
5215207,Novo Brasil,GO,Centro-Oeste,2775,649.349,85247,43599,2709,17486,17579
5215231,Novo Gama,GO,Centro-Oeste,119649,192.285,1154253,6539,86570,478727,487453
5215256,Novo Planalto,GO,Centro-Oeste,4592,1254.491,160467,94003,4505,28399,27574
5215306,Orizona,GO,Centro-Oeste,15834,1971.265,938192,521167,84744,201213,72786
5215405,Ouro Verde de Goiás,GO,Centro-Oeste,3679,208.804,150022,94640,6110,19851,25333
5215504,Ouvidor,GO,Centro-Oeste,6895,411.318,765440,39382,459504,146550,49123
5215603,Padre Bernardo,GO,Centro-Oeste,35011,3142.615,1052238,501946,58680,267687,166627
5215652,Palestina de Goiás,GO,Centro-Oeste,3470,1318.047,173212,113489,4988,23789,24490
5215702,Palmeiras de Goiás,GO,Centro-Oeste,29915,1537.196,1770858,440952,559344,451164,150549
5215801,Palmelo,GO,Centro-Oeste,2382,59.809,55764,18526,2066,14677,18000
5215900,Palminópolis,GO,Centro-Oeste,3578,393.326,220066,98644,7184,66704,24612
5216007,Panamá,GO,Centro-Oeste,2590,432.204,109643,52242,11120,21384,18761
5216304,Paranaiguara,GO,Centro-Oeste,10221,1153.415,236712,87931,7582,64812,61747
5216403,Paraúna,GO,Centro-Oeste,10988,3786.578,1559971,931583,192138,275167,70282
5216452,Perolândia,GO,Centro-Oeste,3156,1033.657,708423,316245,227875,96848,33189
5216809,Petrolina de Goiás,GO,Centro-Oeste,10240,530.49,178796,57808,8219,52782,48221
5216908,Pilar de Goiás,GO,Centro-Oeste,2135,906.048,192761,42466,85952,29342,21182
5217104,Piracanjuba,GO,Centro-Oeste,24543,2374.232,1239086,622058,93035,319956,128070
5217203,Piranhas,GO,Centro-Oeste,10161,2045.088,609418,205014,116706,178260,53222
5217302,Pirenópolis,GO,Centro-Oeste,25218,2200.369,640388,169945,48618,261517,116878
5217401,Pires do Rio,GO,Centro-Oeste,31909,1077.641,1405175,220739,379114,471539,164801
5217609,Planaltina,GO,Centro-Oeste,91345,2558.924,1453270,158670,130538,578794,460922
5217708,Pontalina,GO,Centro-Oeste,17899,1434.289,717261,312620,64000,206432,88983
5218003,Porangatu,GO,Centro-Oeste,45866,4825.287,1430254,257381,243995,565349,223361
5218052,Porteirão,GO,Centro-Oeste,3979,606.262,222488,137164,9326,37779,30748
5218102,Portelândia,GO,Centro-Oeste,4032,553.411,367303,198507,25317,89257,27201
5218300,Posse,GO,Centro-Oeste,37924,2076.99,703663,61721,55074,333638,177809
5218391,Professor Jamil,GO,Centro-Oeste,3211,356.292,72101,24103,4714,18651,20336
5218508,Quirinópolis,GO,Centro-Oeste,51323,3786.026,2147676,443389,583882,678531,239256
5218607,Rialma,GO,Centro-Oeste,10961,268.291,314517,22393,55492,138949,55349
5218706,Rianápolis,GO,Centro-Oeste,4832,157.379,83234,12047,3613,32243,27417
5218789,Rio Quente,GO,Centro-Oeste,4728,244.655,326141,18620,13542,221015,37965
5218805,Rio Verde,GO,Centro-Oeste,247259,8374.255,16307342,3694787,3502686,5845797,1484578
5218904,Rubiataba,GO,Centro-Oeste,20012,750.659,565948,69722,153826,189612,104007
5219001,Sanclerlândia,GO,Centro-Oeste,7630,509.402,217582,40529,32093,85647,41661
5219100,Santa Bárbara de Goiás,GO,Centro-Oeste,6701,140.957,154126,26340,40344,39715,33371
5219209,Santa Cruz de Goiás,GO,Centro-Oeste,2782,1109.007,295258,230531,9118,30773,17857
5219258,Santa Fé de Goiás,GO,Centro-Oeste,5585,1164.186,260186,56125,82490,63128,30814
5219308,Santa Helena de Goiás,GO,Centro-Oeste,38962,1142.337,1621078,536110,182213,543360,214893
5219357,Santa Isabel,GO,Centro-Oeste,3821,812.756,123191,59395,2818,30416,22269
5219407,Santa Rita do Araguaia,GO,Centro-Oeste,9110,1357.197,204972,75633,7640,64795,40466
5219456,Santa Rita do Novo Destino,GO,Centro-Oeste,3367,970.448,110073,59467,3054,19745,22021
5219506,Santa Rosa de Goiás,GO,Centro-Oeste,2200,166.44,68318,28116,3895,16325,16024
5219605,Santa Tereza de Goiás,GO,Centro-Oeste,3207,789.544,87583,36264,2572,20684,23646
5219704,Santa Terezinha de Goiás,GO,Centro-Oeste,8386,1206.6,190867,44728,6118,78474,47409
5219712,Santo Antônio da Barra,GO,Centro-Oeste,4886,450.336,321015,107552,99555,46516,31797
5219738,Santo Antônio de Goiás,GO,Centro-Oeste,6593,135.022,154853,14016,38956,51739,34349
5219753,Santo Antônio do Descoberto,GO,Centro-Oeste,76871,943.948,825809,35623,56207,311021,363160
5219803,São Domingos,GO,Centro-Oeste,13305,3335.999,206273,67576,31191,40167,59387
5219902,São Francisco de Goiás,GO,Centro-Oeste,6265,416.535,130603,46613,6284,35808,33081
5220009,São João d'Aliança,GO,Centro-Oeste,14423,3334.455,570027,336038,23537,111931,70294
5220058,São João da Paraúna,GO,Centro-Oeste,1312,286.979,139629,96548,4952,20341,13581
5220108,São Luís de Montes Belos,GO,Centro-Oeste,34488,829.62,1486992,104700,561059,527121,164547
5220157,São Luiz do Norte,GO,Centro-Oeste,5263,583.832,137418,54978,5035,35339,31741
5220207,São Miguel do Araguaia,GO,Centro-Oeste,21849,6150.179,691659,211899,35067,263164,125429
5220264,São Miguel do Passa Quatro,GO,Centro-Oeste,4105,537.347,316743,226481,11552,42867,26703
5220280,São Patrício,GO,Centro-Oeste,2040,172.763,53464,21964,2686,10744,16035
5220405,São Simão,GO,Centro-Oeste,21318,415.015,1432951,33148,876628,282493,145281
5220454,Senador Canedo,GO,Centro-Oeste,121447,247.005,4765630,22250,1435527,1710397,740139
5220504,Serranópolis,GO,Centro-Oeste,8737,5521.774,652613,332119,108447,129402,51849
5220603,Silvânia,GO,Centro-Oeste,20938,2349.924,1315612,737135,61973,330877,107400
5220686,Simolândia,GO,Centro-Oeste,6895,346.811,173337,15017,34733,67791,34215
5220702,Sítio d'Abadia,GO,Centro-Oeste,3040,1611.851,75928,44303,2299,9872,16924
5221007,Taquaral de Goiás,GO,Centro-Oeste,3506,205.665,89317,27217,12343,22225,22461
5221080,Teresina de Goiás,GO,Centro-Oeste,3538,784.793,39136,3515,1405,11648,20243
5221197,Terezópolis de Goiás,GO,Centro-Oeste,8326,107.407,211092,10509,65150,70072,42034
5221304,Três Ranchos,GO,Centro-Oeste,2830,284.034,63881,11576,3018,23569,22234
5221403,Trindade,GO,Centro-Oeste,132006,712.69,2666874,67223,656027,1017835,571698
5221452,Trombas,GO,Centro-Oeste,3497,802.905,70143,26997,1370,14932,23545
5221502,Turvânia,GO,Centro-Oeste,4526,482.317,204402,127992,7685,34627,26521
5221551,Turvelândia,GO,Centro-Oeste,5447,935.659,566499,237214,156136,79942,42797
5221577,Uirapuru,GO,Centro-Oeste,2829,1154.305,77435,35906,1841,15920,19945
5221601,Uruaçu,GO,Centro-Oeste,41150,2142.484,1299993,211574,216463,537537,204517
5221700,Uruana,GO,Centro-Oeste,13795,522.904,294394,83983,19875,102695,67222
5221809,Urutaí,GO,Centro-Oeste,3056,623.821,164818,113648,5287,20006,20063
5221858,Valparaíso de Goiás,GO,Centro-Oeste,175720,61.488,2964938,1014,319480,1508229,823064
5221908,Varjão,GO,Centro-Oeste,3848,517.402,105105,55363,2725,18404,23526
5222005,Vianópolis,GO,Centro-Oeste,14088,954.115,858016,415875,43895,256430,75760
5222054,Vicentinópolis,GO,Centro-Oeste,9002,733.794,480210,194667,87666,113322,52655
5222203,Vila Boa,GO,Centro-Oeste,6451,1052.593,179924,58414,30276,40310,36731
5222302,Vila Propício,GO,Centro-Oeste,5941,2181.593,308035,157949,57342,46729,33150
5300108,Brasília,DF,Centro-Oeste,3094325,5760.784,286943782,2286948,10235490,127696742,116809198
